ordering,Authors,Title,Journal/Book,Year,PMID/ISBN,Cell Identifier,Parameter,Parameter_ID,Name of file containing figure,FTQ_ID,Figure/Table,Quote reference id,Interpretation notes figures
157,"Ali AB, Thomson AM",Facilitating pyramid to horizontal oriens-alveus interneurone inputs: dual intracellular recordings in slices of rat hippocampus,Journal of Physiology,1998,9490837,4089,NASP,56,Ali-Thomson-1998-185-JPhysiol-Fig2Abot-Cell4089-NASP.jpeg,10205,fp_figure,408956083710205,
156,"Ali AB, Thomson AM",Facilitating pyramid to horizontal oriens-alveus interneurone inputs: dual intracellular recordings in slices of rat hippocampus,Journal of Physiology,1998,9490837,4089,ASP.,65,Ali-Thomson-1998-185-JPhysiol-Fig2A-Cell4089-ASP..jpeg,10201,fp_figure,408965083710201,
158,"Ali AB, Thomson AM",Facilitating pyramid to horizontal oriens-alveus interneurone inputs: dual intracellular recordings in slices of rat hippocampus,Journal of Physiology,1998,9490837,4089,ASP.,65,Ali-Thomson-1998-185-JPhysiol-Fig2Atop-Cell4089-ASP..jpeg,10206,fp_figure,408965083710206,
25,"Armstrong C, Szabadics J, TamÃÂ s G, Soltesz I",Neurogliaform cells in the molecular layer of the dentate gyrus as feed-forward _-aminobutyric acidergic modulators of entorhinal-hippocampal interplay,Journal of Comparative Neurology,2011,21452204,1007,D.NASP,57,Armstrong-Soltesz-2011-1476-JCompNeurol-Fig3A-Cell1007-D.NASP.jpeg,10301,fp_figure,100757220410301,
26,"Armstrong C, Szabadics J, TamÃÂ s G, Soltesz I",Neurogliaform cells in the molecular layer of the dentate gyrus as feed-forward _-aminobutyric acidergic modulators of entorhinal-hippocampal interplay,Journal of Comparative Neurology,2011,21452204,1008,D.NASP,57,Armstrong-Soltesz-2011-1476-JCompNeurol-Fig3A-Cell1008-D.NASP.jpeg,10301,fp_figure,100857220410301,
59,"Ascoli GA, Brown KM, Calixto E, Card JP, GalvÃÂ n EJ, Perez-Rosello T, Barrionuevo G",Quantitative morphometry of electrophysiologically identified CA3b interneurons reveals robust local geometry and distinct cell classes,Journal of Comparative Neurology,2009,19496174,2005,D.RASP.NASP,76,Ascoli-Barrionuevo-2009-677-JCompNeurol-Fig1A-Cell2005-D.FASP.NASP.jpeg,10101,fp_figure,200576617410101,
60,"Ascoli GA, Brown KM, Calixto E, Card JP, GalvÃÂ n EJ, Perez-Rosello T, Barrionuevo G",Quantitative morphometry of electrophysiologically identified CA3b interneurons reveals robust local geometry and distinct cell classes,Journal of Comparative Neurology,2009,19496174,2005,PSTUT,62,Ascoli-Barrionuevo-2009-677-JCompNeurol-Fig1B-Cell2005-PSTUT.jpeg,10102,fp_figure,200562617410102,
43,"Bilkey DK, Schwartzkroin PA",Variation in electrophysiology and morphology of hippocampal CA3 pyramidal cells,Brain Research,1990,2357533,2000,PSWB,77,Bilkey-Schwartzkroin-1990-77-BrainRes-Fig1a-Cell2000-PSWB.jpeg,10101,fp_figure,200077753310101,
44,"Bilkey DK, Schwartzkroin PA",Variation in electrophysiology and morphology of hippocampal CA3 pyramidal cells,Brain Research,1990,2357533,2000,TSTUT.,69,Bilkey-Schwartzkroin-1990-77-BrainRes-Fig1b-Cell2000-TSTUT..jpeg,10102,fp_figure,200069753310102,
56,"Bilkey DK, Schwartzkroin PA",Variation in electrophysiology and morphology of hippocampal CA3 pyramidal cells,Brain Research,1990,2357533,2004,TSWB.SLN,55,Bilkey-Schwartzkroin-1990-77-BrainRes-Fig4-Cell2004-TSWB.SLN.jpeg,10400,fp_figure,200455753310400,
57,"Buckmaster PS, Strowbridge BW, Schwartzkroin PA",A comparison of rat hippocampal mossy cells and CA3c pyramidal cells,Journal of Neurophysiology,1993,8283200,2004,TSWB.SLN,55,Buckmaster-Schwartzkroin-1993-1281-JNeurophysiol-Fig7D-Cell2004-TSWB.SLN.jpeg,10704,fp_figure,200455320010704,
58,"Buckmaster PS, Strowbridge BW, Schwartzkroin PA",A comparison of rat hippocampal mossy cells and CA3c pyramidal cells,Journal of Neurophysiology,1993,8283200,2004,TSWB.SLN,55,Buckmaster-Schwartzkroin-1993-1281-JNeurophysiol-Fig8-Cell2004-TSWB.SLN.jpeg,10800,fp_figure,200455320010800,
32,"Buhl EH, Han ZS, LÃÂrinczi Z, Stezhka VV, Karnup SV, Somogyi P",Physiological properties of anatomically identified axo-axonic cells in the rat hippocampus,Journal of Neurophysiology,1994,8035215,1010,RASP.NASP,75,Buhl-Somogyi-1994-1289-JNeurophys-Fig5A-Cell1010-FASP.NASP.jpeg,10501,fp_figure,101075521510501,
33,"Buhl EH, Han ZS, LÃÂrinczi Z, Stezhka VV, Karnup SV, Somogyi P",Physiological properties of anatomically identified axo-axonic cells in the rat hippocampus,Journal of Neurophysiology,1994,8035215,1010,NASP,56,Buhl-Somogyi-1994-1289-JNeurophys-Fig5B-Cell1010-NASP.jpeg,10502,fp_figure,101056521510502,
34,"Buhl EH, Han ZS, LÃÂrinczi Z, Stezhka VV, Karnup SV, Somogyi P",Physiological properties of anatomically identified axo-axonic cells in the rat hippocampus,Journal of Neurophysiology,1994,8035215,1010,NASP,56,Buhl-Somogyi-1994-1289-JNeurophys-Fig5C-Cell1010-NASP.jpeg,10503,fp_figure,101056521510503,
119,"Buhl EH, Han ZS, LÃÂrinczi Z, Stezhka VV, Karnup SV, Somogyi P",Physiological properties of anatomically identified axo-axonic cells in the rat hippocampus,Journal of Neurophysiology,1994,8035215,4036,D.TSWB.NASP,61,Buhl-Somogyi-1994-1289-JNeurophys-Fig5D-Cell4036-D.TSWB.NASP.jpeg,10504,fp_figure,403661521510504,
120,"Buhl EH, Han ZS, LÃÂrinczi Z, Stezhka VV, Karnup SV, Somogyi P",Physiological properties of anatomically identified axo-axonic cells in the rat hippocampus,Journal of Neurophysiology,1994,8035215,4036,ASP.,65,Buhl-Somogyi-1994-1289-JNeurophys-Fig5E-Cell4036-ASP..jpeg,10505,fp_figure,403665521510505,
121,"Buhl EH, Han ZS, LÃÂrinczi Z, Stezhka VV, Karnup SV, Somogyi P",Physiological properties of anatomically identified axo-axonic cells in the rat hippocampus,Journal of Neurophysiology,1994,8035215,4036,ASP.,65,Buhl-Somogyi-1994-1289-JNeurophys-Fig5F-Cell4036-ASP..jpeg,10506,fp_figure,403665521510506,
127,"Bullis JB, Jones TD, Poolos NP",Reversed somatodendritic I(h) gradient in a class of rat hippocampal neurons with pyramidal morphology,Journal of Physiology,2007,17185334,4054,RASP.SLN,74,Bullis-Poolos-2007-431-JPhysiol-Fig5A-Cell4054-FASP.SLN.jpeg,10501,fp_figure,405474533410501,
128,"Bullis JB, Jones TD, Poolos NP",Reversed somatodendritic I(h) gradient in a class of rat hippocampal neurons with pyramidal morphology,Journal of Physiology,2007,17185334,4054,NASP,56,Bullis-Poolos-2007-431-JPhysiol-Fig5B-Cell4054-NASP.jpeg,10502,fp_figure,405456533410502,
217,"Canto CB, Witter MP",Cellular properties of principal neurons in the rat entorhinal cortex. I. The lateral entorhinal cortex,Hippocampus,2012,22162008,6078,ASP.,65,Canto-Witter-2012-1256-Hippocampus-Fig10C2-Cell6078-ASP..jpeg,11003,fp_figure,607865200811003,
226,"Canto CB, Witter MP",Cellular properties of principal neurons in the rat entorhinal cortex. I. The lateral entorhinal cortex,Hippocampus,2012,22162008,6086,ASP.,65,Canto-Witter-2012-1256-Hippocampus-Fig10C2-Cell6086-ASP..jpeg,11003,fp_figure,608665200811003,
168,"Canto CB, Witter MP",Cellular properties of principal neurons in the rat entorhinal cortex. I. The lateral entorhinal cortex,Hippocampus,2012,22162008,6005,NASP,56,Canto-Witter-2012-1256-Hippocampus-Fig2C1-Cell6005-NASP.jpeg,10203,fp_figure,600556200810203,
169,"Canto CB, Witter MP",Cellular properties of principal neurons in the rat entorhinal cortex. I. The lateral entorhinal cortex,Hippocampus,2012,22162008,6005,ASP.,65,Canto-Witter-2012-1256-Hippocampus-Fig2C2-Cell6005-ASP..jpeg,10204,fp_figure,600565200810204,
170,"Canto CB, Witter MP",Cellular properties of principal neurons in the rat entorhinal cortex. I. The lateral entorhinal cortex,Hippocampus,2012,22162008,6005,ASP.,65,Canto-Witter-2012-1256-Hippocampus-Fig2C6-Cell6005-ASP..jpeg,10205,fp_figure,600565200810205,
174,"Canto CB, Witter MP",Cellular properties of principal neurons in the rat entorhinal cortex. I. The lateral entorhinal cortex,Hippocampus,2012,22162008,6008,NASP,56,Canto-Witter-2012-1256-Hippocampus-Fig7C1-Cell6008-NASP.jpeg,10703,fp_figure,600856200810703,
218,"Canto CB, Witter MP",Cellular properties of principal neurons in the rat entorhinal cortex. I. The lateral entorhinal cortex,Hippocampus,2012,22162008,6082,NASP,56,Canto-Witter-2012-1256-Hippocampus-Fig7C1-Cell6082-NASP.jpeg,10703,fp_figure,608256200810703,
231,"Canto CB, Witter MP",Cellular properties of principal neurons in the rat entorhinal cortex. I. The lateral entorhinal cortex,Hippocampus,2012,22162008,6094,NASP,56,Canto-Witter-2012-1256-Hippocampus-Fig7C1-Cell6094-NASP.jpeg,10703,fp_figure,609456200810703,
175,"Canto CB, Witter MP",Cellular properties of principal neurons in the rat entorhinal cortex. I. The lateral entorhinal cortex,Hippocampus,2012,22162008,6008,ASP.,65,Canto-Witter-2012-1256-Hippocampus-Fig7C2-Cell6008-ASP..jpeg,10704,fp_figure,600865200810704,
219,"Canto CB, Witter MP",Cellular properties of principal neurons in the rat entorhinal cortex. I. The lateral entorhinal cortex,Hippocampus,2012,22162008,6082,ASP.,65,Canto-Witter-2012-1256-Hippocampus-Fig7C2-Cell6082-ASP..jpeg,10704,fp_figure,608265200810704,
232,"Canto CB, Witter MP",Cellular properties of principal neurons in the rat entorhinal cortex. I. The lateral entorhinal cortex,Hippocampus,2012,22162008,6094,ASP.,65,Canto-Witter-2012-1256-Hippocampus-Fig7C2-Cell6094-ASP..jpeg,10704,fp_figure,609465200810704,
176,"Canto CB, Witter MP",Cellular properties of principal neurons in the rat entorhinal cortex. I. The lateral entorhinal cortex,Hippocampus,2012,22162008,6008,RASP.,79,Canto-Witter-2012-1256-Hippocampus-Fig7C4-Cell6008-FASP..jpeg,10705,fp_figure,600879200810705,
220,"Canto CB, Witter MP",Cellular properties of principal neurons in the rat entorhinal cortex. I. The lateral entorhinal cortex,Hippocampus,2012,22162008,6082,RASP.,79,Canto-Witter-2012-1256-Hippocampus-Fig7C4-Cell6082-FASP..jpeg,10705,fp_figure,608279200810705,
233,"Canto CB, Witter MP",Cellular properties of principal neurons in the rat entorhinal cortex. I. The lateral entorhinal cortex,Hippocampus,2012,22162008,6094,RASP.,79,Canto-Witter-2012-1256-Hippocampus-Fig7C4-Cell6094-FASP..jpeg,10705,fp_figure,609479200810705,
177,"Canto CB, Witter MP",Cellular properties of principal neurons in the rat entorhinal cortex. I. The lateral entorhinal cortex,Hippocampus,2012,22162008,6008,ASP.,65,Canto-Witter-2012-1256-Hippocampus-Fig7C5-Cell6008-ASP..jpeg,10706,fp_figure,600865200810706,
221,"Canto CB, Witter MP",Cellular properties of principal neurons in the rat entorhinal cortex. I. The lateral entorhinal cortex,Hippocampus,2012,22162008,6082,ASP.,65,Canto-Witter-2012-1256-Hippocampus-Fig7C5-Cell6082-ASP..jpeg,10706,fp_figure,608265200810706,
234,"Canto CB, Witter MP",Cellular properties of principal neurons in the rat entorhinal cortex. I. The lateral entorhinal cortex,Hippocampus,2012,22162008,6094,ASP.,65,Canto-Witter-2012-1256-Hippocampus-Fig7C5-Cell6094-ASP..jpeg,10706,fp_figure,609465200810706,
171,"Canto CB, Witter MP",Cellular properties of principal neurons in the rat entorhinal cortex. I. The lateral entorhinal cortex,Hippocampus,2012,22162008,6007,NASP,56,Canto-Witter-2012-1256-Hippocampus-Fig8C1-Cell6007-NASP.jpeg,10803,fp_figure,600756200810803,
201,"Canto CB, Witter MP",Cellular properties of principal neurons in the rat entorhinal cortex. I. The lateral entorhinal cortex,Hippocampus,2012,22162008,6025,NASP,56,Canto-Witter-2012-1256-Hippocampus-Fig8C1-Cell6025-NASP.jpeg,10803,fp_figure,602556200810803,
228,"Canto CB, Witter MP",Cellular properties of principal neurons in the rat entorhinal cortex. I. The lateral entorhinal cortex,Hippocampus,2012,22162008,6092,NASP,56,Canto-Witter-2012-1256-Hippocampus-Fig8C1-Cell6092-NASP.jpeg,10803,fp_figure,609256200810803,
172,"Canto CB, Witter MP",Cellular properties of principal neurons in the rat entorhinal cortex. I. The lateral entorhinal cortex,Hippocampus,2012,22162008,6007,ASP.,65,Canto-Witter-2012-1256-Hippocampus-Fig8C2-Cell6007-ASP..jpeg,10804,fp_figure,600765200810804,
202,"Canto CB, Witter MP",Cellular properties of principal neurons in the rat entorhinal cortex. I. The lateral entorhinal cortex,Hippocampus,2012,22162008,6025,ASP.,65,Canto-Witter-2012-1256-Hippocampus-Fig8C2-Cell6025-ASP..jpeg,10804,fp_figure,602565200810804,
229,"Canto CB, Witter MP",Cellular properties of principal neurons in the rat entorhinal cortex. I. The lateral entorhinal cortex,Hippocampus,2012,22162008,6092,ASP.,65,Canto-Witter-2012-1256-Hippocampus-Fig8C2-Cell6092-ASP..jpeg,10804,fp_figure,609265200810804,
173,"Canto CB, Witter MP",Cellular properties of principal neurons in the rat entorhinal cortex. I. The lateral entorhinal cortex,Hippocampus,2012,22162008,6007,ASP.,65,Canto-Witter-2012-1256-Hippocampus-Fig8C5-Cell6007-ASP..jpeg,10805,fp_figure,600765200810805,
203,"Canto CB, Witter MP",Cellular properties of principal neurons in the rat entorhinal cortex. I. The lateral entorhinal cortex,Hippocampus,2012,22162008,6025,ASP.,65,Canto-Witter-2012-1256-Hippocampus-Fig8C5-Cell6025-ASP..jpeg,10805,fp_figure,602565200810805,
230,"Canto CB, Witter MP",Cellular properties of principal neurons in the rat entorhinal cortex. I. The lateral entorhinal cortex,Hippocampus,2012,22162008,6092,ASP.,65,Canto-Witter-2012-1256-Hippocampus-Fig8C5-Cell6092-ASP..jpeg,10805,fp_figure,609265200810805,
224,"Canto CB, Witter MP",Cellular properties of principal neurons in the rat entorhinal cortex. I. The lateral entorhinal cortex,Hippocampus,2012,22162008,6086,ASP.,65,Canto-Witter-2012-1256-Hippocampus-Fig9C2-Cell6086-ASP..jpeg,10903,fp_figure,608665200810903,
235,"Canto CB, Witter MP",Cellular properties of principal neurons in the rat entorhinal cortex. I. The lateral entorhinal cortex,Hippocampus,2012,22162008,6095,ASP.,65,Canto-Witter-2012-1256-Hippocampus-Fig9C2-Cell6095-ASP..jpeg,10903,fp_figure,609565200810903,
225,"Canto CB, Witter MP",Cellular properties of principal neurons in the rat entorhinal cortex. I. The lateral entorhinal cortex,Hippocampus,2012,22162008,6086,NASP,56,Canto-Witter-2012-1256-Hippocampus-Fig9C5-Cell6086-NASP.jpeg,10904,fp_figure,608656200810904,
236,"Canto CB, Witter MP",Cellular properties of principal neurons in the rat entorhinal cortex. I. The lateral entorhinal cortex,Hippocampus,2012,22162008,6095,NASP,56,Canto-Witter-2012-1256-Hippocampus-Fig9C5-Cell6095-NASP.jpeg,10904,fp_figure,609556200810904,
180,"Canto CB, Witter MP",Cellular properties of principal neurons in the rat entorhinal cortex. II. The medial entorhinal cortex,Hippocampus,2012,22161956,6018,NASP,56,Canto-Witter-2012-1277-Hippocampus_MEC-Fig9C2-Cell6018-NASP.jpeg,10902,fp_figure,601856195610902,
204,"Canto CB, Witter MP",Cellular properties of principal neurons in the rat entorhinal cortex. II. The medial entorhinal cortex,Hippocampus,2012,22161956,6031,NASP,56,Canto-Witter-2012-1277-Hippocampus_MEC-Fig9C2-Cell6031-NASP.jpeg,10903,fp_figure,603156195610903,
205,"Canto CB, Witter MP",Cellular properties of principal neurons in the rat entorhinal cortex. II. The medial entorhinal cortex,Hippocampus,2012,22161956,6031,ASP.NASP,58,Canto-Witter-2012-1277-Hippocampus_MEC-Fig9C4-Cell6031-ASP.NASP.jpeg,10904,fp_figure,603158195610904,
161,"Canto CB, Witter MP",Cellular properties of principal neurons in the rat entorhinal cortex. II. The medial entorhinal cortex,Hippocampus,2012,22161956,6002,NASP,56,Canto-Witter-2012-1277-Hippocampus-Fig10C1-Cell6002-NASP.jpeg,11003,fp_figure,600256195611003,
188,"Canto CB, Witter MP",Cellular properties of principal neurons in the rat entorhinal cortex. II. The medial entorhinal cortex,Hippocampus,2012,22161956,6021,NASP,56,Canto-Witter-2012-1277-Hippocampus-Fig10C1-Cell6021-NASP.jpeg,11003,fp_figure,602156195611003,
193,"Canto CB, Witter MP",Cellular properties of principal neurons in the rat entorhinal cortex. II. The medial entorhinal cortex,Hippocampus,2012,22161956,6023,NASP,56,Canto-Witter-2012-1277-Hippocampus-Fig10C1-Cell6023-NASP.jpeg,11003,fp_figure,602356195611003,
207,"Canto CB, Witter MP",Cellular properties of principal neurons in the rat entorhinal cortex. II. The medial entorhinal cortex,Hippocampus,2012,22161956,6033,NASP,56,Canto-Witter-2012-1277-Hippocampus-Fig10C1-Cell6033-NASP.jpeg,11003,fp_figure,603356195611003,
162,"Canto CB, Witter MP",Cellular properties of principal neurons in the rat entorhinal cortex. II. The medial entorhinal cortex,Hippocampus,2012,22161956,6002,ASP.,65,Canto-Witter-2012-1277-Hippocampus-Fig10C2-Cell6002-ASP..jpeg,11004,fp_figure,600265195611004,
189,"Canto CB, Witter MP",Cellular properties of principal neurons in the rat entorhinal cortex. II. The medial entorhinal cortex,Hippocampus,2012,22161956,6021,ASP.,65,Canto-Witter-2012-1277-Hippocampus-Fig10C2-Cell6021-ASP..jpeg,11004,fp_figure,602165195611004,
194,"Canto CB, Witter MP",Cellular properties of principal neurons in the rat entorhinal cortex. II. The medial entorhinal cortex,Hippocampus,2012,22161956,6023,ASP.,65,Canto-Witter-2012-1277-Hippocampus-Fig10C2-Cell6023-ASP..jpeg,11004,fp_figure,602365195611004,
208,"Canto CB, Witter MP",Cellular properties of principal neurons in the rat entorhinal cortex. II. The medial entorhinal cortex,Hippocampus,2012,22161956,6033,ASP.,65,Canto-Witter-2012-1277-Hippocampus-Fig10C2-Cell6033-ASP..jpeg,11004,fp_figure,603365195611004,
163,"Canto CB, Witter MP",Cellular properties of principal neurons in the rat entorhinal cortex. II. The medial entorhinal cortex,Hippocampus,2012,22161956,6002,NASP,56,Canto-Witter-2012-1277-Hippocampus-Fig10C5-Cell6002-NASP.jpeg,11005,fp_figure,600256195611005,
190,"Canto CB, Witter MP",Cellular properties of principal neurons in the rat entorhinal cortex. II. The medial entorhinal cortex,Hippocampus,2012,22161956,6021,NASP,56,Canto-Witter-2012-1277-Hippocampus-Fig10C5-Cell6021-NASP.jpeg,11005,fp_figure,602156195611005,
195,"Canto CB, Witter MP",Cellular properties of principal neurons in the rat entorhinal cortex. II. The medial entorhinal cortex,Hippocampus,2012,22161956,6023,NASP,56,Canto-Witter-2012-1277-Hippocampus-Fig10C5-Cell6023-NASP.jpeg,11005,fp_figure,602356195611005,
209,"Canto CB, Witter MP",Cellular properties of principal neurons in the rat entorhinal cortex. II. The medial entorhinal cortex,Hippocampus,2012,22161956,6033,NASP,56,Canto-Witter-2012-1277-Hippocampus-Fig10C5-Cell6033-NASP.jpeg,11005,fp_figure,603356195611005,
164,"Canto CB, Witter MP",Cellular properties of principal neurons in the rat entorhinal cortex. II. The medial entorhinal cortex,Hippocampus,2012,22161956,6002,ASP.,65,Canto-Witter-2012-1277-Hippocampus-Fig10C6-Cell6002-ASP..jpeg,11006,fp_figure,600265195611006,
191,"Canto CB, Witter MP",Cellular properties of principal neurons in the rat entorhinal cortex. II. The medial entorhinal cortex,Hippocampus,2012,22161956,6021,ASP.,65,Canto-Witter-2012-1277-Hippocampus-Fig10C6-Cell6021-ASP..jpeg,11006,fp_figure,602165195611006,
196,"Canto CB, Witter MP",Cellular properties of principal neurons in the rat entorhinal cortex. II. The medial entorhinal cortex,Hippocampus,2012,22161956,6023,ASP.,65,Canto-Witter-2012-1277-Hippocampus-Fig10C6-Cell6023-ASP..jpeg,11006,fp_figure,602365195611006,
210,"Canto CB, Witter MP",Cellular properties of principal neurons in the rat entorhinal cortex. II. The medial entorhinal cortex,Hippocampus,2012,22161956,6033,ASP.,65,Canto-Witter-2012-1277-Hippocampus-Fig10C6-Cell6033-ASP..jpeg,11006,fp_figure,603365195611006,
165,"Canto CB, Witter MP",Cellular properties of principal neurons in the rat entorhinal cortex. II. The medial entorhinal cortex,Hippocampus,2012,22161956,6002,ASP.SLN,51,Canto-Witter-2012-1277-Hippocampus-Fig10C7-Cell6002-ASP.SLN.jpeg,11007,fp_figure,600251195611007,
192,"Canto CB, Witter MP",Cellular properties of principal neurons in the rat entorhinal cortex. II. The medial entorhinal cortex,Hippocampus,2012,22161956,6021,ASP.SLN,51,Canto-Witter-2012-1277-Hippocampus-Fig10C7-Cell6021-ASP.SLN.jpeg,11007,fp_figure,602151195611007,
197,"Canto CB, Witter MP",Cellular properties of principal neurons in the rat entorhinal cortex. II. The medial entorhinal cortex,Hippocampus,2012,22161956,6023,ASP.SLN,51,Canto-Witter-2012-1277-Hippocampus-Fig10C7-Cell6023-ASP.SLN.jpeg,11007,fp_figure,602351195611007,
211,"Canto CB, Witter MP",Cellular properties of principal neurons in the rat entorhinal cortex. II. The medial entorhinal cortex,Hippocampus,2012,22161956,6033,ASP.SLN,51,Canto-Witter-2012-1277-Hippocampus-Fig10C7-Cell6033-ASP.SLN.jpeg,11007,fp_figure,603351195611007,
215,"Canto CB, Witter MP",Cellular properties of principal neurons in the rat entorhinal cortex. II. The medial entorhinal cortex,Hippocampus,2012,22161956,6052,D.NASP,57,Canto-Witter-2012-1277-Hippocampus-Fig11C1-Cell6052-D.NASP.jpeg,11103,fp_figure,605257195611103,
216,"Canto CB, Witter MP",Cellular properties of principal neurons in the rat entorhinal cortex. II. The medial entorhinal cortex,Hippocampus,2012,22161956,6052,ASP.,65,Canto-Witter-2012-1277-Hippocampus-Fig11C2-Cell6052-ASP..jpeg,11104,fp_figure,605265195611104,
166,"Canto CB, Witter MP",Cellular properties of principal neurons in the rat entorhinal cortex. II. The medial entorhinal cortex,Hippocampus,2012,22161956,6003,ASP.NASP,58,Canto-Witter-2012-1277-Hippocampus-Fig7C2-Cell6003-ASP.NASP.jpeg,10703,fp_figure,600358195610703,
178,"Canto CB, Witter MP",Cellular properties of principal neurons in the rat entorhinal cortex. II. The medial entorhinal cortex,Hippocampus,2012,22161956,6017,ASP.NASP,58,Canto-Witter-2012-1277-Hippocampus-Fig7C2-Cell6017-ASP.NASP.jpeg,10703,fp_figure,601758195610703,
183,"Canto CB, Witter MP",Cellular properties of principal neurons in the rat entorhinal cortex. II. The medial entorhinal cortex,Hippocampus,2012,22161956,6019,ASP.NASP,58,Canto-Witter-2012-1277-Hippocampus-Fig7C2-Cell6019-ASP.NASP.jpeg,10703,fp_figure,601958195610703,
167,"Canto CB, Witter MP",Cellular properties of principal neurons in the rat entorhinal cortex. II. The medial entorhinal cortex,Hippocampus,2012,22161956,6003,RASP.NASP,75,Canto-Witter-2012-1277-Hippocampus-Fig7C6-Cell6003-FASP.NASP.jpeg,10704,fp_figure,600375195610704,
179,"Canto CB, Witter MP",Cellular properties of principal neurons in the rat entorhinal cortex. II. The medial entorhinal cortex,Hippocampus,2012,22161956,6017,RASP.NASP,75,Canto-Witter-2012-1277-Hippocampus-Fig7C6-Cell6017-FASP.NASP.jpeg,10704,fp_figure,601775195610704,
184,"Canto CB, Witter MP",Cellular properties of principal neurons in the rat entorhinal cortex. II. The medial entorhinal cortex,Hippocampus,2012,22161956,6019,RASP.NASP,75,Canto-Witter-2012-1277-Hippocampus-Fig7C6-Cell6019-FASP.NASP.jpeg,10704,fp_figure,601975195610704,
222,"Canto CB, Witter MP",Cellular properties of principal neurons in the rat entorhinal cortex. II. The medial entorhinal cortex,Hippocampus,2012,22161956,6082,RASP.NASP,75,Canto-Witter-2012-1277-Hippocampus-Fig7C6-Cell6082-FASP.NASP.jpeg,10703,fp_figure,608275195610703,
,"Canto CB, Witter MP",Cellular properties of principal neurons in the rat entorhinal cortex. II. The medial entorhinal cortex,Hippocampus,2012,22161956,6006,NASP,56,Canto-Witter-2012-1277-Hippocampus-Fig9C2-Cell6006-NASP.jpeg,10903,fp_figure,600656195610903,
,"Canto CB, Witter MP",Cellular properties of principal neurons in the rat entorhinal cortex. II. The medial entorhinal cortex,Hippocampus,2012,22161956,6017,NASP,56,Canto-Witter-2012-1277-Hippocampus-Fig9C2-Cell6017-NASP.jpeg,10903,fp_figure,601756195610903,
198,"Canto CB, Witter MP",Cellular properties of principal neurons in the rat entorhinal cortex. II. The medial entorhinal cortex,Hippocampus,2012,22161956,6024,NASP,56,Canto-Witter-2012-1277-Hippocampus-Fig9C2-Cell6024-NASP.jpeg,10903,fp_figure,602456195610903,
,"Canto CB, Witter MP",Cellular properties of principal neurons in the rat entorhinal cortex. II. The medial entorhinal cortex,Hippocampus,2012,22161956,6006,ASP.NASP,58,Canto-Witter-2012-1277-Hippocampus-Fig9C4-Cell6006-ASP.NASP.jpeg,10904,fp_figure,600658195610904,
,"Canto CB, Witter MP",Cellular properties of principal neurons in the rat entorhinal cortex. II. The medial entorhinal cortex,Hippocampus,2012,22161956,6017,ASP.NASP,58,Canto-Witter-2012-1277-Hippocampus-Fig9C4-Cell6017-ASP.NASP.jpeg,10904,fp_figure,601758195610904,
181,"Canto CB, Witter MP",Cellular properties of principal neurons in the rat entorhinal cortex. II. The medial entorhinal cortex,Hippocampus,2012,22161956,6018,ASP.NASP,58,Canto-Witter-2012-1277-Hippocampus-Fig9C4-Cell6018-ASP.NASP.jpeg,10903,fp_figure,601858195610903,
199,"Canto CB, Witter MP",Cellular properties of principal neurons in the rat entorhinal cortex. II. The medial entorhinal cortex,Hippocampus,2012,22161956,6024,ASP.NASP,58,Canto-Witter-2012-1277-Hippocampus-Fig9C4-Cell6024-ASP.NASP.jpeg,10904,fp_figure,602458195610904,
,"Canto CB, Witter MP",Cellular properties of principal neurons in the rat entorhinal cortex. II. The medial entorhinal cortex,Hippocampus,2012,22161956,6006,RASP.ASP.,80,Canto-Witter-2012-1277-Hippocampus-Fig9C5-Cell6006-FASP.ASP..jpeg,10905,fp_figure,600680195610905,
,"Canto CB, Witter MP",Cellular properties of principal neurons in the rat entorhinal cortex. II. The medial entorhinal cortex,Hippocampus,2012,22161956,6017,RASP.ASP.,80,Canto-Witter-2012-1277-Hippocampus-Fig9C5-Cell6017-FASP.ASP..jpeg,10905,fp_figure,601780195610905,
182,"Canto CB, Witter MP",Cellular properties of principal neurons in the rat entorhinal cortex. II. The medial entorhinal cortex,Hippocampus,2012,22161956,6018,RASP.ASP.,80,Canto-Witter-2012-1277-Hippocampus-Fig9C5-Cell6018-FASP.ASP..jpeg,10904,fp_figure,601880195610904,
200,"Canto CB, Witter MP",Cellular properties of principal neurons in the rat entorhinal cortex. II. The medial entorhinal cortex,Hippocampus,2012,22161956,6024,RASP.ASP.,80,Canto-Witter-2012-1277-Hippocampus-Fig9C5-Cell6024-FASP.ASP..jpeg,10905,fp_figure,602480195610905,
206,"Canto CB, Witter MP",Cellular properties of principal neurons in the rat entorhinal cortex. II. The medial entorhinal cortex,Hippocampus,2012,22161956,6031,RASP.ASP.,80,Canto-Witter-2012-1277-Hippocampus-Fig9C5-Cell6031-FASP.ASP..jpeg,10905,fp_figure,603180195610905,
,"Chevaleyre V, Siegelbaum SA",Strong CA2 pyramidal neuron synapses define a powerful disynaptic cortico-hippocampal loop,Neuron,2010,20510860,2000,TSWB.SLN,55,Chevaleyre-Siegelbaum-2010-560-Neuron-Fig1A-Cell2000-TSWB.SLN.jpeg,10101,fp_figure,200055086010101,
76,"Chevaleyre V, Siegelbaum SA",Strong CA2 pyramidal neuron synapses define a powerful disynaptic cortico-hippocampal loop,Neuron,2010,20510860,3000,D.ASP.,66,Chevaleyre-Siegelbaum-2010-560-Neuron-Fig1A-Cell3000-D.ASP..jpeg,10101,fp_figure,300066086010101,
87,"Chevaleyre V, Siegelbaum SA",Strong CA2 pyramidal neuron synapses define a powerful disynaptic cortico-hippocampal loop,Neuron,2010,20510860,4000,ASP.,65,Chevaleyre-Siegelbaum-2010-560-Neuron-Fig1A-Cell4000-ASP..jpeg,10101,fp_figure,400065086010101,
,"Chittajallu R, Craig MT, McFarland A, Yuan X, Gerfen S, Tricoire L, Erkkila B, Barron SC, Lopez CM, Liang BJ, Jeffries BW, Pelkey KA, McBain CJ",Dual origins of functionally distinct O-LM interneurons revealed by differential 5-HT(3A)R expression,Nature Neuroscience,2013,24097043,4083,PSTUT,62,Chittajallu-McBain-2013-1598-v16-NatNeurosci-Fig3b-Cell4083-PSTUT.jpeg,10301,fp_figure,408362704310301,
146,"Cope DW, Maccaferri G, MÃÂ rton LF, Roberts JD, Cobden PM, Somogyi P",Cholecystokinin-immunopositive basket and Schaffer collateral-associated interneurones target different domains of pyramidal cells in the CA1 area of the rat hippocampus,Neuroscience,2002,11784700,4079,ASP.,65,Cope-Somogyi-2002-63-Neurosci-Fig4A1-Cell4079-ASP..jpeg,10401,fp_figure,407965470010401,
147,"Cope DW, Maccaferri G, MÃÂ rton LF, Roberts JD, Cobden PM, Somogyi P",Cholecystokinin-immunopositive basket and Schaffer collateral-associated interneurones target different domains of pyramidal cells in the CA1 area of the rat hippocampus,Neuroscience,2002,11784700,4079,RASP.ASP.,80,Cope-Somogyi-2002-63-Neurosci-Fig4B1-Cell4079-FASP.ASP..jpeg,10402,fp_figure,407980470010402,
103,"Cope DW, Maccaferri G, MÃÂ rton LF, Roberts JD, Cobden PM, Somogyi P",Cholecystokinin-immunopositive basket and Schaffer collateral-associated interneurones target different domains of pyramidal cells in the CA1 area of the rat hippocampus,Neuroscience,2002,11784700,4015,ASP.,65,Cope-Somogyi-2002-63-Neurosci-Fig4C1-Cell4015-ASP..jpeg,10403,fp_figure,401565470010403,
104,"Cope DW, Maccaferri G, MÃÂ rton LF, Roberts JD, Cobden PM, Somogyi P",Cholecystokinin-immunopositive basket and Schaffer collateral-associated interneurones target different domains of pyramidal cells in the CA1 area of the rat hippocampus,Neuroscience,2002,11784700,4015,ASP.ASP.,67,Cope-Somogyi-2002-63-Neurosci-Fig4D1-Cell4015-ASP.ASP..jpeg,10404,fp_figure,401567470010404,
100,"Daw MI, Tricoire L, Erdelyi F, Szabo G, McBain CJ",Asynchronous transmitter release from cholecystokinin-containing inhibitory interneurons is widespread and target-cell independent,Journal of Neuroscience,2009,19741117,4013,NASP,56,Daw-McBain-2009-11112-JNeurosci-Fig1B-Cell4013-NASP.jpeg,10102,fp_figure,401356111710102,
101,"Daw MI, Tricoire L, Erdelyi F, Szabo G, McBain CJ",Asynchronous transmitter release from cholecystokinin-containing inhibitory interneurons is widespread and target-cell independent,Journal of Neuroscience,2009,19741117,4013,ASP.,65,Daw-McBain-2009-11112-JNeurosci-Fig1C-Cell4013-ASP..jpeg,10103,fp_figure,401365111710103,
69,"Dugladze T, Schmitz D, Whittington MA, Vida I, Gloveli T",Segregation of axonal and somatic activity during fast network oscillations,Science,2012,22700932,2028,ASP.,65,Dugladze-Gloveli-2012-1458-Science-Fig2A-Cell2028-ASP..jpeg,10201,fp_figure,202865093210201,
92,"Elfant D, PÃÂ l BZ, Emptage N, Capogna M",Specific inhibitory synapses shift the balance from feedforward to feedback inhibition of hippocampal CA1 pyramidal cells,European Journal of Neuroscience,2008,18184315,4006,NASP,56,Elfant-Capogna-2008-104-EurJNeurosci-Fig3Bbottomright-Cell4006-NASP.jpeg,10302,fp_figure,400656431510302,
153,"Fuentealba P, Begum R, Capogna M, Jinno S, MÃÂ rton LF, Csicsvari J, Thomson A, Somogyi P, Klausberger T","Ivy cells: a population of nitric-oxide-producing, slow-spiking GABAergic neurons and their involvement in hippocampal network activity",Neuron,2008,18367092,4081,ASP.,65,Fuentealba-Klausberger-2008-917-Neuron-Fig6Bbot-Cell4081-ASP..jpeg,10602,fp_figure,408165709210602,
154,"Fuentealba P, Begum R, Capogna M, Jinno S, MÃÂ rton LF, Csicsvari J, Thomson A, Somogyi P, Klausberger T","Ivy cells: a population of nitric-oxide-producing, slow-spiking GABAergic neurons and their involvement in hippocampal network activity",Neuron,2008,18367092,4081,ASP.,65,Fuentealba-Klausberger-2008-917-Neuron-Fig6Btop-Cell4081-ASP..jpeg,10607,fp_figure,408165709210607,
95,"Fuentealba P, Klausberger T, Karayannis T, Suen WY, Huck J, Tomioka R, Rockland K, Capogna M, Studer M, Morales M, Somogyi P",Expression of COUP-TFII nuclear receptor in restricted GABAergic neuronal populations in the adult rat hippocampus,Journal of Neuroscience,2010,20130170,4011,PSTUT,62,Fuentealba-Somogyi-2010-1595-JNeurosci-Fig5B-Cell4011-PSTUT.jpeg,10502,fp_figure,401162017010502,
61,"Gloveli T, Dugladze T, Saha S, Monyer H, Heinemann U, Traub RD, Whittington MA, Buhl EH",Differential involvement of oriens/pyramidale interneurones in hippocampal network oscillations in vitro,Journal of Physiology,2005,15486016,2009,ASP.,65,Gloveli-Buhl-2005-131-JPhysiol-Fig3Ai-Cell2009-ASP..jpeg,10301,fp_figure,200965601610301,
68,"Gloveli T, Dugladze T, Saha S, Monyer H, Heinemann U, Traub RD, Whittington MA, Buhl EH",Differential involvement of oriens/pyramidale interneurones in hippocampal network oscillations in vitro,Journal of Physiology,2005,15486016,2020,PSTUT,62,Gloveli-Buhl-2005-131-JPhysiol-Fig3Aii-Cell2020-PSTUT.jpeg,10301,fp_figure,202062601610301,
212,"Gloveli T, Schmitz D, Empson RM, Dugladze T, Heinemann U",Morphological and electrophysiological characterization of layer III cells of the medial entorhinal cortex of the rat,Neuroscience,1997,9070741,6038,ASP.NASP,58,Gloveli-Heinemann-1997-629-Neurosci-Fig10C-Cell6038-ASP.NASP.jpeg,11003,fp_figure,603858074111003,
227,"Gloveli T, Schmitz D, Empson RM, Dugladze T, Heinemann U",Morphological and electrophysiological characterization of layer III cells of the medial entorhinal cortex of the rat,Neuroscience,1997,9070741,6087,ASP.,65,Gloveli-Heinemann-1997-629-Neurosci-Fig8C-cell6087-ASP..jpeg,10803,fp_figure,608765074110803,
223,"Gloveli T, Dugladze T, Schmitz D, Heinemann U",Properties of entorhinal cortex deep layer neurons projecting to the rat dentate gyrus,European Journal of Neuroscience,2001,11168548,6086,ASP.,65,Gloveli-Heinemann-2001-413-EurJNeurosci-Fig4Ad-Cell6086-ASP..jpeg,10401,fp_figure,608665854810401,
73,"GulyÃÂ s AI, SzabÃÂ¢ GG, Ulbert I, Holderith N, Monyer H, ErdÃÂlyi F, SzabÃÂ¢ G, Freund TF, HÃÂ jos N",Parvalbumin-containing fast-spiking basket cells generate the field potential oscillations induced by cholinergic receptor activation in the hippocampus,Journal of Neuroscience,2010,21068319,2043,ASP.SLN,51,Gulyas-Hajos-2010-15134-JNeurosci-Fig1bleft-Cell2043-ASP.SLN.jpeg,10102,fp_figure,204351831910102,
74,"GulyÃÂ s AI, SzabÃÂ¢ GG, Ulbert I, Holderith N, Monyer H, ErdÃÂlyi F, SzabÃÂ¢ G, Freund TF, HÃÂ jos N",Parvalbumin-containing fast-spiking basket cells generate the field potential oscillations induced by cholinergic receptor activation in the hippocampus,Journal of Neuroscience,2010,21068319,2044,ASP.NASP,58,Gulyas-Hajos-2010-15134-JNeurosci-Fig1bright-Cell2044-ASP.NASP.jpeg,10103,fp_figure,204458831910103,
186,"Hamam BN, Amaral DG, Alonso AA",Morphological and electrophysiological characteristics of layer V neurons of the rat lateral entorhinal cortex,Journal of Comparative Neurology,2002,12209840,6021,NASP,56,Hamam-Alonso-2002-45-JCompNeurol-Fig4F-Cell6021-NASP.jpeg,10406,fp_figure,602156984010406,
187,"Hamam BN, Amaral DG, Alonso AA",Morphological and electrophysiological characteristics of layer V neurons of the rat lateral entorhinal cortex,Journal of Comparative Neurology,2002,12209840,6021,TSTUT.NASP,59,Hamam-Alonso-2002-45-JCompNeurol-Fig5E-Cell6021-TSTUT.NASP.jpeg,10505,fp_figure,602159984010505,
185,"Hamam BN, Kennedy TE, Alonso A, Amaral DG",Morphological and electrophysiological characteristics of layer V neurons of the rat medial entorhinal cortex,Journal of Comparative Neurology,2000,10713573,6021,RASP.NASP,75,Hamam-Amaral-2000-457-JCompNeurol-Fig3C-Cell6021-FASP.NASP.jpeg,10303,fp_figure,602175357310303,
28,"Han ZS, Buhl EH, LÃÂrinczi Z, Somogyi P",A high degree of spatial selectivity in the axonal and dendritic domains of physiologically identified local-circuit neurons in the dentate gyrus of the rat hippocampus.,European Journal of Neuroscience,1993,8261117,1009,ASP.,65,Han-Somogyi-1993-395-EuroJNeurosci-Fig1A-Cell1009-ASP..jpeg,10101,fp_figure,100965111710101,
1,"Han ZS, Buhl EH, LÃÂrinczi Z, Somogyi P",A high degree of spatial selectivity in the axonal and dendritic domains of physiologically identified local-circuit neurons in the dentate gyrus of the rat hippocampus.,European Journal of Neuroscience,1993,8261117,1000,ASP.,65,Han-Somogyi-1993-395-EurJNeurosci-Fig1B-Cell1000-ASP..jpeg,10102,fp_figure,100065111710102,
35,"Han ZS, Buhl EH, LÃÂrinczi Z, Somogyi P",A high degree of spatial selectivity in the axonal and dendritic domains of physiologically identified local-circuit neurons in the dentate gyrus of the rat hippocampus.,European Journal of Neuroscience,1993,8261117,1013,NASP,56,Han-Somogyi-1993-395-EuroJNeurosci-Fig4C-Cell1013-NASP.jpeg,10403,fp_figure,101356111710403,
27,"Han ZS, Buhl EH, LÃÂrinczi Z, Somogyi P",A high degree of spatial selectivity in the axonal and dendritic domains of physiologically identified local-circuit neurons in the dentate gyrus of the rat hippocampus.,European Journal of Neuroscience,1993,8261117,1008,ASP.,65,Han-Somogyi-1993-395-EuroJNeurosci-Fig5C-Cell1008-NASP.jpeg,10503,fp_figure,100865111710503,
50,"Hemond P, Epstein D, Boley A, Migliore M, Ascoli GA, Jaffe DB",Distinct classes of pyramidal cells exhibit mutually exclusive firing patterns in hippocampal area CA3b,Hippocampus,2008,18189311,2000,TSWB.SLN,55,Hemond-Jaffe-2008-411-Hippocampus-Fig4Abot-Cell2000-TSWB.SLN.jpeg,10403,fp_figure,200055931110403,
49,"Hemond P, Epstein D, Boley A, Migliore M, Ascoli GA, Jaffe DB",Distinct classes of pyramidal cells exhibit mutually exclusive firing patterns in hippocampal area CA3b,Hippocampus,2008,18189311,2000,RASP.NASP,75,Hemond-Jaffe-2008-411-Hippocampus-Fig4Amid-Cell2000-FASP.NASP.jpeg,10402,fp_figure,200075931110402,
48,"Hemond P, Epstein D, Boley A, Migliore M, Ascoli GA, Jaffe DB",Distinct classes of pyramidal cells exhibit mutually exclusive firing patterns in hippocampal area CA3b,Hippocampus,2008,18189311,2000,ASP.,65,Hemond-Jaffe-2008-411-Hippocampus-Fig4Atop-Cell2000-ASP..jpeg,10401,fp_figure,200065931110401,
84,"Kirson ED, Yaari Y",Unique properties of NMDA receptors enhance synaptic excitation of radiatum giant cells in rat hippocampus,Journal of Neuroscience,2000,10864941,4000,PSTUT,62,Kirson-Yaari-2000-4844-JNeurosci-Fig2Bb-Cell4000-PSTUT.jpeg,10202,fp_figure,400062494110202,
160,"Knopp A, Kivi A, Wozny C, Heinemann U, Behr J",Cellular and network properties of the subiculum in the pilocarpine model of temporal lobe epilepsy,Journal of Comparative Neurology,2005,15700275,5005,RASP.ASP.,80,Knopp-Behr-2005-476-JCompNeurol-Fig1AHTB-Cell5005-FASP.ASP..jpeg,10104,fp_figure,500580027510104,
159,"Knopp A, Kivi A, Wozny C, Heinemann U, Behr J",Cellular and network properties of the subiculum in the pilocarpine model of temporal lobe epilepsy,Journal of Comparative Neurology,2005,15700275,5005,NASP,56,Knopp-Behr-2005-476-JCompNeurol-Fig1ARS-Cell5005-NASP.jpeg,10101,fp_figure,500556027510101,
214,"Kumar SS, Buckmaster PS","Hyperexcitability, interneurons, and loss of GABAergic synapses in entorhinal cortex in a model of temporal lobe epilepsy",Journal of Neuroscience,2006,16641241,6047,NASP,56,Kumar-Buckmaster-2006-4613-JNeurosci-Fig3A-Cell6047-NASP.jpeg,10302,fp_figure,604756124110302,
213,"Kumar SS, Buckmaster PS","Hyperexcitability, interneurons, and loss of GABAergic synapses in entorhinal cortex in a model of temporal lobe epilepsy",Journal of Neuroscience,2006,16641241,6040,NASP,56,Kumar-Buckmaster-2006-4613-JNeurosci-Fig3ATypeI-Cell6040-NASP.jpeg,10301,fp_figure,604056124110301,
129,"Lacaille JC, Mueller AL, Kunkel DD, Schwartzkroin PA",Local circuit interactions between oriens/alveus interneurons and CA1 pyramidal cells in hippocampal slices: electrophysiology and morphology,Journal of Neuroscience,1987,3612227,4055,ASP.,65,Lacaille-Schwartzkroin-1987-1979-JNeurosci-Fig4A2-Cell4055-ASP..jpeg,10401,fp_figure,405565222710401,
130,"Lacaille JC, Mueller AL, Kunkel DD, Schwartzkroin PA",Local circuit interactions between oriens/alveus interneurons and CA1 pyramidal cells in hippocampal slices: electrophysiology and morphology,Journal of Neuroscience,1987,3612227,4055,NASP,56,Lacaille-Schwartzkroin-1987-1979-JNeurosci-Fig5A2-Cell4055-NASP.jpeg,10501,fp_figure,405556222710501,
131,"Lacaille JC, Mueller AL, Kunkel DD, Schwartzkroin PA",Local circuit interactions between oriens/alveus interneurons and CA1 pyramidal cells in hippocampal slices: electrophysiology and morphology,Journal of Neuroscience,1987,3612227,4055,RASP.NASP,75,Lacaille-Schwartzkroin-1987-1979-JNeurosci-Fig8-Cell4055-FASP.NASP.jpeg,10800,fp_figure,405575222710800,
132,"Lacaille JC, Mueller AL, Kunkel DD, Schwartzkroin PA",Local circuit interactions between oriens/alveus interneurons and CA1 pyramidal cells in hippocampal slices: electrophysiology and morphology,Journal of Neuroscience,1987,3612227,4055,NASP,56,Lacaille-Schwartzkroin-1987-1979-JNeurosci-Fig9A-Cell4055-NASP.jpeg,10901,fp_figure,405556222710901,
24,"Ledri M, Nikitidou L, Erdelyi F, Szabo G, Kirik D, Deisseroth K, Kokaia M",Altered profile of basket cell afferent synapses in hyper-excitable dentate gyrus revealed by optogenetic and two-pathway stimulations,European Journal of Neuroscience,2012,22512307,1005,ASP.,65,Ledri-Kokaia-2012-1971-EurJNeuroSci-Fig1A-Cell1005-ASP..jpeg,10101,fp_figure,100565230710101,
144,"Lee SY, FÃÂldy C, Szabadics J, Soltesz I",Cell-type-specific CCK2 receptor signaling underlies the cholecystokinin-mediated selective excitation of hippocampal parvalbumin-positive fast-spiking basket cells,Journal of Neuroscience,2011,21795548,4078,NASP,56,Lee-Soltesz-2011-10993-JNeurosci-Fig1A-Cell4078-NASP.jpeg,10101,fp_figure,407856554810101,
148,"Lee SY, FÃÂldy C, Szabadics J, Soltesz I",Cell-type-specific CCK2 receptor signaling underlies the cholecystokinin-mediated selective excitation of hippocampal parvalbumin-positive fast-spiking basket cells,Journal of Neuroscience,2011,21795548,4079,RASP.ASP.,80,Lee-Soltesz-2011-10993-JNeurosci-Fig1B-Cell4079-FASP.ASP..jpeg,10102,fp_figure,407980554810102,
71,"Losonczy A, BirÃÂ¢ AA, Nusser Z",Persistently active cannabinoid receptors mute a subpopulation of hippocampal interneurons,PNAS,2004,14734812,2036,ASP.NASP,58,Losonczy-Nusser-2004-1362-PNAS-Fig3b-Cell2036-ASP.NASP.jpeg,10302,fp_figure,203658481210302,
2,"LÃÂbke J, Frotscher M, Spruston N.",Specialized electrophysiological properties of anatomically identified neurons in the hilar region of the rat fascia dentata.,Journal of Neuroscience,1998,9497429,1000,D.NASP,57,Lubke-Spruston-1998-1518-JNeurophys-Fig1B-Cell1000-D.NASP.jpeg,10102,fp_figure,100057742910102,
8,"LÃÂbke J, Frotscher M, Spruston N.",Specialized electrophysiological properties of anatomically identified neurons in the hilar region of the rat fascia dentata.,Journal of Neuroscience,1998,9497429,1002,D.ASP.,66,Lubke-Spruston-1998-1518-JNeurophys-Fig5B-Cell1002-D.ASP..jpeg,10502,fp_figure,100266742910502,
9,"LÃÂbke J, Frotscher M, Spruston N.",Specialized electrophysiological properties of anatomically identified neurons in the hilar region of the rat fascia dentata.,Journal of Neuroscience,1998,9497429,1002,D.NASP,57,Lubke-Spruston-1998-1518-JNeurophys-Fig5C-Cell1002-D.NASP.jpeg,10503,fp_figure,100257742910503,
36,"LÃÂbke J, Frotscher M, Spruston N",Specialized electrophysiological properties of anatomically identified neurons in the hilar region of the rat fascia dentata,Journal of Neurophysiology,1998,9497429,1026,D.ASP.,66,Lubke-Spruston-1998-1518-v79-n3-JNeurophysiol-Fig6B-Cell1026-D.ASP..jpeg,10602,fp_figure,102666742910602,
37,"LÃÂbke J, Frotscher M, Spruston N",Specialized electrophysiological properties of anatomically identified neurons in the hilar region of the rat fascia dentata,Journal of Neurophysiology,1998,9497429,1027,ASP.NASP,58,Lubke-Spruston-1998-1518-v79-n3-JNeurophysiol-Fig9B-Cell1027-ASP.NASP.jpeg,10902,fp_figure,102758742910902,
81,"Mercer A, Trigg HL, Thomson AM",Characterization of neurons in the CA2 subfield of the adult rat hippocampus,Journal of Neuroscience,2007,17611285,3007,ASP.NASP,58,Mercer-Thomson-2007-7329-Fig5Cinset-Cell3007-ASP.NASP.jpeg,10505,fp_figure,300758128510505,
77,"Mercer A, Trigg HL, Thomson AM",Characterization of neurons in the CA2 subfield of the adult rat hippocampus,Journal of Neuroscience,2007,17611285,3003,ASP.,65,Mercer-Thomson-2007-7329-Fig6B-Cell3003-ASP..jpeg,10602,fp_figure,300365128510602,
78,"Mercer A, Trigg HL, Thomson AM",Characterization of neurons in the CA2 subfield of the adult rat hippocampus,Journal of Neuroscience,2007,17611285,3006,D.PSTUT,78,Mercer-Thomson-2007-7329-JNeurosci-Fig5B-Cell3006-D.PSTUT.jpeg,10502,fp_figure,300678128510502,
79,"Mercer A, Trigg HL, Thomson AM",Characterization of neurons in the CA2 subfield of the adult rat hippocampus,Journal of Neuroscience,2007,17611285,3006,PSTUT,62,Mercer-Thomson-2007-7329-JNeurosci-Fig5Binset-Cell3006-PSTUT.jpeg,10504,fp_figure,300662128510504,
80,"Mercer A, Trigg HL, Thomson AM",Characterization of neurons in the CA2 subfield of the adult rat hippocampus,Journal of Neuroscience,2007,17611285,3007,RASP.NASP,75,Mercer-Thomson-2007-7329-JNeurosci-Fig5C-Cell3007-FASP.NASP.jpeg,10503,fp_figure,300775128510503,
82,"Mercer A, Botcher NA, Eastlake K, Thomson AM",SP-SR interneurones: a novel class of neurones of the CA2 region of the hippocampus,Hippocampus,2012,22431345,3008,TSTUT.SLN,52,Mercer-Thomson-2012-1758-Hippocampus-Fig3A-Cell3008-TSTUT.SLN.jpeg,10301,fp_figure,300852134510301,
83,"Mercer A, Botcher NA, Eastlake K, Thomson AM",SP-SR interneurones: a novel class of neurones of the CA2 region of the hippocampus,Hippocampus,2012,22431345,3008,TSTUT.,69,Mercer-Thomson-2012-1758-Hippocampus-Fig3Ainset-Cell3008-TSTUT..jpeg,10304,fp_figure,300869134510304,
14,"Mott DD, Turner DA, Okazaki MM, Lewis DV",Interneurons of the dentate-hilus border of the rat dentate gyrus: morphological and electrophysiological heterogeneity,Journal of Neuroscience,1997,9151716,1004,RASP.NASP,75,Mott-Lewis-1997-3990-JNeurosci-Fig10B-Cell1004-FASP.NASP.jpeg,11002,fp_figure,100475171611002,
21,"Mott DD, Turner DA, Okazaki MM, Lewis DV",Interneurons of the dentate-hilus border of the rat dentate gyrus: morphological and electrophysiological heterogeneity,Journal of Neuroscience,1997,9151716,1005,RASP.NASP,75,Mott-Lewis-1997-3990-JNeurosci-Fig10B-Cell1005-FASP.NASP.jpeg,11002,fp_figure,100575171611002,
31,"Mott DD, Turner DA, Okazaki MM, Lewis DV",Interneurons of the dentate-hilus border of the rat dentate gyrus: morphological and electrophysiological heterogeneity,Journal of Neuroscience,1997,9151716,1009,NASP,56,Mott-Lewis-1997-3990-JNeurosci-Fig11Abot-Cell1009-NASP.jpeg,11103,fp_figure,100956171611103,
30,"Mott DD, Turner DA, Okazaki MM, Lewis DV",Interneurons of the dentate-hilus border of the rat dentate gyrus: morphological and electrophysiological heterogeneity,Journal of Neuroscience,1997,9151716,1009,NASP,56,Mott-Lewis-1997-3990-JNeurosci-Fig11Amid-Cell1009-NASP.jpeg,11102,fp_figure,100956171611102,
29,"Mott DD, Turner DA, Okazaki MM, Lewis DV",Interneurons of the dentate-hilus border of the rat dentate gyrus: morphological and electrophysiological heterogeneity,Journal of Neuroscience,1997,9151716,1009,NASP,56,Mott-Lewis-1997-3990-JNeurosci-Fig11Atop-Cell1009-NASP.jpeg,11101,fp_figure,100956171611101,
15,"Mott DD, Turner DA, Okazaki MM, Lewis DV",Interneurons of the dentate-hilus border of the rat dentate gyrus: morphological and electrophysiological heterogeneity,Journal of Neuroscience,1997,9151716,1004,RASP.ASP.,80,Mott-Lewis-1997-3990-JNeurosci-Fig11C-Cell1004-FASP.ASP..jpeg,11103,fp_figure,100480171611103,
22,"Mott DD, Turner DA, Okazaki MM, Lewis DV",Interneurons of the dentate-hilus border of the rat dentate gyrus: morphological and electrophysiological heterogeneity,Journal of Neuroscience,1997,9151716,1005,RASP.ASP.,80,Mott-Lewis-1997-3990-JNeurosci-Fig11C-Cell1005-FASP.ASP..jpeg,11103,fp_figure,100580171611103,
16,"Mott DD, Turner DA, Okazaki MM, Lewis DV",Interneurons of the dentate-hilus border of the rat dentate gyrus: morphological and electrophysiological heterogeneity,Journal of Neuroscience,1997,9151716,1004,PSTUT,62,Mott-Lewis-1997-3990-JNeurosci-Fig11D-Cell1004-PSTUT.jpeg,11104,fp_figure,100462171611104,
23,"Mott DD, Turner DA, Okazaki MM, Lewis DV",Interneurons of the dentate-hilus border of the rat dentate gyrus: morphological and electrophysiological heterogeneity,Journal of Neuroscience,1997,9151716,1005,PSTUT,62,Mott-Lewis-1997-3990-JNeurosci-Fig11D-Cell1005-PSTUT.jpeg,11104,fp_figure,100562171611104,
12,"Mott DD, Turner DA, Okazaki MM, Lewis DV",Interneurons of the dentate-hilus border of the rat dentate gyrus: morphological and electrophysiological heterogeneity,Journal of Neuroscience,1997,9151716,1004,ASP.,65,Mott-Lewis-1997-3990-JNeurosci-Fig7Abot-Cell1004-ASP..jpeg,10703,fp_figure,100465171610703,
19,"Mott DD, Turner DA, Okazaki MM, Lewis DV",Interneurons of the dentate-hilus border of the rat dentate gyrus: morphological and electrophysiological heterogeneity,Journal of Neuroscience,1997,9151716,1005,ASP.,65,Mott-Lewis-1997-3990-JNeurosci-Fig7Abot-Cell1005-ASP..jpeg,10703,fp_figure,100565171610703,
11,"Mott DD, Turner DA, Okazaki MM, Lewis DV",Interneurons of the dentate-hilus border of the rat dentate gyrus: morphological and electrophysiological heterogeneity,Journal of Neuroscience,1997,9151716,1004,ASP.,65,Mott-Lewis-1997-3990-JNeurosci-Fig7Amid-Cell1004-ASP..jpeg,10702,fp_figure,100465171610702,
18,"Mott DD, Turner DA, Okazaki MM, Lewis DV",Interneurons of the dentate-hilus border of the rat dentate gyrus: morphological and electrophysiological heterogeneity,Journal of Neuroscience,1997,9151716,1005,ASP.,65,Mott-Lewis-1997-3990-JNeurosci-Fig7Amid-Cell1005-ASP..jpeg,10702,fp_figure,100565171610702,
10,"Mott DD, Turner DA, Okazaki MM, Lewis DV",Interneurons of the dentate-hilus border of the rat dentate gyrus: morphological and electrophysiological heterogeneity,Journal of Neuroscience,1997,9151716,1004,ASP.,65,Mott-Lewis-1997-3990-JNeurosci-Fig7Atop-Cell1004-ASP..jpeg,10701,fp_figure,100465171610701,
17,"Mott DD, Turner DA, Okazaki MM, Lewis DV",Interneurons of the dentate-hilus border of the rat dentate gyrus: morphological and electrophysiological heterogeneity,Journal of Neuroscience,1997,9151716,1005,ASP.,65,Mott-Lewis-1997-3990-JNeurosci-Fig7Atop-Cell1005-ASP..jpeg,10701,fp_figure,100565171610701,
13,"Mott DD, Turner DA, Okazaki MM, Lewis DV",Interneurons of the dentate-hilus border of the rat dentate gyrus: morphological and electrophysiological heterogeneity,Journal of Neuroscience,1997,9151716,1004,RASP.NASP,75,Mott-Lewis-1997-3990-JNeurosci-Fig8A-Cell1004-FASP.NASP.jpeg,10801,fp_figure,100475171610801,
20,"Mott DD, Turner DA, Okazaki MM, Lewis DV",Interneurons of the dentate-hilus border of the rat dentate gyrus: morphological and electrophysiological heterogeneity,Journal of Neuroscience,1997,9151716,1005,RASP.NASP,75,Mott-Lewis-1997-3990-JNeurosci-Fig8A-Cell1005-FASP.NASP.jpeg,10801,fp_figure,100575171610801,
136,"Oliva AA Jr, Jiang M, Lam T, Smith KL, Swann JW",Novel hippocampal interneuronal subtypes identified using transgenic mice that express green fluorescent protein in GABAergic interneurons,Journal of Neuroscience,2000,10777798,4066,NASP,56,Oliva-Swann-2000-3354-JNeurosci-Fig7bmid-Cell4066-NASP.jpeg,10702,fp_figure,406656779810702,
137,"Oliva AA Jr, Jiang M, Lam T, Smith KL, Swann JW",Novel hippocampal interneuronal subtypes identified using transgenic mice that express green fluorescent protein in GABAergic interneurons,Journal of Neuroscience,2000,10777798,4066,NASP,56,Oliva-Swann-2000-3354-JNeurosci-Fig7btop-Cell4066-NASP.jpeg,10707,fp_figure,406656779810707,
109,"Pawelzik H, Hughes DI, Thomson AM",Physiological and morphological diversity of immunocytochemically defined parvalbumin- and cholecystokinin-positive interneurones in CA1 of the adult rat hippocampus,Journal of Comparative Neurology,2002,11807843,4028,NASP,56,Pawelzik-Thomson-2002-346-JCompNeurol-Fig10B-Cell4028-NASP.jpeg,11002,fp_figure,402856784311002,
111,"Pawelzik H, Hughes DI, Thomson AM",Physiological and morphological diversity of immunocytochemically defined parvalbumin- and cholecystokinin-positive interneurones in CA1 of the adult rat hippocampus,Journal of Comparative Neurology,2002,11807843,4028,RASP.ASP.,80,Pawelzik-Thomson-2002-346-JCompNeurol-Fig11Gbot-Cell4028-FASP.ASP..jpeg,11108,fp_figure,402880784311108,
110,"Pawelzik H, Hughes DI, Thomson AM",Physiological and morphological diversity of immunocytochemically defined parvalbumin- and cholecystokinin-positive interneurones in CA1 of the adult rat hippocampus,Journal of Comparative Neurology,2002,11807843,4028,NASP,56,Pawelzik-Thomson-2002-346-JCompNeurol-Fig11Gtop-Cell4028-NASP.jpeg,11107,fp_figure,402856784311107,
88,"Pawelzik H, Hughes DI, Thomson AM",Physiological and morphological diversity of immunocytochemically defined parvalbumin- and cholecystokinin-positive interneurones in CA1 of the adult rat hippocampus,Journal of Comparative Neurology,2002,11807843,4003,ASP.,65,Pawelzik-Thomson-2002-346-JCompNeurol-Fig12B-Cell4003-ASP..jpeg,11202,fp_figure,400365784311202,
143,"Pawelzik H, Hughes DI, Thomson AM",Physiological and morphological diversity of immunocytochemically defined parvalbumin- and cholecystokinin-positive interneurones in CA1 of the adult rat hippocampus,Journal of Comparative Neurology,2002,11807843,4078,ASP.SLN,51,Pawelzik-Thomson-2002-346-JCompNeurol-Fig3Fbot-Cell4078-ASP.SLN.jpeg,10308,fp_figure,407851784310308,
142,"Pawelzik H, Hughes DI, Thomson AM",Physiological and morphological diversity of immunocytochemically defined parvalbumin- and cholecystokinin-positive interneurones in CA1 of the adult rat hippocampus,Journal of Comparative Neurology,2002,11807843,4078,TSTUT.,69,Pawelzik-Thomson-2002-346-JCompNeurol-Fig3Ftop-Cell4078-TSTUT..jpeg,10306,fp_figure,407869784310306,
123,"Pawelzik H, Hughes DI, Thomson AM",Physiological and morphological diversity of immunocytochemically defined parvalbumin- and cholecystokinin-positive interneurones in CA1 of the adult rat hippocampus,Journal of Comparative Neurology,2002,11807843,4036,PSTUT,62,Pawelzik-Thomson-2002-346-JCompNeurol-Fig4Bbot-Cell4036-PSTUT.jpeg,10404,fp_figure,403662784310404,
122,"Pawelzik H, Hughes DI, Thomson AM",Physiological and morphological diversity of immunocytochemically defined parvalbumin- and cholecystokinin-positive interneurones in CA1 of the adult rat hippocampus,Journal of Comparative Neurology,2002,11807843,4036,PSTUT,62,Pawelzik-Thomson-2002-346-JCompNeurol-Fig4Btop-Cell4036-PSTUT.jpeg,10402,fp_figure,403662784310402,
150,"Pawelzik H, Hughes DI, Thomson AM",Physiological and morphological diversity of immunocytochemically defined parvalbumin- and cholecystokinin-positive interneurones in CA1 of the adult rat hippocampus,Journal of Comparative Neurology,2002,11807843,4080,ASP.,65,Pawelzik-Thomson-2002-346-JCompNeurol-Fig5Bbot-Cell4080-ASP..jpeg,10508,fp_figure,408065784310508,
149,"Pawelzik H, Hughes DI, Thomson AM",Physiological and morphological diversity of immunocytochemically defined parvalbumin- and cholecystokinin-positive interneurones in CA1 of the adult rat hippocampus,Journal of Comparative Neurology,2002,11807843,4080,PSTUT,62,Pawelzik-Thomson-2002-346-JCompNeurol-Fig5Btop-Cell4080-PSTUT.jpeg,10502,fp_figure,408062784310502,
152,"Pawelzik H, Hughes DI, Thomson AM",Physiological and morphological diversity of immunocytochemically defined parvalbumin- and cholecystokinin-positive interneurones in CA1 of the adult rat hippocampus,Journal of Comparative Neurology,2002,11807843,4080,ASP.,65,Pawelzik-Thomson-2002-346-JCompNeurol-Fig5Gbot-Cell4080-ASP..jpeg,10509,fp_figure,408065784310509,
151,"Pawelzik H, Hughes DI, Thomson AM",Physiological and morphological diversity of immunocytochemically defined parvalbumin- and cholecystokinin-positive interneurones in CA1 of the adult rat hippocampus,Journal of Comparative Neurology,2002,11807843,4080,PSTUT,62,Pawelzik-Thomson-2002-346-JCompNeurol-Fig5Gtop-Cell4080-PSTUT.jpeg,10507,fp_figure,408062784310507,
113,"Pawelzik H, Hughes DI, Thomson AM",Physiological and morphological diversity of immunocytochemically defined parvalbumin- and cholecystokinin-positive interneurones in CA1 of the adult rat hippocampus,Journal of Comparative Neurology,2002,11807843,4033,ASP.,65,Pawelzik-Thomson-2002-346-JCompNeurol-Fig8Ebot-Cell4033-ASP..jpeg,10808,fp_figure,403365784310808,
112,"Pawelzik H, Hughes DI, Thomson AM",Physiological and morphological diversity of immunocytochemically defined parvalbumin- and cholecystokinin-positive interneurones in CA1 of the adult rat hippocampus,Journal of Comparative Neurology,2002,11807843,4033,RASP.NASP,75,Pawelzik-Thomson-2002-346-JCompNeurol-Fig8Etop-Cell4033-FASP.NASP.jpeg,10805,fp_figure,403375784310805,
106,"Pawelzik H, Hughes DI, Thomson AM",Physiological and morphological diversity of immunocytochemically defined parvalbumin- and cholecystokinin-positive interneurones in CA1 of the adult rat hippocampus,Journal of Comparative Neurology,2002,11807843,4015,ASP.,65,Pawelzik-Thomson-2002-346-JCompNeurol-Fig9Bbot-Cell4015-ASP..jpeg,10903,fp_figure,401565784310903,
105,"Pawelzik H, Hughes DI, Thomson AM",Physiological and morphological diversity of immunocytochemically defined parvalbumin- and cholecystokinin-positive interneurones in CA1 of the adult rat hippocampus,Journal of Comparative Neurology,2002,11807843,4015,ASP.SLN,51,Pawelzik-Thomson-2002-346-JCompNeurol-Fig9Btop-Cell4015-ASP.SLN.jpeg,10902,fp_figure,401551784310902,
41,"Pierce JP, McCloskey DP, Scharfman HE",Morphometry of hilar ectopic granule cells in the rat,Journal of Comparative Neurology,2011,21344409,1041,ASP.,65,Pierce-Scharfman-2011-1196-JCompNeurol-Fig6A1-Cell1041-ASP..jpeg,10601,fp_figure,104165440910601,
42,"Pierce JP, McCloskey DP, Scharfman HE",Morphometry of hilar ectopic granule cells in the rat,Journal of Comparative Neurology,2011,21344409,1041,TSWB.SLN,55,Pierce-Scharfman-2011-1196-JCompNeurol-Fig6A2-Cell1041-TSWB.SLN.jpeg,10602,fp_figure,104155440910602,
46,"Podlogar M, Dietrich D",Firing pattern of rat hippocampal neurons: a perforated patch clamp study,Brain Research,2006,16584711,2000,ASP.,65,Podlogar-Dietrich-2006-95-BrainRes-Fig3Bleft-Cell2000-ASP..jpeg,10302,fp_figure,200065471110302,
47,"Podlogar M, Dietrich D",Firing pattern of rat hippocampal neurons: a perforated patch clamp study,Brain Research,2006,16584711,2000,ASP.NASP,58,Podlogar-Dietrich-2006-95-BrainRes-Fig3Bright-Cell2000-ASP.NASP.jpeg,10303,fp_figure,200058471110303,
94,"Price CJ, Cauli B, Kovacs ER, Kulik A, Lambolez B, Shigemoto R, Capogna M",Neurogliaform neurons form a novel inhibitory network in the hippocampal CA1 area,Journal of Neuroscience,2005,16033887,4011,ASP.,65,Price-Capogna-2005-6775-JNeurosci-Fig1A1-Cell4011-ASP..jpeg,10304,fp_figure,401165388710304,
97,"Price CJ, Cauli B, Kovacs ER, Kulik A, Lambolez B, Shigemoto R, Capogna M",Neurogliaform neurons form a novel inhibitory network in the hippocampal CA1 area,Journal of Neuroscience,2005,16033887,4012,ASP.,65,Price-Capogna-2005-6775-JNeurosci-Fig1A1-Cell4012-ASP..jpeg,10304,fp_figure,401265388710304,
93,"Price CJ, Cauli B, Kovacs ER, Kulik A, Lambolez B, Shigemoto R, Capogna M",Neurogliaform neurons form a novel inhibitory network in the hippocampal CA1 area,Journal of Neuroscience,2005,16033887,4011,PSTUT,62,Price-Capogna-2005-6775-JNeurosci-Fig1A2-Cell4011-PSTUT.jpeg,10301,fp_figure,401162388710301,
96,"Price CJ, Cauli B, Kovacs ER, Kulik A, Lambolez B, Shigemoto R, Capogna M",Neurogliaform neurons form a novel inhibitory network in the hippocampal CA1 area,Journal of Neuroscience,2005,16033887,4012,PSTUT,62,Price-Capogna-2005-6775-JNeurosci-Fig1A2-Cell4012-PSTUT.jpeg,10301,fp_figure,401262388710301,
39,"Savanthrapadian S, Meyer T, Elgueta C, Booker SA, Vida I, Bartos M",Synaptic properties of SOM- and CCK-expressing cells in dentate gyrus interneuron networks,Journal of Neuroscience,2014,24920624,1035,NASP,56,Savanthrapadian-Bartos-2014-8197-JNeurosci-Fig1B1bot-Cell1035-NASP.jpeg,10103,fp_figure,103556062410103,
38,"Savanthrapadian S, Meyer T, Elgueta C, Booker SA, Vida I, Bartos M",Synaptic properties of SOM- and CCK-expressing cells in dentate gyrus interneuron networks,Journal of Neuroscience,2014,24920624,1035,NASP,56,Savanthrapadian-Bartos-2014-8197-JNeurosci-Fig1B1top-Cell1035-NASP.jpeg,10102,fp_figure,103556062410102,
53,"Savi_ N, Sciancalepore M","Electrophysiological characterization of ""giant"" cells in stratum radiatum of the CA3 hippocampal region",Journal of Neurophysiology,2001,11353016,2003,ASP.,65,Savic-Sciancalepore-2001-1998-JNeurophysiol-Fig3A-Cell2003-ASP..jpeg,10301,fp_figure,200365301610301,
54,"Savi_ N, Sciancalepore M","Electrophysiological characterization of ""giant"" cells in stratum radiatum of the CA3 hippocampal region",Journal of Neurophysiology,2001,11353016,2003,ASP.,65,Savic-Sciancalepore-2001-1998-JNeurophysiol-Fig3C-Cell2003-ASP..jpeg,10303,fp_figure,200365301610303,
45,"Savi_ N, Sciancalepore M","Electrophysiological characterization of ""giant"" cells in stratum radiatum of the CA3 hippocampal region",Journal of Neurophysiology,2001,11353016,2000,ASP.,65,Savic-Sciancalepore-2001-1998-JNeurophysiol-Fig3D-Cell2000-ASP..jpeg,10304,fp_figure,200065301610304,
55,"Savi_ N, Sciancalepore M","Electrophysiological characterization of ""giant"" cells in stratum radiatum of the CA3 hippocampal region",Journal of Neurophysiology,2001,11353016,2003,ASP.,65,Savic-Sciancalepore-2001-1998-JNeurophysiol-Fig4B-Cell2003-ASP..jpeg,10402,fp_figure,200365301610402,
40,"Scharfman HE, Sollas AE, Berger RE, Goodman JH, Pierce JP",Perforant path activation of ectopic granule cells that are born after pilocarpine-induced seizures,Neuroscience,2003,14580952,1041,RASP.,79,Scharfman-Pierce-2003-1017-Neurosci-Fig10D-Cell1041-FASP..jpeg,11004,fp_figure,104179095211004,
107,"Sik A, Ylinen A, Penttonen M, BuzsÃÂ ki G",Inhibitory CA1-CA3-hilar region feedback in the hippocampus,Science,1994,8085161,4023,NASP,56,Sik-Buzsaki-1994-1722-Science-Fig4A-Cell4023-NASP.jpeg,10401,fp_figure,402356516110401,
138,"Sik A, Penttonen M, Ylinen A, BuzsÃÂ ki G",Hippocampal CA1 interneurons: an in vivo intracellular labeling study,Journal of Neuroscience,1995,7472426,4069,NASP,56,Sik-Buzsaki-1995-6651-JNeurosci-Fig5C-Cell4069-NASP.jpeg,10503,fp_figure,406956242610503,
116,"Sik A, Penttonen M, Ylinen A, BuzsÃÂ ki G",Hippocampal CA1 interneurons: an in vivo intracellular labeling study,Journal of Neuroscience,1995,7472426,4035,NASP,56,Sik-Buzsaki-1995-6651-JNeurosci-Fig8F-Cell4035-NASP.jpeg,10806,fp_figure,403556242610806,
62,"Spruston N, LÃÂbke J, Frotscher M",Interneurons in the stratum lucidum of the rat hippocampus: an anatomical and electrophysiological characterization,Journal of Comparative Neurology,1997,9300769,2013,ASP.,65,Spruston-Frotscher-1997-427-JCompNeurol-Fig5B-Cell2013-ASP..jpeg,10502,fp_figure,201365076910502,
63,"Spruston N, LÃÂbke J, Frotscher M",Interneurons in the stratum lucidum of the rat hippocampus: an anatomical and electrophysiological characterization,Journal of Comparative Neurology,1997,9300769,2013,D.NASP,57,Spruston-Frotscher-1997-427-JCompNeurol-Fig5C-Cell2013-D.NASP.jpeg,10503,fp_figure,201357076910503,
64,"Spruston N, LÃÂbke J, Frotscher M",Interneurons in the stratum lucidum of the rat hippocampus: an anatomical and electrophysiological characterization,Journal of Comparative Neurology,1997,9300769,2013,PSTUT,62,Spruston-Frotscher-1997-427-JCompNeurol-Fig8B-Cell2013-PSTUT.jpeg,10802,fp_figure,201362076910802,
65,"Spruston N, LÃÂbke J, Frotscher M",Interneurons in the stratum lucidum of the rat hippocampus: an anatomical and electrophysiological characterization,Journal of Comparative Neurology,1997,9300769,2013,NASP,56,Spruston-Frotscher-1997-427-JCompNeurol-Fig8C-Cell2013-NASP.jpeg,10803,fp_figure,201356076910803,
139,"Spruston N, McBain C","Structural and Functional Properties of  Hippocampal Neurons",The Hippocampus Book,2007,978-0-19-5100273,4069,NASP,56,Spruston-McBain-2007-133-THB-Fig24A2-Cell4069-NASP.jpeg,12401,fp_figure,406956027312401,
85,"Staff NP, Jung HY, Thiagarajan T, Yao M, Spruston N",Resting and active properties of pyramidal neurons in subiculum and CA1 of rat hippocampus,Journal of Neurophysiology,2000,11067982,4000,NASP,56,Staff-Spruston-2000-2398-JNeurophysiol-Fig5D-Cell4000-NASP.jpeg,10504,fp_figure,400056798210504,
66,"Szabadics J, Ivan Soltesz I",Functional specificity of mossy fiber innervation of GABAergic cells in the hippocampus,Journal of Neuroscience,2009,19339618,2019,ASP.,65,Szabadics-Soltesz-2009-4239-JNeurosci-Fig5A-Cell2019-ASP..jpeg,10501,fp_figure,201965961810501,
67,"Szabadics J, Ivan Soltesz I",Functional specificity of mossy fiber innervation of GABAergic cells in the hippocampus,Journal of Neuroscience,2009,19339618,2019,PSTUT,62,Szabadics-Soltesz-2009-4239-JNeurosci-Fig5D-Cell2019-PSTUT.jpeg,10504,fp_figure,201962961810504,
72,"Szabadics J, Soltesz I",Functional specificity of mossy fiber innervation of GABAergic cells in the hippocampus,Journal of Neuroscience,2009,19339618,2036,ASP.,65,Szabadics-Soltesz-2009-4239-JNeurosci-Fig6-Cell2036-ASP..jpeg,10600,fp_figure,203665961810600,
51,"Szabadics J, Varga C, Brunner J, Chen K, Soltesz I",Granule cells in the CA3 area,Journal of Neuroscience,2010,20554881,2001,TSTUT.ASP.,68,Szabadics-Soltesz-2010-8296-JNeurosci-Fig2A3-Cell2001-TSTUT.ASP..jpeg,10201,fp_figure,200168488110201,
52,"Szabadics J, Varga C, Brunner J, Chen K, Soltesz I",Granule cells in the CA3 area,Journal of Neuroscience,2010,20554881,2001,ASP.,65,Szabadics-Soltesz-2010-8296-JNeurosci-Fig2B-Cell2001-ASP..jpeg,10202,fp_figure,200165488110202,
75,"SzabÃÂ¢ GG, Holderith N, GulyÃÂ s AI, Freund TF, HÃÂ jos N",Distinct synaptic properties of perisomatic inhibitory cell types and their different modulation by cholinergic receptor activation in the CA3 region of the mouse hippocampus,European Journal of Neuroscience,2010,20529124,2047,ASP.,65,Szabo-Hajos-2010-2234-EurJNeurosci-Fig1A-Cell2047-ASP..jpeg,10101,fp_figure,204765912410101,
,"Tahvildari B, Alonso A",Morphological and electrophysiological properties of lateral entorhinal cortex layers II and III principal neurons,Journal of Comparative Neurology,2005,16127693,6092,RASP.NASP,75,Tahvildari-Alonso-2005-123-JCompNeurol-Fig11Etop-Cell6092-FASP.NASP.jpeg,11105,fp_figure,609275769311105,
,"Tahvildari B, Alonso A",Morphological and electrophysiological properties of lateral entorhinal cortex layers II and III principal neurons,Journal of Comparative Neurology,2005,16127693,6092,RASP.NASP,75,Tahvildari-Alonso-2005-123-JCompNeurol-Fig11Ebot-Cell6092-FASP.NASP.jpeg,11106,fp_figure,609275769311106,
145,"Tricoire L, Pelkey KA, Erkkila BE, Jeffries BW, Yuan X, McBain CJ",A blueprint for the spatiotemporal origins of mouse hippocampal interneuron diversity,Journal of Neuroscience,2011,21795545,4078,NASP,56,Tricoire-McBain-2011-10948-JNeurosci-Cell4078-Fig7Agrey-NASP.jpeg,10701,fp_figure,407856554510701,
102,"Tricoire L, Pelkey KA, Erkkila BE, Jeffries BW, Yuan X, McBain CJ",A blueprint for the spatiotemporal origins of mouse hippocampal interneuron diversity,Journal of Neuroscience,2011,21795545,4013,PSTUT,62,Tricoire-McBain-2011-10948-JNeurosci-Fig7Cred-Cell4013-PSTUT.jpeg,10703,fp_figure,401362554510703,
124,"Tricoire L, Pelkey KA, Erkkila BE, Jeffries BW, Yuan X, McBain CJ",A blueprint for the spatiotemporal origins of mouse hippocampal interneuron diversity,Journal of Neuroscience,2011,21795545,4038,NASP,56,Tricoire-McBain-2011-10948-JNeurosci-Fig7Dgrey-Cell4038-NASP.jpeg,10704,fp_figure,403856554510704,
141,"Tricoire L, Pelkey KA, Erkkila BE, Jeffries BW, Yuan X, McBain CJ",A blueprint for the spatiotemporal origins of mouse hippocampal interneuron diversity,Journal of Neuroscience,2011,21795545,4076,NASP,56,Tricoire-McBain-2011-10948-JNeurosci-Fig7Fgray-Cell4076-NASP.jpeg,10712,fp_figure,407656554510712,
140,"Tricoire L, Pelkey KA, Erkkila BE, Jeffries BW, Yuan X, McBain CJ",A blueprint for the spatiotemporal origins of mouse hippocampal interneuron diversity,Journal of Neuroscience,2011,21795545,4076,NASP,56,Tricoire-McBain-2011-10948-JNeurosci-Fig7Fred-Cell4076-NASP.jpeg,10706,fp_figure,407656554510706,
118,"Tricoire L, Pelkey KA, Erkkila BE, Jeffries BW, Yuan X, McBain CJ",A blueprint for the spatiotemporal origins of mouse hippocampal interneuron diversity,Journal of Neuroscience,2011,21795545,4035,ASP.,65,Tricoire-McBain-2011-10948-JNeurosci-Fig7Ggrey-Cell4035-ASP..jpeg,10712,fp_figure,403565554510712,
117,"Tricoire L, Pelkey KA, Erkkila BE, Jeffries BW, Yuan X, McBain CJ",A blueprint for the spatiotemporal origins of mouse hippocampal interneuron diversity,Journal of Neuroscience,2011,21795545,4035,ASP.SLN,51,Tricoire-McBain-2011-10948-JNeurosci-Fig7Gred-Cell4035-ASP.SLN.jpeg,10707,fp_figure,403551554510707,
135,"Tricoire L, Pelkey KA, Erkkila BE, Jeffries BW, Yuan X, McBain CJ",A blueprint for the spatiotemporal origins of mouse hippocampal interneuron diversity,Journal of Neuroscience,2011,21795545,4061,NASP,56,Tricoire-McBain-2011-10948-JNeurosci-Fig7Igrey-Cell4061-NASP.jpeg,10709,fp_figure,406156554510709,
126,"Tricoire L, Pelkey KA, Erkkila BE, Jeffries BW, Yuan X, McBain CJ",A blueprint for the spatiotemporal origins of mouse hippocampal interneuron diversity,Journal of Neuroscience,2011,21795545,4039,NASP,56,Tricoire-McBain-2011-10948-JNeurosci-Fig8Agrey-Cell4039-NASP.jpeg,10801,fp_figure,403956554510801,
134,"Tricoire L, Pelkey KA, Erkkila BE, Jeffries BW, Yuan X, McBain CJ",A blueprint for the spatiotemporal origins of mouse hippocampal interneuron diversity,Journal of Neuroscience,2011,21795545,4061,ASP.,65,Tricoire-McBain-2011-10948-JNeurosci-Fig8Dgrey-Cell4061-ASP..jpeg,10812,fp_figure,406165554510812,
133,"Tricoire L, Pelkey KA, Erkkila BE, Jeffries BW, Yuan X, McBain CJ",A blueprint for the spatiotemporal origins of mouse hippocampal interneuron diversity,Journal of Neuroscience,2011,21795545,4061,RASP.,79,Tricoire-McBain-2011-10948-JNeurosci-Fig8Dred-Cell4061-FASP..jpeg,10804,fp_figure,406179554510804,
99,"Tricoire L, Pelkey KA, Erkkila BE, Jeffries BW, Yuan X, McBain CJ",A blueprint for the spatiotemporal origins of mouse hippocampal interneuron diversity,Journal of Neuroscience,2011,21795545,4012,ASP.,65,Tricoire-McBain-2011-10948-JNeurosci-Fig8Fgrey-Cell4012-ASP..jpeg,10812,fp_figure,401265554510812,
98,"Tricoire L, Pelkey KA, Erkkila BE, Jeffries BW, Yuan X, McBain CJ",A blueprint for the spatiotemporal origins of mouse hippocampal interneuron diversity,Journal of Neuroscience,2011,21795545,4012,D.,72,Tricoire-McBain-2011-10948-JNeurosci-Fig8Fred-Cell4012-D..jpeg,10806,fp_figure,401272554510806,
115,"Tricoire L, Pelkey KA, Erkkila BE, Jeffries BW, Yuan X, McBain CJ",A blueprint for the spatiotemporal origins of mouse hippocampal interneuron diversity,Journal of Neuroscience,2011,21795545,4033,ASP.,65,Tricoire-McBain-2011-10948-JNeurosci-Fig8Kgrey-Cell4033-ASP..jpeg,10812,fp_figure,403365554510812,
114,"Tricoire L, Pelkey KA, Erkkila BE, Jeffries BW, Yuan X, McBain CJ",A blueprint for the spatiotemporal origins of mouse hippocampal interneuron diversity,Journal of Neuroscience,2011,21795545,4033,RASP.,79,Tricoire-McBain-2011-10948-JNeurosci-Fig8Kred-Cell4033-FASP..jpeg,10811,fp_figure,403379554510811,
108,"Vida I, Halasy K, Szinyei C, Somogyi P, Buhl EH",Unitary IPSPs evoked by interneurons at the stratum radiatum-stratum lacunosum-moleculare border in the CA1 area of the rat hippocampus in vitro,Journal of Physiology,1998,9503336,4028,ASP.,65,Vida-Buhl-1998-755-JPhysiol-Fig3Ba-Cell4028-ASP..jpeg,10302,fp_figure,402865333610302,
91,"Vida I, Halasy K, Szinyei C, Somogyi P, Buhl EH",Unitary IPSPs evoked by interneurons at the stratum radiatum-stratum lacunosum-moleculare border in the CA1 area of the rat hippocampus in vitro,Journal of Physiology,1998,9503336,4006,ASP.SLN,51,Vida-Buhl-1998-755-JPhysiol-Fig5B-Cell4006-ASP.SLN.jpeg,10502,fp_figure,400651333610502,
90,"Vida I, Halasy K, Szinyei C, Somogyi P, Buhl EH",Unitary IPSPs evoked by interneurons at the stratum radiatum-stratum lacunosum-moleculare border in the CA1 area of the rat hippocampus in vitro,Journal of Physiology,1998,9503336,4005,ASP.,65,Vida-Buhl-1998-755-JPhysiol-Fig6Ba-Cell4005-ASP..jpeg,10602,fp_figure,400565333610602,
70,"Vida I, Frotscher M",A hippocampal interneuron associated with the mossy fiber system,PNAS,2000,10655521,2035,ASP.,65,Vida-Frotscher-2000-1275-PNAS-Fig1Cb-Cell2035-ASP..jpeg,10103,fp_figure,203565552110103,
89,"Williams S, Samulack DD, Beaulieu C, LaCaille JC",Membrane properties and synaptic responses of interneurons located near the stratum lacunosum-moleculare/radiatum border of area CA1 in whole-cell recordings from rat hippocampal slices,Journal of Neurophysiology,1994,7931512,4005,ASP.,65,Williams-Lacaille-1994-2217-JNeurophysiol-Fig5top-Cell4005-ASP..jpeg,10501,fp_figure,400565151210501,
4,"Williams PA, Larimer P, Gao Y, Strowbridge BW.",Semilunar granule cells: glutamatergic neurons in the rat dentate gyrus with axon collaterals in the inner molecular layer.,Journal of Neuroscience,2007,18077687,1000,TSWB.SLN,55,Williams-Strowbridge-2007-13756-JNeurosci-Fig2A1bot-Cell1000-TSWB.SLN.jpeg,10204,fp_figure,100055768710204,
7,"Williams PA, Larimer P, Gao Y, Strowbridge BW.",Semilunar granule cells: glutamatergic neurons in the rat dentate gyrus with axon collaterals in the inner molecular layer.,Journal of Neuroscience,2007,18077687,1001,RASP.NASP,75,Williams-Strowbridge-2007-13756-JNeurosci-Fig2A1bot-Cell1001-FASP.NASP.jpeg,10203,fp_figure,100175768710203,
3,"Williams PA, Larimer P, Gao Y, Strowbridge BW.",Semilunar granule cells: glutamatergic neurons in the rat dentate gyrus with axon collaterals in the inner molecular layer.,Journal of Neuroscience,2007,18077687,1000,TSWB.SLN,55,Williams-Strowbridge-2007-13756-JNeurosci-Fig2A1-Cell1000-TSWB.SLN.jpeg,10201,fp_figure,100055768710201,
6,"Williams PA, Larimer P, Gao Y, Strowbridge BW.",Semilunar granule cells: glutamatergic neurons in the rat dentate gyrus with axon collaterals in the inner molecular layer.,Journal of Neuroscience,2007,18077687,1001,RASP.NASP,75,Williams-Strowbridge-2007-13756-JNeurosci-Fig2A1mid-Cell1001-FASP.NASP.jpeg,10202,fp_figure,100175768710202,
5,"Williams PA, Larimer P, Gao Y, Strowbridge BW.",Semilunar granule cells: glutamatergic neurons in the rat dentate gyrus with axon collaterals in the inner molecular layer.,Journal of Neuroscience,2007,18077687,1001,TSTUT.NASP,59,Williams-Strowbridge-2007-13756-JNeurosci-Fig2A1top-Cell1001-TSTUT.NASP.jpeg,10201,fp_figure,100159768710201,
86,"Zemankovics R, KÃÂ li S, Paulsen O, Freund TF, HÃÂ jos N",Differences in subthreshold resonance of hippocampal pyramidal cells and interneurons: the role of h-current and passive membrane characteristics,Journal of Physiology,2010,20421280,4000,TSWB.NASP,60,Zemankovics-Hajos-2010-2109-JPhsyiol-Fig1A-Cell4000-TSWB.NASP.jpeg,10102,fp_figure,400060128010102,
155,"Zemankovics R, KÃÂ li S, Paulsen O, Freund TF, HÃÂ jos N",Differences in subthreshold resonance of hippocampal pyramidal cells and interneurons: the role of h-current and passive membrane characteristics,Journal of Physiology,2010,20421280,4087,TSTUT.NASP,59,Zemankovics-Hajos-2010-2109-JPhsyiol-Fig1BOLM-Cell4087-TSTUT.NASP.jpeg,10102,fp_figure,408759128010102,
125,"Zemankovics R, KÃÂ li S, Paulsen O, Freund TF, HÃÂ jos N",Differences in subthreshold resonance of hippocampal pyramidal cells and interneurons: the role of h-current and passive membrane characteristics,Journal of Physiology,2010,20421280,4039,ASP.,65,Zemankovics-Hajos-2010-2109-JPhsyiol-Fig1BO-R-Cell4039-ASP..jpeg,10103,fp_figure,403965128010103,
,,,,,,,,,,,,,
,,,,,,,,,,,,,
,,,,,,,,,,,,,
,,,,,,,,,,,,,
,,,,,,,,,,,,,
,,,,,,,,,,,,,
,,,,,,,,,,,,,
,,,,,,,,,,,,,
,,,,,,,,,,,,,
,,,,,,,,,,,,,
,,,,,,,,,,,,,
,,,,,,,,,,,,,
,,,,,,,,,,,,,
,,,,,,,,,,,,,
,,,,,,,,,,,,,
,,,,,,,,,,,,,
,,,,,,,,,,,,,
,,,,,,,,,,,,,
,,,,,,,,,,,,,
,,,,,,,,,,,,,
,,,,,,,,,,,,,
,,,,,,,,,,,,,
,,,,,,,,,,,,,
,,,,,,,,,,,,,
,,,,,,,,,,,,,
,,,,,,,,,,,,,
,,,,,,,,,,,,,
,,,,,,,,,,,,,
,,,,,,,,,,,,,
,,,,,,,,,,,,,
,,,,,,,,,,,,,
,,,,,,,,,,,,,
,,,,,,,,,,,,,
,,,,,,,,,,,,,
,,,,,,,,,,,,,
,,,,,,,,,,,,,
,,,,,,,,,,,,,
,,,,,,,,,,,,,
,,,,,,,,,,,,,
,,,,,,,,,,,,,
,,,,,,,,,,,,,
,,,,,,,,,,,,,
,,,,,,,,,,,,,
,,,,,,,,,,,,,
,,,,,,,,,,,,,
,,,,,,,,,,,,,
,,,,,,,,,,,,,
,,,,,,,,,,,,,
,,,,,,,,,,,,,
,,,,,,,,,,,,,
,,,,,,,,,,,,,
,,,,,,,,,,,,,
,,,,,,,,,,,,,
,,,,,,,,,,,,,
,,,,,,,,,,,,,
,,,,,,,,,,,,,
,,,,,,,,,,,,,
,,,,,,,,,,,,,
,,,,,,,,,,,,,
,,,,,,,,,,,,,
,,,,,,,,,,,,,
,,,,,,,,,,,,,
,,,,,,,,,,,,,
,,,,,,,,,,,,,
,,,,,,,,,,,,,
,,,,,,,,,,,,,
,,,,,,,,,,,,,
,,,,,,,,,,,,,
,,,,,,,,,,,,,
,,,,,,,,,,,,,
,,,,,,,,,,,,,
,,,,,,,,,,,,,
,,,,,,,,,,,,,
,,,,,,,,,,,,,
,,,,,,,,,,,,,
,,,,,,,,,,,,,
,,,,,,,,,,,,,
,,,,,,,,,,,,,
,,,,,,,,,,,,,
,,,,,,,,,,,,,
,,,,,,,,,,,,,
,,,,,,,,,,,,,
,,,,,,,,,,,,,
,,,,,,,,,,,,,
,,,,,,,,,,,,,
,,,,,,,,,,,,,
,,,,,,,,,,,,,
,,,,,,,,,,,,,
,,,,,,,,,,,,,
,,,,,,,,,,,,,
,,,,,,,,,,,,,
,,,,,,,,,,,,,
,,,,,,,,,,,,,
,,,,,,,,,,,,,
,,,,,,,,,,,,,
,,,,,,,,,,,,,
,,,,,,,,,,,,,
,,,,,,,,,,,,,
,,,,,,,,,,,,,
,,,,,,,,,,,,,
,,,,,,,,,,,,,
,,,,,,,,,,,,,
,,,,,,,,,,,,,
,,,,,,,,,,,,,
,,,,,,,,,,,,,
,,,,,,,,,,,,,
,,,,,,,,,,,,,
,,,,,,,,,,,,,
,,,,,,,,,,,,,
,,,,,,,,,,,,,
,,,,,,,,,,,,,
,,,,,,,,,,,,,
,,,,,,,,,,,,,
,,,,,,,,,,,,,
,,,,,,,,,,,,,
,,,,,,,,,,,,,
,,,,,,,,,,,,,
,,,,,,,,,,,,,
,,,,,,,,,,,,,
,,,,,,,,,,,,,
,,,,,,,,,,,,,
,,,,,,,,,,,,,
,,,,,,,,,,,,,
,,,,,,,,,,,,,
,,,,,,,,,,,,,
,,,,,,,,,,,,,
,,,,,,,,,,,,,
,,,,,,,,,,,,,
,,,,,,,,,,,,,
,,,,,,,,,,,,,
,,,,,,,,,,,,,
,,,,,,,,,,,,,
,,,,,,,,,,,,,
,,,,,,,,,,,,,
,,,,,,,,,,,,,
,,,,,,,,,,,,,
,,,,,,,,,,,,,
,,,,,,,,,,,,,
,,,,,,,,,,,,,
,,,,,,,,,,,,,
,,,,,,,,,,,,,
,,,,,,,,,,,,,
,,,,,,,,,,,,,
,,,,,,,,,,,,,
,,,,,,,,,,,,,
,,,,,,,,,,,,,
,,,,,,,,,,,,,
,,,,,,,,,,,,,
,,,,,,,,,,,,,
,,,,,,,,,,,,,
,,,,,,,,,,,,,
,,,,,,,,,,,,,
,,,,,,,,,,,,,
,,,,,,,,,,,,,
,,,,,,,,,,,,,
,,,,,,,,,,,,,
,,,,,,,,,,,,,
,,,,,,,,,,,,,
,,,,,,,,,,,,,
,,,,,,,,,,,,,
,,,,,,,,,,,,,
,,,,,,,,,,,,,
,,,,,,,,,,,,,
,,,,,,,,,,,,,
,,,,,,,,,,,,,
,,,,,,,,,,,,,
,,,,,,,,,,,,,
,,,,,,,,,,,,,
,,,,,,,,,,,,,
,,,,,,,,,,,,,
,,,,,,,,,,,,,
,,,,,,,,,,,,,
,,,,,,,,,,,,,
,,,,,,,,,,,,,
,,,,,,,,,,,,,
,,,,,,,,,,,,,
,,,,,,,,,,,,,
,,,,,,,,,,,,,
,,,,,,,,,,,,,
,,,,,,,,,,,,,
,,,,,,,,,,,,,
,,,,,,,,,,,,,
,,,,,,,,,,,,,
,,,,,,,,,,,,,
,,,,,,,,,,,,,
,,,,,,,,,,,,,
,,,,,,,,,,,,,
,,,,,,,,,,,,,
,,,,,,,,,,,,,
,,,,,,,,,,,,,
,,,,,,,,,,,,,
,,,,,,,,,,,,,
,,,,,,,,,,,,,
,,,,,,,,,,,,,
,,,,,,,,,,,,,
,,,,,,,,,,,,,
,,,,,,,,,,,,,
,,,,,,,,,,,,,
,,,,,,,,,,,,,
,,,,,,,,,,,,,
,,,,,,,,,,,,,
,,,,,,,,,,,,,
,,,,,,,,,,,,,
,,,,,,,,,,,,,
,,,,,,,,,,,,,
,,,,,,,,,,,,,
,,,,,,,,,,,,,
,,,,,,,,,,,,,
,,,,,,,,,,,,,
,,,,,,,,,,,,,
,,,,,,,,,,,,,
,,,,,,,,,,,,,
,,,,,,,,,,,,,
,,,,,,,,,,,,,
,,,,,,,,,,,,,
,,,,,,,,,,,,,
,,,,,,,,,,,,,
,,,,,,,,,,,,,
,,,,,,,,,,,,,
,,,,,,,,,,,,,
,,,,,,,,,,,,,
,,,,,,,,,,,,,
,,,,,,,,,,,,,
,,,,,,,,,,,,,
,,,,,,,,,,,,,
,,,,,,,,,,,,,
,,,,,,,,,,,,,
,,,,,,,,,,,,,
,,,,,,,,,,,,,
,,,,,,,,,,,,,
,,,,,,,,,,,,,
,,,,,,,,,,,,,
,,,,,,,,,,,,,
,,,,,,,,,,,,,
,,,,,,,,,,,,,
,,,,,,,,,,,,,
,,,,,,,,,,,,,
,,,,,,,,,,,,,
,,,,,,,,,,,,,
,,,,,,,,,,,,,
,,,,,,,,,,,,,
,,,,,,,,,,,,,
,,,,,,,,,,,,,
,,,,,,,,,,,,,
,,,,,,,,,,,,,
,,,,,,,,,,,,,
,,,,,,,,,,,,,
,,,,,,,,,,,,,
,,,,,,,,,,,,,
,,,,,,,,,,,,,
,,,,,,,,,,,,,
,,,,,,,,,,,,,
,,,,,,,,,,,,,
,,,,,,,,,,,,,
,,,,,,,,,,,,,
,,,,,,,,,,,,,
,,,,,,,,,,,,,
,,,,,,,,,,,,,
,,,,,,,,,,,,,
,,,,,,,,,,,,,
,,,,,,,,,,,,,
,,,,,,,,,,,,,
,,,,,,,,,,,,,
,,,,,,,,,,,,,
,,,,,,,,,,,,,
,,,,,,,,,,,,,
,,,,,,,,,,,,,
,,,,,,,,,,,,,
,,,,,,,,,,,,,
,,,,,,,,,,,,,
,,,,,,,,,,,,,
,,,,,,,,,,,,,
,,,,,,,,,,,,,
,,,,,,,,,,,,,
,,,,,,,,,,,,,
,,,,,,,,,,,,,
,,,,,,,,,,,,,
,,,,,,,,,,,,,
,,,,,,,,,,,,,
,,,,,,,,,,,,,
,,,,,,,,,,,,,
,,,,,,,,,,,,,
,,,,,,,,,,,,,
,,,,,,,,,,,,,
,,,,,,,,,,,,,
,,,,,,,,,,,,,
,,,,,,,,,,,,,
,,,,,,,,,,,,,
,,,,,,,,,,,,,
,,,,,,,,,,,,,
,,,,,,,,,,,,,
,,,,,,,,,,,,,
,,,,,,,,,,,,,
,,,,,,,,,,,,,
,,,,,,,,,,,,,
,,,,,,,,,,,,,
,,,,,,,,,,,,,
,,,,,,,,,,,,,
,,,,,,,,,,,,,
,,,,,,,,,,,,,
,,,,,,,,,,,,,
,,,,,,,,,,,,,
,,,,,,,,,,,,,
,,,,,,,,,,,,,
,,,,,,,,,,,,,
,,,,,,,,,,,,,
,,,,,,,,,,,,,
,,,,,,,,,,,,,
,,,,,,,,,,,,,
,,,,,,,,,,,,,
,,,,,,,,,,,,,
,,,,,,,,,,,,,
,,,,,,,,,,,,,
,,,,,,,,,,,,,
,,,,,,,,,,,,,
,,,,,,,,,,,,,
,,,,,,,,,,,,,
,,,,,,,,,,,,,
,,,,,,,,,,,,,
,,,,,,,,,,,,,
,,,,,,,,,,,,,
,,,,,,,,,,,,,
,,,,,,,,,,,,,
,,,,,,,,,,,,,
,,,,,,,,,,,,,
,,,,,,,,,,,,,
,,,,,,,,,,,,,
,,,,,,,,,,,,,
,,,,,,,,,,,,,
,,,,,,,,,,,,,
,,,,,,,,,,,,,
,,,,,,,,,,,,,
,,,,,,,,,,,,,
,,,,,,,,,,,,,
,,,,,,,,,,,,,
,,,,,,,,,,,,,
,,,,,,,,,,,,,
,,,,,,,,,,,,,
,,,,,,,,,,,,,
,,,,,,,,,,,,,
,,,,,,,,,,,,,
,,,,,,,,,,,,,
,,,,,,,,,,,,,
,,,,,,,,,,,,,
,,,,,,,,,,,,,
,,,,,,,,,,,,,
,,,,,,,,,,,,,
,,,,,,,,,,,,,
,,,,,,,,,,,,,
,,,,,,,,,,,,,
,,,,,,,,,,,,,
,,,,,,,,,,,,,
,,,,,,,,,,,,,
,,,,,,,,,,,,,
,,,,,,,,,,,,,
,,,,,,,,,,,,,
,,,,,,,,,,,,,
,,,,,,,,,,,,,
,,,,,,,,,,,,,
,,,,,,,,,,,,,
,,,,,,,,,,,,,
,,,,,,,,,,,,,
,,,,,,,,,,,,,
,,,,,,,,,,,,,
,,,,,,,,,,,,,
,,,,,,,,,,,,,
,,,,,,,,,,,,,
,,,,,,,,,,,,,
,,,,,,,,,,,,,
,,,,,,,,,,,,,
,,,,,,,,,,,,,
,,,,,,,,,,,,,
,,,,,,,,,,,,,
,,,,,,,,,,,,,
,,,,,,,,,,,,,
,,,,,,,,,,,,,
,,,,,,,,,,,,,
,,,,,,,,,,,,,
,,,,,,,,,,,,,
,,,,,,,,,,,,,
,,,,,,,,,,,,,
,,,,,,,,,,,,,
,,,,,,,,,,,,,
,,,,,,,,,,,,,
,,,,,,,,,,,,,
,,,,,,,,,,,,,
,,,,,,,,,,,,,
,,,,,,,,,,,,,
,,,,,,,,,,,,,
,,,,,,,,,,,,,
,,,,,,,,,,,,,
,,,,,,,,,,,,,
,,,,,,,,,,,,,
,,,,,,,,,,,,,
,,,,,,,,,,,,,
,,,,,,,,,,,,,
,,,,,,,,,,,,,
,,,,,,,,,,,,,
,,,,,,,,,,,,,
,,,,,,,,,,,,,
,,,,,,,,,,,,,
,,,,,,,,,,,,,
,,,,,,,,,,,,,
,,,,,,,,,,,,,
,,,,,,,,,,,,,
,,,,,,,,,,,,,
,,,,,,,,,,,,,
,,,,,,,,,,,,,
,,,,,,,,,,,,,
,,,,,,,,,,,,,
,,,,,,,,,,,,,
,,,,,,,,,,,,,
,,,,,,,,,,,,,
,,,,,,,,,,,,,
,,,,,,,,,,,,,
,,,,,,,,,,,,,
,,,,,,,,,,,,,
,,,,,,,,,,,,,
,,,,,,,,,,,,,
,,,,,,,,,,,,,
,,,,,,,,,,,,,
,,,,,,,,,,,,,
,,,,,,,,,,,,,
,,,,,,,,,,,,,
,,,,,,,,,,,,,
,,,,,,,,,,,,,
,,,,,,,,,,,,,
,,,,,,,,,,,,,
,,,,,,,,,,,,,
,,,,,,,,,,,,,
,,,,,,,,,,,,,
,,,,,,,,,,,,,
,,,,,,,,,,,,,
,,,,,,,,,,,,,
,,,,,,,,,,,,,
,,,,,,,,,,,,,
,,,,,,,,,,,,,
,,,,,,,,,,,,,
,,,,,,,,,,,,,
,,,,,,,,,,,,,
,,,,,,,,,,,,,
,,,,,,,,,,,,,
,,,,,,,,,,,,,
,,,,,,,,,,,,,
,,,,,,,,,,,,,
,,,,,,,,,,,,,
,,,,,,,,,,,,,
,,,,,,,,,,,,,
,,,,,,,,,,,,,
,,,,,,,,,,,,,
,,,,,,,,,,,,,
,,,,,,,,,,,,,
,,,,,,,,,,,,,
,,,,,,,,,,,,,
,,,,,,,,,,,,,
,,,,,,,,,,,,,
,,,,,,,,,,,,,
,,,,,,,,,,,,,
,,,,,,,,,,,,,
,,,,,,,,,,,,,
,,,,,,,,,,,,,
,,,,,,,,,,,,,
,,,,,,,,,,,,,
,,,,,,,,,,,,,
,,,,,,,,,,,,,
,,,,,,,,,,,,,
,,,,,,,,,,,,,
,,,,,,,,,,,,,
,,,,,,,,,,,,,
,,,,,,,,,,,,,
,,,,,,,,,,,,,
,,,,,,,,,,,,,
,,,,,,,,,,,,,
,,,,,,,,,,,,,
,,,,,,,,,,,,,
,,,,,,,,,,,,,
,,,,,,,,,,,,,
,,,,,,,,,,,,,
,,,,,,,,,,,,,
,,,,,,,,,,,,,
,,,,,,,,,,,,,
,,,,,,,,,,,,,
,,,,,,,,,,,,,
,,,,,,,,,,,,,
,,,,,,,,,,,,,
,,,,,,,,,,,,,
,,,,,,,,,,,,,
,,,,,,,,,,,,,
,,,,,,,,,,,,,
,,,,,,,,,,,,,
,,,,,,,,,,,,,
,,,,,,,,,,,,,
,,,,,,,,,,,,,
,,,,,,,,,,,,,
,,,,,,,,,,,,,
,,,,,,,,,,,,,
,,,,,,,,,,,,,
,,,,,,,,,,,,,
,,,,,,,,,,,,,
,,,,,,,,,,,,,
,,,,,,,,,,,,,
,,,,,,,,,,,,,
,,,,,,,,,,,,,
,,,,,,,,,,,,,
,,,,,,,,,,,,,
,,,,,,,,,,,,,
,,,,,,,,,,,,,
,,,,,,,,,,,,,
,,,,,,,,,,,,,
,,,,,,,,,,,,,
,,,,,,,,,,,,,
,,,,,,,,,,,,,
,,,,,,,,,,,,,
,,,,,,,,,,,,,
,,,,,,,,,,,,,
,,,,,,,,,,,,,
,,,,,,,,,,,,,
,,,,,,,,,,,,,
,,,,,,,,,,,,,
,,,,,,,,,,,,,
,,,,,,,,,,,,,
,,,,,,,,,,,,,
,,,,,,,,,,,,,
,,,,,,,,,,,,,
,,,,,,,,,,,,,
,,,,,,,,,,,,,
,,,,,,,,,,,,,
,,,,,,,,,,,,,
,,,,,,,,,,,,,
,,,,,,,,,,,,,
,,,,,,,,,,,,,
,,,,,,,,,,,,,
,,,,,,,,,,,,,
,,,,,,,,,,,,,
,,,,,,,,,,,,,
,,,,,,,,,,,,,
,,,,,,,,,,,,,
,,,,,,,,,,,,,
,,,,,,,,,,,,,
,,,,,,,,,,,,,
,,,,,,,,,,,,,
,,,,,,,,,,,,,
,,,,,,,,,,,,,
,,,,,,,,,,,,,
,,,,,,,,,,,,,
,,,,,,,,,,,,,
,,,,,,,,,,,,,
,,,,,,,,,,,,,
,,,,,,,,,,,,,
,,,,,,,,,,,,,
,,,,,,,,,,,,,
,,,,,,,,,,,,,
,,,,,,,,,,,,,
,,,,,,,,,,,,,
,,,,,,,,,,,,,
,,,,,,,,,,,,,
,,,,,,,,,,,,,
,,,,,,,,,,,,,
,,,,,,,,,,,,,
,,,,,,,,,,,,,
,,,,,,,,,,,,,
,,,,,,,,,,,,,
,,,,,,,,,,,,,
,,,,,,,,,,,,,
,,,,,,,,,,,,,
,,,,,,,,,,,,,
,,,,,,,,,,,,,
,,,,,,,,,,,,,
,,,,,,,,,,,,,
,,,,,,,,,,,,,
,,,,,,,,,,,,,
,,,,,,,,,,,,,
,,,,,,,,,,,,,
,,,,,,,,,,,,,
,,,,,,,,,,,,,
,,,,,,,,,,,,,
,,,,,,,,,,,,,
,,,,,,,,,,,,,
,,,,,,,,,,,,,
,,,,,,,,,,,,,
,,,,,,,,,,,,,
,,,,,,,,,,,,,
,,,,,,,,,,,,,
,,,,,,,,,,,,,
,,,,,,,,,,,,,
,,,,,,,,,,,,,
,,,,,,,,,,,,,
,,,,,,,,,,,,,
,,,,,,,,,,,,,
,,,,,,,,,,,,,
,,,,,,,,,,,,,
,,,,,,,,,,,,,
,,,,,,,,,,,,,
,,,,,,,,,,,,,
,,,,,,,,,,,,,
,,,,,,,,,,,,,
,,,,,,,,,,,,,
,,,,,,,,,,,,,
,,,,,,,,,,,,,
,,,,,,,,,,,,,
,,,,,,,,,,,,,
,,,,,,,,,,,,,
,,,,,,,,,,,,,
,,,,,,,,,,,,,
,,,,,,,,,,,,,
,,,,,,,,,,,,,
,,,,,,,,,,,,,
,,,,,,,,,,,,,
,,,,,,,,,,,,,
,,,,,,,,,,,,,
,,,,,,,,,,,,,
,,,,,,,,,,,,,
,,,,,,,,,,,,,
,,,,,,,,,,,,,
,,,,,,,,,,,,,
,,,,,,,,,,,,,
,,,,,,,,,,,,,
,,,,,,,,,,,,,
,,,,,,,,,,,,,
,,,,,,,,,,,,,
,,,,,,,,,,,,,
,,,,,,,,,,,,,
,,,,,,,,,,,,,
,,,,,,,,,,,,,
,,,,,,,,,,,,,
,,,,,,,,,,,,,
,,,,,,,,,,,,,
,,,,,,,,,,,,,
,,,,,,,,,,,,,
,,,,,,,,,,,,,
,,,,,,,,,,,,,
,,,,,,,,,,,,,
,,,,,,,,,,,,,
,,,,,,,,,,,,,
,,,,,,,,,,,,,
,,,,,,,,,,,,,
,,,,,,,,,,,,,
,,,,,,,,,,,,,
,,,,,,,,,,,,,
,,,,,,,,,,,,,
,,,,,,,,,,,,,
,,,,,,,,,,,,,
,,,,,,,,,,,,,
,,,,,,,,,,,,,
,,,,,,,,,,,,,
,,,,,,,,,,,,,
,,,,,,,,,,,,,
,,,,,,,,,,,,,
,,,,,,,,,,,,,
,,,,,,,,,,,,,
,,,,,,,,,,,,,
,,,,,,,,,,,,,
,,,,,,,,,,,,,
,,,,,,,,,,,,,
,,,,,,,,,,,,,
,,,,,,,,,,,,,
,,,,,,,,,,,,,
,,,,,,,,,,,,,
,,,,,,,,,,,,,
,,,,,,,,,,,,,
,,,,,,,,,,,,,
,,,,,,,,,,,,,
,,,,,,,,,,,,,
,,,,,,,,,,,,,
,,,,,,,,,,,,,
,,,,,,,,,,,,,
,,,,,,,,,,,,,
,,,,,,,,,,,,,
,,,,,,,,,,,,,
,,,,,,,,,,,,,
,,,,,,,,,,,,,
,,,,,,,,,,,,,
,,,,,,,,,,,,,
,,,,,,,,,,,,,
,,,,,,,,,,,,,
,,,,,,,,,,,,,
,,,,,,,,,,,,,
,,,,,,,,,,,,,
,,,,,,,,,,,,,
,,,,,,,,,,,,,
,,,,,,,,,,,,,
,,,,,,,,,,,,,
,,,,,,,,,,,,,
,,,,,,,,,,,,,
,,,,,,,,,,,,,
,,,,,,,,,,,,,
,,,,,,,,,,,,,
,,,,,,,,,,,,,
,,,,,,,,,,,,,
,,,,,,,,,,,,,
,,,,,,,,,,,,,
,,,,,,,,,,,,,
,,,,,,,,,,,,,
,,,,,,,,,,,,,
,,,,,,,,,,,,,
,,,,,,,,,,,,,
,,,,,,,,,,,,,
,,,,,,,,,,,,,
,,,,,,,,,,,,,
,,,,,,,,,,,,,
,,,,,,,,,,,,,
,,,,,,,,,,,,,
,,,,,,,,,,,,,
,,,,,,,,,,,,,
,,,,,,,,,,,,,
,,,,,,,,,,,,,
,,,,,,,,,,,,,
,,,,,,,,,,,,,
,,,,,,,,,,,,,
,,,,,,,,,,,,,
,,,,,,,,,,,,,
,,,,,,,,,,,,,
,,,,,,,,,,,,,
,,,,,,,,,,,,,
,,,,,,,,,,,,,
,,,,,,,,,,,,,
,,,,,,,,,,,,,
,,,,,,,,,,,,,
,,,,,,,,,,,,,
,,,,,,,,,,,,,
,,,,,,,,,,,,,
,,,,,,,,,,,,,
,,,,,,,,,,,,,
,,,,,,,,,,,,,
,,,,,,,,,,,,,
,,,,,,,,,,,,,
,,,,,,,,,,,,,
,,,,,,,,,,,,,
,,,,,,,,,,,,,
,,,,,,,,,,,,,
,,,,,,,,,,,,,
,,,,,,,,,,,,,
,,,,,,,,,,,,,
,,,,,,,,,,,,,
,,,,,,,,,,,,,
,,,,,,,,,,,,,
,,,,,,,,,,,,,
,,,,,,,,,,,,,
,,,,,,,,,,,,,
,,,,,,,,,,,,,
,,,,,,,,,,,,,
,,,,,,,,,,,,,
,,,,,,,,,,,,,
,,,,,,,,,,,,,
,,,,,,,,,,,,,
,,,,,,,,,,,,,
,,,,,,,,,,,,,
,,,,,,,,,,,,,
,,,,,,,,,,,,,
,,,,,,,,,,,,,
,,,,,,,,,,,,,
,,,,,,,,,,,,,
,,,,,,,,,,,,,
,,,,,,,,,,,,,
,,,,,,,,,,,,,
,,,,,,,,,,,,,
,,,,,,,,,,,,,
,,,,,,,,,,,,,
,,,,,,,,,,,,,
,,,,,,,,,,,,,
,,,,,,,,,,,,,
,,,,,,,,,,,,,
,,,,,,,,,,,,,
,,,,,,,,,,,,,
,,,,,,,,,,,,,
,,,,,,,,,,,,,
,,,,,,,,,,,,,
,,,,,,,,,,,,,
,,,,,,,,,,,,,
,,,,,,,,,,,,,
,,,,,,,,,,,,,
,,,,,,,,,,,,,
,,,,,,,,,,,,,
,,,,,,,,,,,,,
,,,,,,,,,,,,,
,,,,,,,,,,,,,
,,,,,,,,,,,,,
,,,,,,,,,,,,,
,,,,,,,,,,,,,
,,,,,,,,,,,,,
,,,,,,,,,,,,,
,,,,,,,,,,,,,
,,,,,,,,,,,,,
,,,,,,,,,,,,,
,,,,,,,,,,,,,
,,,,,,,,,,,,,
,,,,,,,,,,,,,
,,,,,,,,,,,,,
,,,,,,,,,,,,,
,,,,,,,,,,,,,
,,,,,,,,,,,,,
,,,,,,,,,,,,,
,,,,,,,,,,,,,
,,,,,,,,,,,,,
,,,,,,,,,,,,,
,,,,,,,,,,,,,
,,,,,,,,,,,,,
,,,,,,,,,,,,,
,,,,,,,,,,,,,
,,,,,,,,,,,,,
,,,,,,,,,,,,,
,,,,,,,,,,,,,
,,,,,,,,,,,,,
,,,,,,,,,,,,,
,,,,,,,,,,,,,
,,,,,,,,,,,,,
,,,,,,,,,,,,,
,,,,,,,,,,,,,
,,,,,,,,,,,,,
,,,,,,,,,,,,,
,,,,,,,,,,,,,
,,,,,,,,,,,,,
,,,,,,,,,,,,,
,,,,,,,,,,,,,
,,,,,,,,,,,,,
,,,,,,,,,,,,,
,,,,,,,,,,,,,
,,,,,,,,,,,,,
,,,,,,,,,,,,,
,,,,,,,,,,,,,
,,,,,,,,,,,,,
,,,,,,,,,,,,,
,,,,,,,,,,,,,
,,,,,,,,,,,,,
,,,,,,,,,,,,,
,,,,,,,,,,,,,
,,,,,,,,,,,,,
,,,,,,,,,,,,,
,,,,,,,,,,,,,
,,,,,,,,,,,,,
,,,,,,,,,,,,,
,,,,,,,,,,,,,
,,,,,,,,,,,,,
,,,,,,,,,,,,,
,,,,,,,,,,,,,
,,,,,,,,,,,,,
,,,,,,,,,,,,,
,,,,,,,,,,,,,
,,,,,,,,,,,,,
,,,,,,,,,,,,,
,,,,,,,,,,,,,
,,,,,,,,,,,,,
,,,,,,,,,,,,,
,,,,,,,,,,,,,
,,,,,,,,,,,,,
,,,,,,,,,,,,,
,,,,,,,,,,,,,
,,,,,,,,,,,,,
,,,,,,,,,,,,,
,,,,,,,,,,,,,
,,,,,,,,,,,,,
,,,,,,,,,,,,,
,,,,,,,,,,,,,
,,,,,,,,,,,,,
,,,,,,,,,,,,,
,,,,,,,,,,,,,
,,,,,,,,,,,,,
,,,,,,,,,,,,,
,,,,,,,,,,,,,
,,,,,,,,,,,,,
,,,,,,,,,,,,,
,,,,,,,,,,,,,
,,,,,,,,,,,,,
,,,,,,,,,,,,,
,,,,,,,,,,,,,
,,,,,,,,,,,,,
,,,,,,,,,,,,,
,,,,,,,,,,,,,
,,,,,,,,,,,,,
,,,,,,,,,,,,,
,,,,,,,,,,,,,
,,,,,,,,,,,,,
,,,,,,,,,,,,,
,,,,,,,,,,,,,
,,,,,,,,,,,,,
,,,,,,,,,,,,,
,,,,,,,,,,,,,
,,,,,,,,,,,,,
,,,,,,,,,,,,,
,,,,,,,,,,,,,
,,,,,,,,,,,,,
,,,,,,,,,,,,,
,,,,,,,,,,,,,
,,,,,,,,,,,,,
,,,,,,,,,,,,,
,,,,,,,,,,,,,
,,,,,,,,,,,,,
,,,,,,,,,,,,,
,,,,,,,,,,,,,
,,,,,,,,,,,,,