Original Spreadsheet Row,Subregion,Cell type name,Unique ID,PMID,Species,Method,Raw temperature,Room/body temperature,Vrest,Vrest_Rep Value?,Vrest_> Value?,Vrest_Statistics String,Vrest_Statistical Method,Vrest_n,Vrest_Page Location,Vrest_Notes,Vrest_Orig ID,Rin,Rin_Rep Value?,Rin_> Value?,Rin_Statistics String,Rin_Statistical Method,Rin_n,Rin_Page Location,Rin_Notes,Rin_Orig ID,tau,tau_Rep Value?,tau_> Value?,tau_Statistics String,tau_Statistical Method,tau_n,tau_Page Location,tau_Notes,tau_Orig ID,Vthresh,Vthresh_Rep Value?,Vthresh_> Value?,Vthresh_Statistics String,Vthresh_Statistical Method,Vthresh_n,Vthresh_Page Location,Vthresh_Notes,Vthresh_Orig ID,Fast AHP,Fast AHP_Rep Value?,Fast AHP_> Value?,Fast AHP_Statistics String,Fast AHP_Statistical Method,Fast AHP_n,Fast AHP_Page Location,Fast AHP_Notes,Fast AHP_Orig ID,AP ampl,AP ampl_Rep Value?,AP ampl_> Value?,AP ampl_Statistics String,AP ampl_Statistical Method,AP ampl_n,AP ampl_Page Location,AP ampl_Notes,AP ampl_Orig ID,AP width,AP width_Rep Value?,AP width_> Value?,AP width_Statistics String,AP width_Statistical Method,AP width_n,AP width_Page Location,AP width_Notes,AP width_Orig ID,Max F.R.,Max F.R._Rep Value?,Max F.R._> Value?,Max F.R._Statistics String,Max F.R._Statistical Method,Max F.R._n,Max F.R._i stim,Max F.R._t stim,Max F.R._Page Location,Max F.R._Notes,Max F.R._Orig ID,Slow AHP,Slow AHP_Rep Value?,Slow AHP_> Value?,Slow AHP_Statistics String,Slow AHP_Statistical Method,Slow AHP_n,Slow AHP_i stim,Slow AHP_t stim,Slow AHP_Page Location,Slow AHP_Notes,Slow AHP_Orig ID,Sag ratio,Sag ratio_Rep Value?,Sag ratio_> Value?,Sag ratio_Statistics String,Sag ratio_Statistical Method,Sag ratio_n,Sag ratio_i stim,Sag ratio_Page Location,Sag ratio_Notes,Sag ratio_Orig ID,Direct Link Ref ID,Indirect Link PMID,Indirect Link pg num,Indirect Link quote,Other Link PMID,Other Link pg num,Other Link quote
6,DG,Granule (e)2201p,1000,9497429,r,p,36,b,-75,(***),,±2,SDEV,16,Tab1,,100001742920100,292,(**),,±34,SDEV,16,Tab1,,100002742920100,31,(**),,±2,SDEV,16,Tab1,,100003742920100,25.6,(**),,,SingVal,1,Fig1C,,100004742910103,11.7,(**),,±1.1,SDEV,16,Tab1,,100005742920100,69.4,(**),,,SingVal,1,Fig1C,,100006742910103,0.87,(*),,±0.06,SDEV,16,Tab1,,100007742920100,72,(*),,±8,SDEV,16,250,1000,Tab1,,100008742920100,0.6,(*),,±0.4,SDEV,16,250,1000,Tab1,,100009742920100,0.97,(**),,±0.01,SDEV,16,-50,Tab1,,100010742920100,612475,,,,,,
7,DG,Granule (e)2201p,1000,15483119,m,e,33.5,b,-75.5,,,±1.27,SEM,33,Tab1;  wild type,,100001311920100,81.9,,,±5.77,SEM,33,Tab1;  wild type,,100002311920100,7.48,,,±0.49,SEM,33,Tab1;  wild type,,100003311920100,28.8,,,,SingVal,1,Tab1;  wild type,"""in hippocampome.org, the Vthesh is defined as a potential relative to the resting potential  """,100004311920100,,,,,,,,,,77.5,,,±1.49,SEM,33,Tab1;  wild type,,100006311920100,2.11,,,±0.06,SEM,33,Tab1;  wild type,,100007311920100,,,,,,,,,,,,,,,,,,,,,,,0.92,,,,SingVal,1,-355,Fig4A;  wild type,,100010311910401,,,,,15483119,"""p.9006, right""","""Biocytin-filled GCs (including their dendrites and axonal arborizations) were visualized at the light-microscopic level and photographed before remounting and additional sectioning for EM. Camera lucida drawings were made of each biocytin-filled GC, and its dendrites and axonal arborizations were reconstructed by superimposing all sections of the hippocampal slice."""
8,DG,Granule (e)2201p,1000,16584711,r,p,35,b,-75,,,±3,SEM,9,Tab1;  Granule cells,,100001471120100,190,(**),,±36,SEM,9,Tab1;  Granule cells,,100002471120100,21,(**),,±7,SEM,9,Tab1;  Granule cells,,100003471120100,29,(**),,,SingVal,1,Tab1;  Granule cells,,100004471120100,9,(**),,[8.5_9.5],Range,1,Fig3A,Warning! Range presented with n=1.  ,100005471110301,93,(**),,,SingVal,1,Fig3A,,100006471110301,,,,,,,,,,,,,,,,,,,,,2,,,±0.5,SEM,9,X,X,Tab1,,100009471120100,,,,,,,,,,,,,,,16584711,"""p. 97, left""","""Table 1 - Intrinsic and sAHP properties - Granule cells - Pyramidal cells"""
9,DG,Granule (e)2201p,1000,8261117,r,e,35,b,,,,,,,,,,,,,,,,,,,,,,,,,,,,20.6,,,,SingVal,1,Fig1B,,100004111710102,8.7,,,,SingVal,1,Fig1B,,100005111710102,57,,,,SingVal,1,Fig1B,,100006111710102,,,,,,,,,,,,,,,,,,,,,7.6,,,,SingVal,1,651,221,Fig1B,,100009111710102,,,,,,,,,,,,,,,8261117,"""p. 397, left""","""FIG. 1. Different discharge properties of two morphologically identified types
of dentate gyrus neurons. (A) The discharge of a local circuit, non-principal neuron
(shown in Fig. 2) following injection of depolarizing current, which evoked a
train of action potentials without apparent spikc frequency adaptation. (B) In
contrast. a morphologically identified (not shown) granule cell was characterized
by a marked attenuation of its firing rate in response to a 2OO-ms depolarizing
pulse. Note the presence of a long-lasting postburst afterhyperpolarization in the
granule cell."""
10,DG,Granule (e)2201p,1000,1597717,r,e,34,b,-74,,,±2.1,SDEV,11,Tab1;  sharp electrode,,100001771720100,54,,,±3,SDEV,11,Tab1;  sharp electrode,,100002771720100,13.9,,,±1.6,SDEV,11,Tab1;  sharp electrode,,100003771720100,22,,,,SingVal,1,Tab1;  sharp electrode,""" in hippocampome.org, the Vthesh is defined as a potential relative to the resting potential """,100004771720100,,,,,,,,,,84,,,,SingVal,1,Tab1;  sharp electrode,"""in hippocampome.org, the AP amplitude is defined as the peak relative to the threshold potential""",100006771720100,,,,,,,,,,,,,,,,,,,,,,,,,,,,,,,,,,,,,,,,,,,,,,1597717,"""p.1349, right""","""To ascertain that the cells that we recorded were in fact GCs,
patch electrodes were in some instances filled with an electrode
solution containing 0.1% biocytin. At the end of the recording, the
slice was removed from the recording chamber and fixed overnight
in 4% paraformaldehyde. Histochemical processing with the
use of an avidin / horseradish peroxidase label was as described by Horikawa and Armstrong (1988)."""
11,DG,Granule (e)2201p,1000,1597717,r,p,34,b,-84,,,±1.0,SDEV,31,Tab1;  patch electrode,,100001771720100,228,(**),,±14.2,SDEV,31,Tab1;  patch electrode,,100002771720100,26.9,(**),,±1.2,SDEV,31,Tab1;  patch electrode,,100003771720100,35,(**),,,SingVal,1,Tab1;  patch electrode,""" in hippocampome.org, the Vthesh is defined as a potential relative to the resting potential """,100004771720100,10,(**),,[9_11],Range,1,Fig3;  top,Warning! Range presented with n=1.  ,100005771710300,91,(**),,,SingVal,1,Tab1;  patch electrode,"""in hippocampome.org, the AP amplitude is defined as the peak relative to the threshold potential""",100006771720100,,,,,,,,,,,,,,,,,,,,,,,,,,,,,,,,0.94,(**),,,SingVal,1,-330,Fig4;  whole-cell patch,,100010771710400,,,,,1597717,"""p.1349, right""","""To ascertain that the cells that we recorded were in fact GCs,
patch electrodes were in some instances filled with an electrode
solution containing 0.1% biocytin. At the end of the recording, the
slice was removed from the recording chamber and fixed overnight
in 4% paraformaldehyde. Histochemical processing with the
use of an avidin / horseradish peroxidase label was as described by Horikawa and Armstrong (1988)."""
12,DG,Semilunar granule (e)2311p,1001,18077687,r,p,30,?,-78,(*),,±8.1,SDEV,11,p.13758,,100101768730000,128.3,(*),,±17.5,SDEV,11,p.13758,,100102768730000,19.6,(*),,±3.4,SDEV,11,p.13758,,100103768730000,37,(*),,,SingVal,1,Fig2A1,,100104768710201,21,(*),,,SingVal,1,Fig2A2,,100105768710201,85.6,(*),,±2.3,SDEV,11,p.13758,,100106768730000,,,,,,,,,,11,(*),1,,SingVal,1,514,X,Fig2A1,,100108768710201,,,,,,,,,,,,,,,,,,,,,, 611459,,,,,,
13,DG,Mossy MOLDEN (e)2323,1043,10934264,,,,,,,,,,,,,,,,,,,,,,,,,,,,,,,,,,,,,,,,,,,,,,,,,,,,,,,,,,,,,,,,,,,,,,,,,,,,,,,,,,,,,,,,,,,,,,,,,,,,,,,,,,
14,DG,Hilar Ectopic Granule (e)2203p,1041,14580952,r,e,32,b,,,,,,,,,,,,,,,,,,,,,,,,,,,,,,,,,,,,,,,,,,,,,,,,,,,,,,,,,,,,,,,,,,,,,,,,,,,,,,,,,,,,,,0.99,(*),,,SingVal,1,-400,Fig10C,,104110095211003,612658,,,,,,
16,DG,Hilar Ectopic Granule (e)2203p,1041,21344409,r,e,32,b,,,,,,,,,,,,,,,,,,,,,,,,,,,,30,(*),,,SingVal,1,Tab3;  Control,""" in hippocampome.org, the Vthesh is defined as a potential relative to the resting potential """,104104440920300,6.8,(*),,,SingVal,1,Tab3;  Control,,104105440920300,75,(*),,,SingVal,1,Tab3;  Control,,104106440920300,,,,,,,,,,68,(*),1,,SingVal,1,X,X,Fig.6A,,104108440910601,,,,,,,,,,,,,,,,,,,,,,612667,,,,,,
17,DG,Mossy (e)0103,1002,9497429,r,p,36,b,-62,(*),,±1,SDEV,9,Tab1,,100201742920100,199,(*),,±19,SDEV,9,Tab1,,100202742920100,41,(*),,±3,SDEV,8,Tab1,,100203742920100,23.7,(*),,,SingVal,1,Fig5C,,100204742910503,6.2,(*),,±0.9,SDEV,9,Tab1,,100205742920100,62.5,(*),,,SingVal,1,Fig5c,,100206742910503,0.78,(*),,±0.04,SDEV,9,Tab1,,100207742920100,50,(*),,±6,SDEV,9,X,1000,Tab1,,100208742920100,2.8,(*),,±0.7,SDEV,9,1000,1000,Tab1,,100209742920100,0.81,(*),,±0.03,SDEV,9,-300,Tab1,,100210742920100,612488,,,,,,
19,DG,Total Molecular Layer (i)3303,1004,9151716,r,p,33,b,-54.5,(*),,±1.9,SDEV,13,Tab1,,100401171620100,198.2,(*),,±23.8,SDEV,13,Tab1,,100402171620100,18.4,(*),,±1.1,SDEV,13,Tab1,,100403171620100,15.2,(*),,,SingVal,1,Fig10B middle,,100404171611002,11,(*),,,SingVal,1,Fig10A middle,,100405171611001,43.8,(*),,[43.2_44.4],Range,1,Fig8A middle,Warning! Range presented with n=1.  ,100406171610801,0.86,(*),,±0.11,SDEV,6,Tab4;  nonadapting,,100407171620400,50,(*),,,SingVal,1,200,X,Fig7C,,100408171610703,4.5,(*),,,SingVal,1,X,X,Fig10B middle,,100409171611002,,,,,,,,,,,611321,,,,,,
20,DG,MOLAX (i)3302,1005,9151716,r,p,33,b,-54.5,(*),,±1.9,SDEV,13,Tab1,,100501171620100,198.2,(*),,±23.8,SDEV,13,Tab1,,100502171620100,18.4,(*),,±1.1,SDEV,13,Tab1,,100503171620100,15.2,(*),,,SingVal,1,Fig10B middle,,100504171611002,11,(*),,,SingVal,1,Fig10A middle,,100505171611001,43.8,(*),,[43.2_44.4],Range,1,Fig8A middle,Warning! Range presented with n=1.  ,100506171610801,0.86,(*),,±0.11,SDEV,6,Tab4;  nonadapting,,100507171620400,50,(*),,,SingVal,1,200,X,Fig7C,,100508171610703,4.5,,,,SingVal,1,X,X,Fig10B middle,,100509171611002,,,,,,,,,,,611325,,,,,,
21,DG,MOLAX (i)3302,1005,22512307,m,p,28,r,-57.5,,,±2.7,SEM,6,Tab1,,100501230720100,256.5,,,±51.8,SEM,6,Tab1,,100502230720100,,,,,,,,,,22.5,,,,SingVal,1,Tab1,""" in hippocampome.org, the Vthesh is defined as a potential relative to the resting potential """,100504230720100,13,,,,SingVal,1,Fig1A left,,100505230710101,72.9,,,±1.5,SEM,6,Tab1,,100506230720100,,,,,,,,,,,,,,,,,,,,,3.5,(*),,,SingVal,1,500,1000,Fig1A left,,100509230710101,,,,,,,,,,,,,,,22512307,"""p.1975, left, Fig.1 D""","""Neuronal reconstruction of a CCK-basket cell included in the study showing
the typical distribution of dendritic (red) and axonal (black) arborizations."""
22,DG,Outer Molecular Layer (i)3222,1006,9151716,r,p,33,b,-57,(*),,±2.6,SDEV,3,Tab1,,100601171620100,252.3,(*),,±78.0,SDEV,3,Tab1,,100602171620100,16.9,(*),,±1.8,SDEV,3,Tab1,,100603171620100,,,,,,,,,,,,,,,,,,,,,,,,,,,,,,,,,,,,,13.5,(*),,±4.2,SEM,3,200,150,p.3995 left,,100608171630000,,,,,,,,,,,,,,,,,,,,,,611324,,,,,,
23,DG,DG Neurogliaform (i)3000p,1007,21452204,r,p,36,b,-75.6,(*),,±0.9,SDEV,21,p.1481;  left,,100701220430000,147,(*),,±8,SDEV,21,p.1481;  left,,100702220430000,6.81,(*),,±0.36,SDEV,21,p.1481;  left,,100703220430000,45.6,(*),,,SingVal,1,p.1481;  left,""" in hippocampome.org, the Vthesh is defined as a potential relative to the resting potential """,100704220430000,14.6,(*),,,SingVal,1,Fig3A,,100705220410301,41.7,(*),,,SingVal,1,Fig3A,,100706220410301,,,,,,,,,,,,,,,,,,,,,2.19,(*),,,SingVal,1,X,X,Fig3A,,100709220410301,0.95,(*),,,SingVal,1,-100,Fig3A,,100710220410301,612055,,,,,,
24,DG,MOPP (i)3000,1008,21452204,r,p,36,b,-75.6,(*),,±0.9,SDEV,21,p.1481;  left,,100801220430000,147,(*),,±8,SDEV,21,p.1481;  left,,100802220430000,6.81,(*),,±0.36,SDEV,21,p.1481;  left,,100803220430000,45.6,(*),,,SingVal,1,p.1481;  left,""" in hippocampome.org, the Vthesh is defined as a potential relative to the resting potential """,100804220430000,14.6,(*),,,SingVal,1,Fig3A,,100805220410301,41.7,(*),,,SingVal,1,Fig3A,,100806220410301,,,,,,,,,,,,,,,,,,,,,2.19,(*),,,SingVal,1,X,X,Fig3A,,100809220410301,0.95,(*),,,SingVal,1,-100,Fig3A,,100810220410301,612055,,,,,,
25,DG,AIPRIM (i)2333,1027,9497429,r,p,36,b,-64,(*),,±2,SDEV,4,Tab1 (IML aspiny interneuron),,102701742920100,363,(*),,±62,SDEV,4,Tab1 (IML aspiny interneuron),,102702742920100,30,(*),,±6,SDEV,4,Tab1 (IML aspiny interneuron),,102703742920100,16,(*),,,SingVal,1,Fig9C,,102704742910903,12.3,(*),,±2.3,SDEV,4,Tab1 (IML aspiny interneuron),,102705742920100,76.95,(*),,[76_77.9],Range,2,Fig9C,,102706742910903,0.5,(*),,±0.02,SDEV,4,Tab1 (IML aspiny interneuron),,102707742920100,81,(*),,±9,SDEV,4,200,1000,Tab1 (IML aspiny interneuron),,102708742920100,9,(*),,±2.7,SDEV,4,200,1000,Tab1 (IML aspiny interneuron),,102709742920100,0.8,(*),,±0.04,SDEV,4,-50,Tab1 (IML aspiny interneuron),,102710742920100,612487,,,,,,
26,DG,HICAP (i)2322,1009,8261117,r,e,35,b,,,,,,,,,,,,,,,,,,,,,,,,,,,,,,,,,,,,,11,,,,SingVal,1,Fig1A,,100905111710101,50,(*),,,SingVal,1,Fig1A,,100906111710101,0.51,(*),,,SingVal,1,p.397;  right,,100907111730000,,,,,,,,,,,,,,,,,,,,,,,,,,,,,,,,,612208,,,,,,
27,DG,HICAP (i)2322,1009,9151716,r,p,33,b,-60.5,(*),,±2.6,SDEV,7,Tab1 IML cells,,100901171620100,182.2,(*),,±27.2,SDEV,7,Tab1 IML cells,,100902171620100,14.8,(*),,±1.8,SDEV,7,Tab1 IML cells,,100903171620100,,,,,,,,,,18.6,(*),,,SingVal,1,Fig10A IML,,100905171611001,,,,,,,,,,,,,,,,,,,26.5,(*),,±7.3,SDEV,7,200,75,p.3995 left,,100908171630000,0.1,(*),,,SingVal,1,X,X,Fig10A IML,,100909171611001,,,,,,,,,,,611323,,,,,,
30,DG,DG Axo-Axonic (i)2233,1010,19965717,r,p,22.5,r,,,,,,,,,,,,,,,,,,,,,,,,,,,,13,(*),,,SingVal,1,FigS3c,,101004571710303,7,(*),,,SingVal,1,FigS3c,,101005571710303,78,(*),,,SingVal,1,FigS3d,,101006571710304,0.42,(*),,,SingVal,1,FigS3d,,101007571710304,85,(*),,,SingVal,1,700,X,FigS3,,101008571710300,4.5,(*),,,SingVal,1,375,1000,FigS3c,,101009571710303,,,,,,,,,,,,,,,19965717,"""Suppl, p.4""","""However, a small subpopulation of neurons had radial axon collaterals,
suggestive of axo-axonic cells (5 cells; S4)."""
31,DG,DG Axo-Axonic (i)2233,1010,8035215,r,e,34.5,b,-65.1,(*),,±3.9,SDEV,14,p.1295,,101001521530000,73.9,(*),,±23.8,SDEV,14,p.1295,,101002521530000,7.7,(*),,±3.8,SDEV,14,p.1295,,101003521530000,8,,,,SingVal,1,Fig5A,,101004521510501,10.2,,,±2.8,SDEV,10,p.1298,,101005521530000,56.1,,,,SingVal,1,p.1295,"""in hippocampome.org, the AP amplitude is defined as the peak relative to the threshold potential""",101006521530000,0.389,,,±0.086,SDEV,13,p.1295,,101007521530000,,,,,,,,,,,,3.2,,,,SingVal,1,600,200,Fig5A,,101009521510501,,,,,,,,,,,,8261118,p.1291; right,"""Halasy and Somogyi 1993; Han et al. 1993; Soriano and Frotscher 1989; Soriano et al. 1990) and subfield CA1 of Ammon’s horn (Li et al. 1992a; Somogyi et al. 1983, 1985)
has been addressed previously. In these studies a number of
discrepancies are apparent (e.g., the extent and distribution
of the axon) but these are largely attributable to differences
in visualization methods. Because the present paper is
largely concerned with the physiological properties of axo-axonic cells only the most salient, novel, or physiologically relevant anatomic data will be summarized.""",,,
34,DG,DG Basket (i)2232,1035,19965717,,,,,,,,,,,,,,,,,,,,,,,,,,,,,,,,,,,,,,,,,,,,,,,,,,,,,,,,,,,,,,,,,,,,,,,,,,,,,,,,,,,,,,,,,,,,,,,,,,,,,,,,,,
35,DG,DG Basket (i)2232,1035,24920624,r; m,p,31.5,b,,,,,,,,,,90.1,,,±13,SEM,12,p.8201;  left,,103502062430000,,,,,,,,,,,,,,,,,,,,,,,,,,,,,,,,,,,,,0.6,,,±0.03,SEM,12,p.8201;  left,,103507062430000,145.3,,,±3.9,SEM,12,X,X,p.8201;  left,,103508062430000,,,,,,,,,,,,,,,,,,,,,,,,,,24920624,"""p.8200, Fig.1A1""","""A1, Perisomatic inhibitory interneurons with axon arbours located in the granule cell layer (gcl). """
36,DG,DG Basket (i)2232,1035,9104599,r,e,37,b,,,,,,,,,,,,,,,,,,,,,,,,,,,,12,,,,SingVal,1,Fig6D,,103504459910604,11,,,,SingVal,1,Fig6D,,103505459910604,42,,,,SingVal,1,Fig6D,,103506459910604,,,,,,,,,,,,,,,,,,,,,,,,,,,,,,,,0.92,,,,SingVal,1,-600,Fig6D,,103510459910604,612376,,,,,,
37,DG,DG Basket (i)2232,1035,9497429,r,p,36,b,-62,(*),,±3,SDEV,3,Tab1,,103501742920100,43,(*),,±5,SDEV,3,Tab1,,103502742920100,10,(*),,±1,SDEV,3,Tab1,,103503742920100,18.3,(*),,[17.6_19.0],Range,2,Fig3C,,103504742910303,20,(*),,±2.3,SDEV,3,Tab1,,103505742920100,72.6,(*),,[71.6_73.6],Range,2,Fig3C,,103506742910303,0.25,(*),,±0.04,SDEV,3,Tab1,,103507742920100,230,(*),,±15,SDEV,3,900,1000,Tab1,,103508742920100,2.3,(*),,±0.2,SDEV,3,900,1000,Tab1,,103509742920100,0.97,(*),,±0.02,SDEV,3,-300,Tab1,,103510742920100,,,,,9497429,"""p.1523, Fig. 3 A""","""Fig. 3. Paired morphology and physiology of a dentate basket cell. A: camera lucida reconstruction of the biocytin-filled basket cell shown in Fig. 2. Axonal projection (red) of the neuron is restricted mainly to the granule cell layer, although a few axonal collaterals enter the innermost portion of the molecular layer. Axonal collaterals extend along approximately two-thirds of the length of the granule cell layer. _, origin of the axon from the cell body; thick black line indicates the pial surface. H, hilar region; GL, granule cell layer; ML, molecular layer. Scale bar: 100 _m."""
38,DG,DG BC CCK+ (i)2232,1036,,,,,,,,,,,,,,,,,,,,,,,,,,,,,,,,,,,,,,,,,,,,,,,,,,,,,,,,,,,,,,,,,,,,,,,,,,,,,,,,,,,,,,,,,,,,,,,,,,,,,,,,,,,
42,DG,HIPROM (i)1333p,1026,9497429,r,p,36,b,-65,(*),,±6,SDEV,3,Tab1;  spiny hilar interneuron,,102601742920100,371,(*),,±47,SDEV,3,Tab1;  spiny hilar interneuron,,102602742920100,35,(*),,,SingVal,2,Tab1; spiny hilar interneuron,,102603742920100,26.2,(*),,[25.1_27.3],Range,2,Fig6C,,102604742910603,13.1,(*),,±3.0,SDEV,3,Tab1;  spiny hilar interneuron,,102605742920100,80.8,(*),,,SingVal,1,Fig6C;  spiny hilar interneuron,,102606742910603,0.72,(*),,±0.08,SDEV,3,Tab1;  spiny hilar interneuron,,102607742920100,69,(*),,±4,SDEV,3,800,1000,Tab1;  spiny hilar interneuron,,102608742920100,3.1,(*),,±1.0,SDEV,3,800,1000,Tab1,,102609742920100,0.82,(*),,±0.02,SDEV,3,-100,Tab1,,102610742920100,612484,,,,,,
44,DG,HIPP (i)1002,1013,9104599,r,e,37,b,,,,,,,,,,24,(*),,,SingVal,1,Fig3A,,101302459910301,5,(*),,,SingVal,1,Fig3A,,101303459910301,19,(*),,,SingVal,1,Fig3A,,101304459910301,10.65,(**),,,SingVal,1,Fig3A,,101305459910301,44.46,(**),,,SingVal,1,Fig3A,,101306459910301,1.06,(*),,,SingVal,1,Fig3A,,101307459910301,,,,,,,,,,,,,,,,,,,,,,,0.96,(*),,,SingVal,1,-200,Fig3A,,101310459910301,,8261117,p. 579; right,"""The morphological features of these interneurons were in many respects identical to those of the cell type identified in vitro as the hilar perforant pathway-associated (HIPP) neuron by Han et al. (1993).""",,,
45,DG,HIPP (i)1002,1013,8261117,r,e,35,b,,,,,,,,,,,,,,,,,,,,,,,,,,,,,,,,,,,,,10,(**),,,SingVal,1,Fig4C,,101305111710403,35,(**),,,SingVal,1,Fig4C,,101306111710403,,,,,,,,,,,,,,,,,,,,,,,,,,,,,,,,,,,,,,,,,,611230,,,,,,
46,DG,MOCAP (i)0331,1040,21983681,m,p,22,r,,,,,,,,,,480,(*),,±37,SDEV,28,TabS1,,104002368120100,51.4,(*),,±5.4,SDEV,28,TabS1,,104003368120100,20,(*),,,SingVal,1,FigS3a,,104004368110301,12.9,(*),,±1.2,SDEV,28,TabS1,,104005368120100,72.8,(*),,±3.3,SDEV,28,TabS1,,104006368120100,1.7,(*),,±0.1,SDEV,28,TabS1,,104007368120100,,,,,,,,,,,,0,(*),,,SingVal,1,150,1000,FigS3a,,104009368110301,0.88,(*),,,SingVal,1,50,FigS3a,,104010368110301,612645,,,,,,
48,CA3,CA3 Pyramidal (e)23223p,2000,20510860,m,p,33,b,-74.4,,,±0.8,SDEV,1,Tab1,Warning! SDEV presented with n=1.  ,200001086020100,107.5,,,±28.1,SDEV,1,Tab1,Warning! SDEV presented with n=1.  ,200002086020100,,,,,,,,,,,,,,,,,,,,,,,,,,,,84.4,,,±4.4,SDEV,1,Tab1,Warning! SDEV presented with n=1.  ,200006086020100,0.95,,,±0.03,SDEV,1,Tab1,Warning! SDEV presented with n=1.  ,200007086020100,,,,,,,,,,,,7.5,(*),,,SingVal,1,250,1000,Fig1A;  CA3,,200009086010101,0.88,,,,SingVal,1,-279,Tab1,,200010086020100,,,,,20510860,"""p.570, right""","""Neurons were identified according to specific electrophysiological properties summarized in Table 1."""
49,CA3,CA3 Pyramidal (e)23223p,2000,18189311,r,p,34.5,b,-60.5,(**),,±5.4,SDEV,43,p.413;  right,,200001931130000,126,(**),,±8,SDEV,35,p.414;  left,,200002931130000,61.4,(**),,±4.0,SDEV,35,p.414;  left,,200003931130000,28,(**),,,SingVal,1,Fig1B,,200004931110102,10.2,(**),,±0.5,SDEV,43,p.413;  right,,200005931130000,97.6,(**),,±1.9,SDEV,43,p.413;  right,,200006931130000,1,(**),,±0.1,SDEV,43,p.413;  right,,200007931130000,,,,,,,,,,,,,,,,,,,,,,,,,,,,,,,,,,,,,18189311,"""p.412""","""Whole-cell and nystatin-patch recordings were made from
pyramidal neurons in region CA3b. This area was operationally
defined as the length of s. pyramidale that extended beyond the
blades of the granule cell layer of the dentate gyrus to the fimbria
(Masukawa et al., 1982). Cells were visually identified
using infrared, video-DIC optics beneath a 40X water immersion
objective."""
50,CA3,CA3 Pyramidal (e)23223p,2000,19232379,r,p,34.5,b,-61,(**),,±1,SDEV,36,p.360;  right,,200001237930000,155.5,(**),,[47_264],Range,2,p.360;  right,,200002237930000,61,(**),,±24,SDEV,36,p.360;  right,,200003237930000,,,,,,,,,,,,,,,,,,,,,,,,,,,,,,,,,,,,,,,,,,,,,,,,,,,,,,,,,,,1.01,(*),,±0.01,SDEV,7,-200,Fig5,,200010237910500,,,,,19232379,"""p.360""","""Whole-cell and nystatin-patch recordings were made from pyramidal neurons in region CA3b. This area was operationally defined as the length of the pyramidal layer that extended beyond the blades of the granule cell layer of the dentate gyrus and up to the fimbria (Masukawa et al., 1982). Cells were visually identified using infrared, video-DIC optics beneath a 40X water immersion objective. """
51,CA3,CA3 Pyramidal (e)23223p,2000,11353016,r,p,23,r,-58,,,±1.2,SDEV,9,Tab1 Pyramidal cells,,200001301620100,307,,,±98,SDEV,9,Tab1 Pyramidal cells,,200002301620100,71,,,±3.3,SDEV,9,Tab1 Pyramidal cells,,200003301620100,23,,,,SingVal,1,Tab1 Pyramidal cells,""" in hippocampome.org, the Vthesh is defined as a potential relative to the resting potential """,200004301620100,,,,,,,,,,80,,,±4.6,SDEV,9,Tab1 Pyramidal cells,,200006301620100,1.7,,,±0.4,SDEV,9,Tab1 Pyramidal cells,,200007301620100,,,,,,,,,,,,,,,,,,,,,,,0.81,,,,SingVal,1,-137,Tab1 Pyramidal cells,,200010301620100,,,,,11353016,"""p.1999""","""To allow a comparison with the principal neurons, a photomicrograph of a CA3 pyramidal cell is included in Fig. 1 C. Its soma was localized in the pyramidal layer, its apical dendrites projected to st. radiatum, and the basal dendrites were present with varicose swellings (Lang and Frotscher 1990) radiating in st. oriens. The axons were seen to extend into the st. oriens."""
52,CA3,CA3 Pyramidal (e)23223p,2000,2357533,g,e,36,b,-55.7,,,±1.28,SEM,27,Tab1 CA3a,,200001753320100,23.2,,,±2.02,SEM,27,Tab1 CA3a,,200002753320100,12.5,,,±0.97,SEM,27,Tab1 CA3a,,200003753320100,,,,,,,,,,,,,,,,,,,,,,,,,,,,,,,,,,,,,,,,,,,,,,,,,,,,,,,,,,,,,,,,,,,,,,,,,2357533,"""p.78""","""Cells which had non-pyramidal morphology, which did
not have a single apical dendrite (including the cells in CA3c
described below), or which were not located in the s.p. of CA3,
were removed from subsequent analysis."""
53,CA3,CA3 Pyramidal (e)23223p,2000,2357533,g,e,36,b,-55.6,,,±0.91,SEM,38,Tab1 CA3b,,200001753320100,26.5,,,±1.51,SEM,38,Tab1 CA3b,,200002753320100,13.5,,,±1.03,SEM,38,Tab1 CA3b,,200003753320100,,,,,,,,,,,,,,,,,,,,,,,,,,,,,,,,,,,,,,,,,,,,,,,,,,,,,,,,,,,,,,,,,,,,,,,,,2357533,"""p.78""","""Cells which had non-pyramidal morphology, which did
not have a single apical dendrite (including the cells in CA3c
described below), or which were not located in the s.p. of CA3,
were removed from subsequent analysis."""
54,CA3,CA3 Pyramidal (e)23223p,2000,16584711,r,p,35,b,-57,(**),,±2,SEM,10,Tab1 Pyramidal cells,,200001471120100,132,(**),,±44,SEM,10,Tab1 Pyramidal cells,,200002471120100,42,(**),,±7,SEM,10,Tab1,,200003471120100,13,(**),,,SingVal,1,Tab1,""" in hippocampome.org, the Vthesh is defined as a potential relative to the resting potential """,200004471120100,4.1,(**),,[2_6.2],Range,2,Fig3B,,200005471110302,96,(**),,,SingVal,1,Fig3B,,200006471110302,,,,,,,,,,,,,,,,,,,,,8.2,,,±0.9,SEM,10,X,X,Tab1,,200009471120100,,,,,,,,,,,,,,,16584711,"""p. 97, left""","""Table 1 - Intrinsic and sAHP properties - Granule cells - Pyramidal cells"""
55,CA3,CA3 Pyramidal (e)23223p,2000,9300769,r,p,35.5,b,-71,(**),,±4,SEM,3,Tab1 CA3,,200001076920100,193,(**),,±14,SEM,3,Tab1 CA3,,200002076920100,65,(**),,±8,SEM,3,Tab1 CA3,,200003076920100,,,,,,,,,,5.4,(**),,±0.4,SEM,3,Tab1 CA3,,200005076920100,,,,,,,,,,0.71,(**),,±0.04,SEM,3,Tab1 CA3,,200007076920100,40,(*),,±12,SEM,3,X,X,Tab1 CA3,,200008076920100,7.7,,,±1.9,SEM,3,X,X,Tab1 CA3,,200009076920100,0.94,,,±0.02,SEM,3,X,Tab1 CA3,,200010076920100,,,,,9300769,"""p.433""","""The physiological properties of spiny neurons in stratum
lucidum are quantitatively compared with CA3 pyramidal
neurons under conditions identical to those used for recordings
from stratum lucidum neurons (see Table 1). In
addition to the differences in passive membrane properties
mentioned above, spiny neurons in stratum lucidum appeared
to have more depolarized resting potentials, fire
faster, and have larger fast spike afterhyperpolarizations
than the neighboring CA3 pyramidal neurons."""
56,CA3,CA3c Pyramidal ( e )03223p,2004,2357533,g,e,36,b,-55.1,,,±1.13,SEM,21,Tab1 CA3c,,200401753320100,24.8,,,±2.26,SEM,21,Tab1 CA3c,,200402753320100,12.2,,,±1.36,SEM,21,Tab1 CA3c,,200403753320100,,,,,,,,,,,,,,,,,,,,,,,,,,,,,,,,,,,,,,,,,,,,,,,,,,,,,,,,,,,,,,,,,,,,,,,,,2357533,"""p.78""","""Cells which had non-pyramidal morphology, which did
not have a single apical dendrite (including the cells in CA3c
described below), or which were not located in the s.p. of CA3,
were removed from subsequent analysis."""
57,CA3,CA3c Pyramidal ( e )03223p,2004,8283200,r,e,35,b,-62,(*),,±0.9,SDEV,32,Tab3,,200401320020300,52,(*),,±3.5,SDEV,41,Tab3,,200402320020300,16,(*),,±1.2,SDEV,41,Tab3,,200403320020300,15,(*),,,SingVal,1,Fig7D,,200404320010704,3.5,(*),,,SingVal,1,Fig7D,,200405320010704,66,(*),,±1.4,SDEV,42,Tab3,,200406320020300,,,,,,,,,,,,,,,,,,,,,5.1,(*),,±0.6,SDEV,31,X,X,Tab3,,200409320020300,,,,,,,,,,,,,,,8283200,"""p.1281""","""Biocytin-labeled neurons were examined on the basis of soma area, location, shape, number of primary dendrites, extent of dendritic spines, dendritic location, and axon trajectories. Mossy cells had larger soma areas than CA3c pyramidal cells, and they had more large complex spines (thorny excrescences) on their proximal dendrites and somata than CA3c pyramidal cells. Mossy cell dendritic trees and axon collaterals ramified in different regions of the hippocampus than dendrites and axons of CA3c pyramidal cells."""
58,CA3,CA3 Granule (e)22100,2001,20554881,r,p,35.5,b,-78,(*),,±0.5,SDEV,15,p.8229;  left bottom,,200101488130000,139,(*),,±11,SDEV,15,p.8229;  left bottom,,200102488130000,17.1,(*),,±1.8,SDEV,15,p.8229;  left bottom,,200103488130000,27.4,(*),,,SingVal,1,Fig2A3,,200104488110201,7.95,(*),,,SingVal,1,Fig2A3,,200105488110201,104.3,(*),,,SingVal,1,Fig2A3,,200106488110201,0.9465,(*),,[0.821_1.072],Range,15,p.8299;  right top,,200107488130000,100,(*),1,,SingVal,1,X,X,Fig2A3,,200108488110201,1.75,(*),,,SingVal,1,X,1000,Fig2A3,,200109488110201,0.99,(*),,,SingVal,1,X,Fig2A3,,200110488110201,4109,,,,,,
59,CA3,CA3 Giant (e)22010,2003,11353016,r,p,23,r,-57,(*),,±1.2,SDEV,28,Tab1;  Giant cells,,200301301620100,595,(*),,±224,SDEV,28,Tab1 Giant cells,,200302301620100,67,(*),,±23,SDEV,28,Tab1 Giant cells,,200303301620100,22,(*),,,SingVal,1,Tab1 Giant cells,""" in hippocampome.org, the Vthesh is defined as a potential relative to the resting potential """,200304301620100,14,(*),,,SingVal,1,Fig3A,,200305301610301,76,(*),,±7.5,SDEV,28,Tab1 Giant cells,,200306301620100,1.1,(*),,±0.1,SDEV,28,Tab1 Giant cells,,200307301620100,50,(*),1,±3,SDEV,13,150,500,Fig3B,,200308301610302,7.1,(*),,±2.4,SDEV,1,X,X,Fig4;  p.2002,Warning! SDEV presented with n=1.  ,200309301610400,0.68,(*),,,SingVal,1,-72,Tab1 Giant cells,""" in hippocampome.org, the sag ratio is defined as the ratio of steady-state voltage (Vss) at the end of  hyperpolarizing current injection to maximum voltage transients (Vmin) .  """,200310301620100,611395,,,,,,
60,CA3,CA3 LMR-Targeting (i)33200,2005,18388134,r,p,33,b,-68,(**),,±0.4,SDEV,56,Tab1 LM,,200501813420100,174,(**),,±10,SDEV,56,Tab1 LM,,200502813420100,21.2,(**),,±1.17,SDEV,56,Tab1 LM,,200503813420100,22,(**),,,SingVal,1,Tab1 LM,""" in hippocampome.org, the Vthesh is defined as a potential relative to the resting potential """,200504813420100,10.08,(**),,±0.4,SDEV,56,Tab1 LM,,200505813420100,78,(**),,±1.1,SDEV,56,Tab1 LM,,200506813420100,1,(**),,±0.01,SDEV,56,Tab1 LM,,200507813420100,,,,,,,,,,,,,,,,,,,,,,,,,,,,,,,,,,19496174,p.680; right,"""The somata of R and L-M interneurons included in this analysis were positioned 147 ± 9.0 mm and 257.2 ±10.2mm from the boundary between the strata pyramidale and lucidum, respectively, and approximately 250mm from the medial extent of the suprapyramidal blade of the
dentate gyrus (Calixto et al., 2008).""",,,
61,CA3,CA3 LMR-Targeting (i)33200,2005,19496174,r,p,33,b,-72.17,(**),,±5.64,SDEV,6,Tab2 L-M,,200501617420200,218,(**),,±73.92,SDEV,6,Tab2 L-M,,200502617420200,,,,,,,,,,27.5,(**),,,SingVal,1,Tab2 L-M,""" in hippocampome.org, the Vthesh is defined as a potential relative to the resting potential """,200504617420200,12.5,(**),,±3.21,SDEV,6,Tab2 L-M,,200505617420200,73.83,(**),,±5.98,SDEV,6,Tab2 L-M,,200506617420200,0.77,(**),,±0.24,SDEV,6,Tab2 L-M,,200507617420200,,,,,,,,,,,,,,,,,,,,,,,,,,,,,,,,,240014,,,,,,
62,CA3,CA3 LMR-Targeting (i)33200,2005,18388134,r,p,33,b,-69,(**),,±0.5,SDEV,23,Tab1 R,,200501813420100,190,(**),,±14,SDEV,23,Tab1 R,,200502813420100,24.7,(**),,±0.91,SDEV,23,Tab1 R,,200503813420100,24,(**),,,SingVal,1,Tab1 R,""" in hippocampome.org, the Vthesh is defined as a potential relative to the resting potential """,200504813420100,12.01,(**),,±0.3,SDEV,23,Tab1 R,,200505813420100,79,(**),,±0.8,SDEV,23,Tab1 R,,200506813420100,0.9,(**),,±0.09,SDEV,23,Tab1 R,,200507813420100,,,,,,,,,,,,,,,,,,,,,,,,,,,,,,,,,,19496174,p.680; right,"""The somata of R and L-M interneurons includedin this analysis were positioned 147 ± 9.0 mm and 257.2 ±10.2mm from the boundary between the strata pyramidale and lucidum, respectively, and approximately 250mm from the medial extent of the suprapyramidal blade of the
dentate gyrus (Calixto et al., 2008).""",,,
63,CA3,CA3 LMR-Targeting (i)33200,2005,19496174,r,p,33,b,-71.43,(**),,±4.20,SDEV,7,Tab2 R,,200501617420200,170.14,(**),,±35.23,SDEV,7,Tab2 R,,200502617420200,,,,,,,,,,27,(**),,,SingVal,1,Tab2 R,""" in hippocampome.org, the Vthesh is defined as a potential relative to the resting potential """,200504617420200,11.71,(**),,±1.8,SDEV,7,Tab2 R,,200505617420200,74,(**),,±7.09,SDEV,7,Tab2 R,,200506617420200,0.91,(**),,±0.22,SDEV,7,Tab2 R,,200507617420200,,,,,,,,,,,,,,,,,,,,,,,,,,,,,,,,,240014,,,,,,
64,CA3,CA3 Basket (i)22232,2043,15486016,m,p,29,r,-58.5,(*),,±2.8_,SDEV,6,Tab1,,204301601620100,122.9,(*),,±10.9,SEM,6,Tab1,,204302601620100,11.2,(*),,±1.2,SEM,6,Tab1,,204303601620100,25.6,(*),,,SingVal,1,Fig7A,,204304601610701,35,(*),,,SingVal,1,Fig7A,,204305601610701,77.1,(*),,,SingVal,1,Fig7A,,204306601610701,0.54,(*),,±0.04,SEM,8,Tab1,,204307601620100,33.6,(*),,±2.6,SEM,6,X,X,Tab1 basket,"""kainate-evoked firing """,204308601620100,3,(*),,,SingVal,1,600,532,Fig7A,,204309601610701,0.93,(*),,,SingVal,1,-200,Fig7A,,204310601610701,,,,,15486016,"""p.142, Fig. 7A""","""Electrophysiological and morphological characterization of perisomatic PV-positive cells
A, Neurolucida reconstruction of the biocytin-filled PV-positive basket cell. The soma and radial dendrites are drawn in red, whereas the axon is in black. The axonal branches from the basket cells are mainly restricted to stratum pyramidale. Hippocampal layers are depicted schematically. CA3, CA3 area; str. or., stratum oriens; str. pyr., stratum pyramidale; str. rad., stratum radiatum. """
65,CA3,CA3 BC CCK+ (i)22232,2044,21068319,m,p,28.5,r,,,,,,,,,,,,,,,,,,,,,,,,,,,,30.4,(*),,,SingVal,1,Fig1b right;  regular-spiking basket cell,,204404831910102,5.6,(*),,,SingVal,1,Fig1b right;  regular-spiking basket cell,,204405831910102,61,(*),,,SingVal,1,Fig1b right;  regular-spiking basket cell,,204406831910102,,,,,,,,,,,,,,,,,,,,,7.9,(*),,,SingVal,1,400,739,Fig1b right;  regular-spiking basket cell,,204409831910102,0.77,(*),,,SingVal,1,-100,Fig1b right;  regular-spiking basket cell,,204410831910102,,,,,21068319,"""p.15138, Fig.1a, right""","""Figure 1.
Three subsets of inhibitory neurons innervate the perisomatic region of CA3 pyramidal cells. a, PV-containing FSBCs (orange) and AACs (green) as well as CCK containing RSBCs (blue). """
66,CA3,CA3 Axo-Axonic (i)22232,2028,22700932,m,p,22,r,-58,(*),,±2.8,SEM,6,p.S4,,202801093230000,182.8,(*),,±35.2,SEM,6,p.S4,,202802093230000,8.9,(*),,±1.3,SEM,6,p.S4,,202803093230000,10.45,(*),,[8.3_12.6],Range,2,Fig2A; C,,202804093210201,29.25,(*),,[25.5_33],Range,2,Fig2A; C,,202805093210201,80.5,(*),,[72_89],Range,2,Fig2A; C,,202806093210201,0.69,(*),,±0.06,SEM,6,p.S4,,202807093230000,,,,,,,,,,,,9,(*),,,SingVal,1,184,977,Fig4A,,202809093210401,,,,,,,,,,,,,,,22700932,"""p.1459, Fig. 2A""","""Fig. 2. AACs and BCs are differentially involved in
gamma-frequency oscillations. (A and B) Reconstructions
of a recorded and biocytin-filled AAC (A)
and BC (B) in the CA3 area. The axon (in black) of
the AAC is found at the border of the pyramidal
layer (Pyr.) and stratum oriens (Or.), where AISs of
pyramidal cells are localized. The light micrograph
shows axo-axonic cartridges of labeled AAC along
the AIS of two unstained PCs. Asterisks mark PC
somata. In contrast, the BC shows a broader distribution
of the axon in the pyramidal layer and
adjacent region of the strata oriens and radiatum.
The high-power photomicrograph shows two PC
somata surrounded by biocytin-labeled axonal baskets.
Inset traces illustrate the characteristic fastspiking
discharge of the interneurons in response
to 0.3 nA depolarizing current pulses."""
67,CA3,CA3 QuadD-LM (i)12222,2049,,,,,,,,,,,,,,,,,,,,,,,,,,,,,,,,,,,,,,,,,,,,,,,,,,,,,,,,,,,,,,,,,,,,,,,,,,,,,,,,,,,,,,,,,,,,,,,,,,,,,,,,,,,
68,CA3,CA3 R-LM (i)12000,2008,,,,,,,,,,,,,,,,,,,,,,,,,,,,,,,,,,,,,,,,,,,,,,,,,,,,,,,,,,,,,,,,,,,,,,,,,,,,,,,,,,,,,,,,,,,,,,,,,,,,,,,,,,,
69,CA3,CA3 O-LM (i)11003,2009,15486016,m,p,29,r,-60,(*),,±3.1_,SEM,15,Tab1,,200901601620100,315.1,(*),,±41.6,SEM,15,Tab1,,200902601620100,33.3,(*),,±1.4_,SEM,15,Tab1,,200903601620100,26.5,(*),,[16_37],Range,2,Fig3A,,200904601610301,34.8,(*),,,SingVal,1,Fig3C,,200905601610303,109,(*),,,SingVal,1,Fig3C,,200906601610303,0.84,(*),,±0.04,SEM,15,Tab1,,200907601620100,182,(*),,±41.6,SEM,15,X,X,Tab1,,200908601620100,1.3,(*),,,SingVal,1,300,500,Fig3A,,200909601610301,0.79,(*),,±0.02,SEM,10,-200,p.138;  right,,200910601630000,612137,,,,,,
70,CA3,CA3 IS Quad (i)03333p,2042,,,,,,,,,,,,,,,,,,,,,,,,,,,,,,,,,,,,,,,,,,,,,,,,,,,,,,,,,,,,,,,,,,,,,,,,,,,,,,,,,,,,,,,,,,,,,,,,,,,,,,,,,,,
71,CA3,CA3 Bistratified (i)03333,2045,,,,,,,,,,,,,,,,,,,,,,,,,,,,,,,,,,,,,,,,,,,,,,,,,,,,,,,,,,,,,,,,,,,,,,,,,,,,,,,,,,,,,,,,,,,,,,,,,,,,,,,,,,,
72,CA3,CA3 Ivy (i)03333,2046,19339618,r,p,36,b,,,,,,,,,,,,,,,,,,,,,,,,,,,,28.5,(*),,,SingVal,1,Fig4A,,204604961810401,17.5,(*),,±0.8,SEM,19,p.4244 left top,,204605961830000,57.5,(*),,,SingVal,1,Fig4A,,204606961810401,1,(*),,,SingVal,1,FigS4B,,204607961810402,,,,,,,,,,,,,,,,,,,,,,,,,,,,,,,,,611796,,,,,,
73,CA3,Mossy Fiber-Associated (i)03330p,2036,19339618,r,p,36,b,,,,,,,,,,,,,,,,,,,,,,,,,,,,21.4,(**),,,SingVal,1,Fig6,,203604961810600,11.7,(**),,,SingVal,1,Fig6,,203605961810600,62.8,(**),,,SingVal,1,Fig6,,203606961810600,0.75,(*),,,SingVal,1,FigS4B,,203607961810402,,,,,,,,,,,,,,,,,,,,,,,0.87,(**),,,SingVal,1,-100,p.4245;  right,,203610961830000,611804,,,,,,
74,CA3,Mossy Fiber-Associated (i)03330p,2036,14734812,r,p,36,b,,,,,,,,,,,,,,,,,,,,,,,,,,,,39,(**),,,SingVal,1,Fig3B,,203604481210302,3.7,(**),,,SingVal,1,Fig3B,,203605481210302,44,(**),,,SingVal,1,Fig3B,,203606481210302,,,,,,,,,,,,,,,,,,,,,4,(*),,,SingVal,1,400,997,Fig3B,,203609481210302,0.83,(**),,,SingVal,1,-400,Fig3B,,203610481210302,612441,,,,,,
75,CA3,Lucidum ORAX (i)03311,2013,9300769,r,p,36,b,-59,(**),,±2,SEM,8,Tab1 spiny lucidum,,201301076920100,341,(**),,±69,SEM,8,Tab1 spiny lucidum,,201302076920100,42,(**),,±6,SEM,8,Tab1 spiny lucidum,,201303076920100,19.2,(**),,,SingVal,1,Fig5C;  p.435,,201304076910503,15.1,(**),,±1.6,SEM,8,Tab1 spiny lucidum,,201305076920100,68.3,(**),,,SingVal,1,Fig5C;  p.435,,201306076910503,0.8,(**),,±0.07,SEM,8,Tab1 spiny lucidum,,201307076920100,75,(*),,±10,SEM,8,500,1000,Tab1 spiny lucidum,,201308076920100,4.6,(**),,±2.0,SEM,8,500,1000,Tab1 spiny lucidum,,201309076920100,0.81,(**),,±0.04,SEM,8,-100,Tab1 spiny lucidum,,201310076920100,611918,,,,,,
76,CA3,Lucidum ORAX (i)03311,2013,9300769,r,p,36,b,-61,(**),,±2,SEM,9,Tab1 aspiny s.l.,,201301076920100,284,(**),,±60,SEM,9,Tab1 aspiny s.l.,,201302076920100,28,(**),,±2,SEM,7,Tab1 aspiny s.l.,,201303076920100,16.3,(**),,,SingVal,1,Fig8C;  p.438,,201304076910803,15,(**),,±2.2,SEM,9,Tab1 aspiny s.l.,,201305076920100,77.7,(**),,,SingVal,1,Fig8C;  p.438,,201306076910803,0.53,(**),,±0.07,SEM,9,Tab1 aspiny s.l.,,201307076920100,115,,,±11,SEM,9,X,X,Tab1 aspiny s.l.,,201308076920100,6.6,(**),,±1.3,SEM,9,500,1000,Tab1 aspiny s.l.,,201309076920100,0.9,(**),,±0.02,SEM,8,-100,Tab1 aspiny s.l.,,201310076920100,611924,,,,,,
77,CA3,Lucidum-Radiatum (i)03300,2014,9300769,r,p,36,b,-59,(**),,±2,SEM,8,Tab1 spiny lucidum,,201401076920100,341,(**),,±69,SEM,8,Tab1 spiny lucidum,,201402076920100,42,(**),,±6,SEM,8,Tab1 spiny lucidum,,201403076920100,,,,,,,,,,15.1,(**),,±1.6,SEM,8,Tab1 spiny lucidum,,201405076920100,,,,,,,,,,0.8,(**),,±0.07,SEM,8,Tab1 spiny lucidum,,201407076920100,75,(*),,±10,SEM,8,500,1000,Tab1 spiny lucidum,,201408076920100,4.6,(**),,±2.0,SEM,8,500,1000,Tab1 spiny lucidum,,201409076920100,0.81,(**),,±0.04,SEM,8,-100,Tab1 spiny lucidum,,201410076920100,611920,,,,,,
78,CA3,Lucidum-Radiatum (i)03300,2014,9300769,r,p,36,b,-61,(**),,±2,SEM,9,Tab1 aspiny s.l.,,201401076920100,284,(**),,±60,SEM,9,Tab1 aspiny s.l.,,201402076920100,28,(**),,±2,SEM,7,Tab1 aspiny s.l.,,201403076920100,,,,,,,,,,15,(**),,±2.2,SEM,9,Tab1 aspiny s.l.,,201405076920100,,,,,,,,,,0.53,(**),,±0.07,SEM,9,Tab1 aspiny s.l.,,201407076920100,115,,,±11,SEM,9,X,X,Tab1 aspiny s.l.,,201408076920100,6.6,(**),,±1.3,SEM,9,500,1000,Tab1 aspiny s.l.,,201409076920100,0.9,(**),,±0.02,SEM,8,-100,Tab1 aspiny s.l.,,201410076920100,611920,,,,,,
79,CA3,CA3 Radiatum (i)03000,2023,,,,,,,,,,,,,,,,,,,,,,,,,,,,,,,,,,,,,,,,,,,,,,,,,,,,,,,,,,,,,,,,,,,,,,,,,,,,,,,,,,,,,,,,,,,,,,,,,,,,,,,,,,,
81,CA3,MFA ORDEN (i)02332p,2035,10655521,r,p,33,b,-57,(*),,±5,SDEV,13,Tab1;  MFA,,203501552120100,225,(*),,±93,SDEV,13,Tab1;  MFA,,203502552120100,29.1,(*),,±14.6,SDEV,13,Tab1;  MFA,,203503552120100,20,(*),,,SingVal,1,Fig1Cb,,203504552110103,13.1,(*),,±1.9,SDEV,13,Tab1 MFA,,203505552120100,74,(*),,,SingVal,1,Tab1 MFA,"""in hippocampome.org, the AP amplitude is defined as the peak relative to the threshold potential""",203506552120100,0.72,(*),,±0.15,SDEV,13,Tab1 MFA,,203507552120100,500,(*),,[400_600],Range,13,[400_600],X,Tab1 MFA,,203508552120100,6.5,(*),,,SingVal,1,500,1000,Fig1Cb,,203509552110103,,,,,,,,,,,611474,,,,,,
82,CA3,Lucidum LAX (i)02310,2017,,,,,,,,,,,,,,,,,,,,,,,,,,,,,,,,,,,,,,,,,,,,,,,,,,,,,,,,,,,,,,,,,,,,,,,,,,,,,,,,,,,,,,,,,,,,,,,,,,,,,,,,,,,
83,CA3,Spiny Lucidum (i)01320p,2019,19339618,r,p,36,b,,,,,,,,,,253,(*),,±22,SEM,37,p.4244,,201902961830000,32.4,(*),,±2.7,SEM,37,p.4244,,201903961830000,24.8,(*),,[20_29.6],Range,2,Fig5AD,,201904961810501,12.9,(*),,,SingVal,1,Fig5A,,201905961810501,88.4,(*),,[83.6_93.2],Range,2,Fig5A,,201906961810501,,,,,,,,,,,,,,,,,,,,,8.35,(*),,[3.9_12.8],Range,2,X,1000,Fig5AD,,201909961810501,0.84,(*),,,SingVal,1,-100,p.4244,""" in hippocampome.org, the sag ratio is defined as the ratio of steady-state voltage (Vss) at the end of  hyperpolarizing current injection to maximum voltage transients (Vmin) .   """,201910961830000,611802,,,,,,
84,CA3,CA3 Trilaminar (i)01113p,2020,15486016,m,p,29,r,-61.2,(*),,±4.6,SEM,8,Tab1,,202001601620100,167.3,(*),,±20.9,SEM,8,Tab1,,202002601620100,16.9,(*),,±3.1,SEM,8,Tab1,,202003601620100,12,(*),,,SingVal,1,Fig3A,,202004601610301,30,(*),,,SingVal,1,Fig3C,,202005601610303,84,(*),,[69_99],Range,2,Fig3C,,202006601610303,0.57,(*),,±0.01,SEM,8,Tab1,,202007601620100,101.5,(*),,±22,SEM,8,X,X,Tab1,,202008601620100,0.1,(*),,,SingVal,1,300,500,Fig3Aii,,202009601610301,0.88,(*),,,SingVal,1,-200,Fig3A,,202010601610301,,,,,15486016,"""p. 133, Fig2 B,C,D""","""Figure 2. Morphological characterization of O-LM and trilaminar interneurones in stratum oriens Reconstructions of representative biocytin-filled O-LM (A) and three trilaminar (B–D) cells. The soma and dendrites are drawn in red, whereas the axons are in black. The horizontal dendritic branches from both interneurone types are restricted to the stratum oriens. The O-LM cell had an axon that crossed the pyramidal cell layer and extensively arborized in the stratum lacunosum-moleculare of the area CA3, while the axons from the trilaminar cell arborized in three layers (str. oriens, pyramidale and radiatum). Axon collaterals of the trilaminar cell in B extend horizontally (_1.3 mm) throughout the CA1 area of the hippocampus, whereas a _1.5 mm long axonal branch of another trilaminar cell in D traverses the entire extent of the CA1 are a and reaches the subiculum. Note the axon initial segment (arrow) in the trilaminar interneurone (D, inset). Hippocampal layers are depicted schematically. CA3, CA3 area; CA1, CA1 area; Sub, subiculum; str. or., stratum oriens; str. pyr., stratum pyramidale; str. rad., stratum radiatum; str. l.-m., stratum lacunosum-moleculare."""
85,CA3,CA3 IS Oriens (i)01113,2021,,,,,,,,,,,,,,,,,,,,,,,,,,,,,,,,,,,,,,,,,,,,,,,,,,,,,,,,,,,,,,,,,,,,,,,,,,,,,,,,,,,,,,,,,,,,,,,,,,,,,,,,,,,
86,CA3,CA3 Horizontal AA (i)00012,2047,20529124,m,p,22,r,,,,,,,,,,,,,,,,,,,,,,,,,,,,26,(*),,,SingVal,1,Fig1A middle,,204704912410101,4.5,(*),,,SingVal,1,Fig1A middle,,204705912410101,61,(*),,,SingVal,1,Fig1A middle,,204706912410101,,,,,,,,,,,,,,,,,,,,,5.6,(*),,,SingVal,1,400,760,Fig1A middle,,204709912410101,0.75,(*),,,SingVal,1,-100,Fig1A middle,,204710912410101,612642,,,,,,
87,CA3,CA3 SO-SO (i)00003,2022,,,,,,,,,,,,,,,,,,,,,,,,,,,,,,,,,,,,,,,,,,,,,,,,,,,,,,,,,,,,,,,,,,,,,,,,,,,,,,,,,,,,,,,,,,,,,,,,,,,,,,,,,,,
90,CA2,CA2 Pyramidal (e)2333p,3000,20510860,m,p,33,b,-75.3,(*),,±1.0,SDEV,19,Tab1,,300001086020100,76.2,(*),,±11.1,SDEV,19,Tab1,,300002086020100,,,,,,,,,,16,(*),,,SingVal,1,Fig1A,,300004086010101,7.8,(*),,,SingVal,1,Fig1A,,300005086010101,84.8,(*),,±1.6,SDEV,19,Tab1,,300006086020100,0.78,(*),,±0.02,SDEV,19,Tab1,,300007086020100,,,,,,,,,,,,1,(*),,,SingVal,1,400,1000,Fig1A,,300009086010101,0.92,(*),,,SingVal,1,-400,Fig1B,,300010086010102,,,,,20510860,"""p.570, right""","""Neurons were identified according to specific electrophysiological properties summarized in Table 1."""
92,CA2,CA2 Wide-Arbor BC (i)2232p,3007,17611285,r,e,,,-74.9,(*),,±5.6,SDEV,10,Tab2 CA2 basket cells with wide arbor,,300701128520200,111.8,(*),,±36.7,SDEV,10,Tab2 CA2 basket cells with wide arbor,,300702128520200,12.6,(*),,±4.2,SDEV,10,Tab2 CA2 basket cells with wide arbor,,300703128520200,30,(*),,[26_34],Range,2,Fig5C CA2 basket cells with wide arbor,,300704128510503,19.5,(*),,±9,SDEV,10,Tab2 CA2 basket cells with wide arbor,,300705128520200,65.5,(*),,±7.1,SDEV,10,Tab2 CA2 basket cells with wide arbor,,300706128520200,0.6,(*),,±0.1,SDEV,10,Tab2 CA2 basket cells with wide arbor,,300707128520200,125,(*),1,,SingVal,1,600,417,Fig5C (inset);  CA2 basket cells with wide arbor,,300708128510503,7,(*),,,SingVal,1,600,417,Fig5C (inset);  CA2 basket cells with wide arbor,,300709128510503,0.55,(*),,,SingVal,1,-600,Fig5C CA2 basket cells with wide arbor,,300710128510503,80310,,,,,,
94,CA2,CA2 Basket (i)2232,3006,17611285,r,e,,,-71.2,(*),,±4,SDEV,6,Tab2 CA2 basket cells with narrow arbor,,300601128520200,77,(*),,±19.3,SDEV,6,Tab2 CA2 basket cells with narrow arbor,,300602128520200,8.2,(*),,±3.2,SDEV,6,Tab2 CA2 basket cells with narrow arbor,,300603128520200,22,(*),,[17_27],Range,2,Fig5B CA2 basket cells withnarrow arbor,,300604128510502,22,(*),,±5.1,SDEV,6,Tab2 CA2 basket cells with narrow arbor,,300605128520200,62.7,(*),,±9,SDEV,6,Tab2 CA2 basket cells with narrow arbor,,300606128520200,0.5,(*),,±0.1,SDEV,6,Tab2 CA2 basket cells with narrow arbor,,300607128520200,180,(*),1,,SingVal,1,600,430,Fig5B (inset);  CA2 basket cells with restricted arbor,,300608128510502,3,(*),,,SingVal,1,600,430,Fig5B (inset);  CA2 basket cells with restricted arbor,,300609128510502,0.99,(*),,,SingVal,1,-600,Fig5B CA2 basket cells with restricted arbor,,300610128510502,80275,,,,,,
96,CA2,CA2 Bistratified (i)0313p,3003,17611285,r,e,,,-72.7,(*),,±1.1,SDEV,3,Tab2 CA2 bistratified cells with narrow arbor,,300301128520200,83.3,(*),,±16.7,SDEV,3,Tab2 CA2 bistratified cells with narrow arbor,,300302128520200,13.7,(*),,±10,SDEV,3,Tab2 CA2 bistratified cells with narrow arbor,,300303128520200,49,(*),,[42_56],Range,2,Fig6B CA2 bistratified cells with narrow arbor,,300304128510602,14.4,(*),,±11.8,SDEV,3,Tab2 CA2 bistratified cells with narrow arbor,,300305128520200,65.2,(*),,±7.8,SDEV,3,Tab2 CA2 bistratified cells with narrow arbor,,300306128520200,0.4,(*),,±0.1,SDEV,3,Tab2 CA2 bistratified cells with narrow arbor,,300307128520200,,,,,,,,,,,,3.2,(*),,,SingVal,1,400,422,Fig6B CA2 bistratified cells with restricted arbor,,300309128510602,0.99,(*),,,SingVal,1,-800,Fig6B CA2 bistratified cells with restricted arbor,,300310128510602,80315,,,,,,
98,CA2,CA2 SP-SR (i)0302,3008,22431345,r,e,,,-71,(*),,±4.5,SDEV,8,Tab1 CA2 SP-SR interneurons,,300801134520100,82.6,(*),,±24.4,SDEV,8,Tab1 CA2 SP-SR interneurons,,300802134520100,12.7,(*),,±3.8,SDEV,8,Tab1 CA2 SP-SR interneurons,,300803134520100,19,(*),,,SingVal,1,Fig3A bottom ;  CA2 SP-SR interneuron,,300804134510301,11.5,(*),,,SingVal,1,Fig3A bottom ;  CA2 SP-SR interneuron,,300805134510301,67,(*),,,SingVal,1,Fig3A bottom ;  CA2 SP-SR interneuron,,300806134510301,0.5,(*),,±0.1,SDEV,8,Tab1 CA2 SP-SR interneurons,,300807134520100,160,(*),1,,SingVal,1,600,350,Fig3A top ;  CA2 SP-SR interneuron,,300808134510301,3.3,(*),,,SingVal,1,600,350,Fig3A top ;  CA2 SP-SR interneuron,,300809134510301,0.86,(*),,,SingVal,1,-1000,Fig3A bottom ;  CA2 SP-SR interneuron,,300810134510301,612637,,,,,,
100,CA1,CA1 Pyramidal (e)2223p,4000,11067982,r,p,35,b,-66.2,(**),,±1.1,SDEV,13,Tab1;  CA1,,400001798220100,55.4,(**),,±3.7,SDEV,13,Tab1;  CA1,,400002798220100,,,,,,,,,,20.2,(**),,,SingVal,1,Tab1,""" in hippocampome.org, the Vthesh is defined as a potential relative to the resting potential """,400004798220100,7.8,(**),,,SingVal,1,Fig5D,,400005798210504,85,(**),,,SingVal,1,Fig5D,,400006798210504,1,(*),,,SingVal,1,Fig6B,,400007798210602,,,,,,,,,,,,0.3,(**),,,SingVal,1,200,575,Fig5D,,400009798210504,0.56,(**),,,SingVal,1,-200,Fig5D,,400010798210504,,,,,11067982,"""p.2399""","""Neurons filled with biocytin were processed for visualization using an avidin-horseradish peroxidase (HRP) 3,3_-diaminobenzidine reaction. Morphological reconstructions were made using a camera lucida system, whereby each neuron was confirmed to be pyramidal. Morphological analyses were performed on a subset of reconstructed neurons that were examined closely to exclude cells that had obvious dendritic cuttings at the slice surface."""
102,CA1,CA1 Pyramidal (e)2223p,4000,21697442,,,,,,,,,,,,,,,,,,,,,,,,,,,,,,,,,,,,,,,,,,,,,,,,,,,,,,,,,,,,,,,,,,,,,,,,,,,,,,,3.75,,,[3.5_4],Range,2,X,50,Fig1,,400009744210100,,,,,,,,,,,,,,,21697442,"""p.1571""","""After recording, slices were fixed in 4% paraformaldehyde. One to two weeks after electrophysiological characterization, a diaminobenzidine reaction (DAB; kit from Sigma-Aldrich) was performed to stain biocytin-filled neurons for subsequent morphological characterization."""
103,CA1,CA1 Pyramidal (e)2223p,4000,21389243,r,p,33,b,,,,,,,,,,80,(**),,±7.1,SEM,12,p.3882;  right,,400002924330000,,,,,,,,,,,,,,,,,,,,,,,,,,,,,,,,,,,,,,,,,,,,,,32,(**),,,SingVal,1,200,60,Fig1Bi,,400008924310102,,,,,,,,,,,,,,,,,,,,,,,,,,21389243,"""p.3881""","""Identification of interneurons was established using biocytin in the intracellular recording solution and a post hoc analysis using immunofluorescence. Approximately 50% of CA1 interneuron recordings were done with an intracellular solution containing 0.6% biocytin (Invitrogen) by weight. After cells were allowed to passively fill with biocytin for approximately 1 h, they were fixed in 4% paraformaldehyde. To visualize neurons, slices were washed three times for 15 min in 0.1 M PBS and then incubated for 2–4 h in a solution containing 1 mg/mL streptavidin-Alexa 532 (Invitrogen) and 0.75 mL/100 mL Triton X-100 (Sigma) in PBS. After another three washes in PBS, slices were mounted on microscope slides in Mowiol. Cells were imaged using an Olympus FT1000 confocal microscope."""
104,CA1,CA1 Pyramidal (e)2223p,4000,20421280,r,p,35.5,b,-62.4,(**),,±2.4,SDEV,21,p.2117;  right,,400001128030000,111,(**),,[91_131],Range,19,Tab1 PC,,400002128020100,16.5,(**),,[13.4_19.6],Range,19,Tab1 PC,,400003128020100,27,(**),,,SingVal,1,Fig1B;  PC,,400004128010102,6.8,(**),,,SingVal,1,Fig1B;  PC,,400005128010102,90,(**),,,SingVal,1,Fig1B;  PC,,400006128010102,,,,,,,,,,200,(**),1,,SingVal,1,200,900,Fig1B,,400008128010102,1.7,(**),,,SingVal,1,200,900,Fig1B,,400009128010102,0.74,(**),,,SingVal,1,-200,Fig2A,,400010128010201,,,,,20421280,"""p.2114, Fig. 1A, PC""","""Figure 1. Light microscopic reconstructions and voltage responses to current steps of the investigated
cell types recorded in the stratum oriens of hippocampal CA1 region
A, example artistic renderings of light microscopic reconstructions of a pyramidal cell (PC), an oriens-radiatum cell
(O-R), an oriens-lacunosum-moleculare cell (OLM), and a fast spiking perisomatic region-targeting interneuron (FS
PTI). Dendrites are represented in black and axons in red. Dendritic spines are enhanced for visibility."""
105,CA1,CA1 Pyramidal (e)2223p,4000,19675296,r,p,33,b,-64.6,(**),,±0.8,SDEV,20,Tab1 rat,,400001529620100,65.6,(**),,±4.4,SDEV,20,Tab1 rat,,400002529620100,22.4,(**),,±1.5,SDEV,20,Tab1 rat,,400003529620100,16.6,(**),,,SingVal,1,Fig5B rat,,400004529610502,,,,,,,,,,,,,,,,,,,,,,,,,,,,,,,,,,,,,,,,,,,,,,,,,,,,,,,,,,,,,,,,19675296,"""p.2292, Fig.2 A""","""Fig.2. Morphology of CA1 pyramidal neurons of rats and C57BL/6 and 129/SvEv mice. A: representative reconstructed neurons from each animal group.
Dotted lines represent the borders between stratum radiatum and stratum lacunosum-moleculare for each cell. """
106,CA1,CA1 Pyramidal (e)2223p,4000,19675296,m,p,33,b,-67.5,,,±0.6,SDEV,16,Tab1 mouse C57BL/6,,400001529620100,65.4,,,±1.7,SDEV,16,Tab1 mouse C57BL/6,,400002529620100,22.2,,,±0.9,SDEV,16,Tab1 mouse C57BL/6,,400003529620100,19,,,,SingVal,1,Fig5B mouse C57BL/6,,400004529610502,,,,,,,,,,,,,,,,,,,,,,,,,,,,,,,,,,,,,,,,,,,,,,,,,,,,,,,,,,,,,,,,19675296,"""p.2292, Fig.2 A""","""Fig.2. Morphology of CA1 pyramidal neurons of rats and C57BL/6 and 129/SvEv mice. A: representative reconstructed neurons from each animal group.
Dotted lines represent the borders between stratum radiatum and stratum lacunosum-moleculare for each cell. """
107,CA1,CA1 Pyramidal (e)2223p,4000,19675296,m,p,33,b,-62.8,,,±0.6,SDEV,14,Tab1 mouse 129/SvEv,,400001529620100,93.1,,,±6.7,SDEV,14,Tab1 mouse 129/SvEv,,400002529620100,26.1,,,±1.6,SDEV,14,Tab1 mouse 129/SvEv,,400003529620100,12.8,,,,SingVal,1,Fig5B mouse 129/SvEv,,400004529610502,,,,,,,,,,,,,,,,,,,,,,,,,,,,,,,,,,,,,,,,,,,,,,,,,,,,,,,,,,,,,,,,19675296,"""p.2292, Fig.2 A""","""Fig.2. Morphology of CA1 pyramidal neurons of rats and C57BL/6 and 129/SvEv mice. A: representative reconstructed neurons from each animal group.
Dotted lines represent the borders between stratum radiatum and stratum lacunosum-moleculare for each cell. """
108,CA1,CA1 Pyramidal (e)2223p,4000,10864941,r,p,22.5,r,-65,,,±1,SDEV,8,Tab1 PCs,,400001494120100,100,,,±24,SDEV,8,Tab1 PCs,,400002494120100,39,,,±6,SDEV,8,Tab1 PCs,,400003494120100,27,,,,SingVal,1,Tab1 PCs,""" in hippocampome.org, the Vthesh is defined as a potential relative to the resting potential """,400004494120100,8.5,,,,SingVal,1,Fig2Ab,,400005494110201,109,,,,SingVal,1,Tab1 PCs,,400006494120100,1.9,,,±0.01,SDEV,8,Tab1 PCs,,400007494120100,13,,1,,SingVal,1,750,X,Fig2Ab,,400008494110201,8.5,,,,SingVal,1,750,1600,Fig2Ab,,400009494110201,,,,,,,,,,,,,,,10864941,"""p.4845""","""As seen in the photomicrograph of a typical PC (Fig. 1 A), the soma of the neuron is located in the stratum pyramidale. Its thick apical dendrite reaches into the stratum radiatum and lets off several secondary and tertiary thin dendritic processes, whereas its basilar dendrites branch extensively in the stratum oriens."""
109,CA1,CA1 Pyramidal (e)2223p,4000,20510860,m,p,33,b,-71.9,,,±1.2,SDEV,14,Tab1,,400001086020100,107,,,±10.7,SDEV,14,Tab1,,400002086020100,,,,,,,,,,19.5,,,,SingVal,1,Fig1A,,400004086010101,7,,,,SingVal,1,Fig1A,,400005086010101,95.3,,,±1.8,SDEV,14,Tab1,,400006086020100,0.99,,,±0.03,SDEV,14,Tab1,,400007086020100,24,,1,,SingVal,1,150,1000,Fig1A,,400008086010101,0.55,,,,SingVal,1,150,1000,Fig1A,,400009086010101,0.78,,,,SingVal,1,-280,Tab1,,400010086020100,,,,,20510860,"""p.570, right""","""Neurons were identified according to specific electrophysiological properties summarized in Table 1."""
110,CA1,CA1 Superficial Pyramidal (e)2223p,4098,24836505,m,p,33,b,-66.3,(***),,,SingVal,8,TabS1,,409801650520100,117,(***),,,SingVal,8,TabS1,,409802650520100,32.9,(***),,,SingVal,8,TabS1,,409803650520100,15.1,(***),,,SingVal,1,Fig3A,,409804650510301,,,,,,,,,,106,(***),,,SingVal,1,Fig3A,,409806650510301,1.82,(***),,,SingVal,1,Fig3A,,409807650510301,32.1,(***),,±1.7,SDEV,1,550,1000,FigS1E,Warning! SDEV presented with n=1.  ,409808650510105,,,,,,,,,,,,8.7,(***),,±0.6,SDEV,1,X,FigS1H,Warning! SDEV presented with n=1.  ,409810650510108,,,,,,,
111,CA1,CA1 Deep Pyramidal (e)2223p,4099,24836505,m,p,33,b,-72,(***),,,SingVal,9,TabS1,,409901650520100,124,(***),,,SingVal,9,TabS1,,409902650520100,24.2,(***),,,SingVal,9,TabS1,,409903650520100,21.4,(***),,,SingVal,1,Fig3A,,409904650510301,,,,,,,,,,117.9,(***),,,SingVal,1,Fig3A,,409906650510301,1.82,(***),,,SingVal,1,Fig3A,,409907650510301,31.1,(***),,±1.4,SDEV,1,550,1000,FigS1E,Warning! SDEV presented with n=1.  ,409908650510105,,,,,,,,,,,,5.6,(***),,±0.4,SDEV,1,X,FigS1H,Warning! SDEV presented with n=1.  ,409910650510108,,,,,,,
112,CA1,CA1 Cajal-Retzius (e)3000,4094,23536064,m,p,31,b,,,,,,,,,,,,,,,,,,,,,,,,,,,,28,(**),,[24_32],Range,2,Fig8A,,409404606410801,28,(**),,[24_32],Range,2,Fig8A,,409405606410801,29,(**),,[20_38],Range,2,Fig8A,,409406606410801,,,,,,,,,,,,,,,,,,,,,0.2,(**),,,SingVal,1,40,989,Fig8A,,409409606410801,0.68,(**),,,SingVal,1,-15,Fig8A,,409410606410801,630430,,,,,,
113,CA1,CA1 Cajal-Retzius (e)3000,4094,25253849,m,p,32,b,-62,(*),,,SingVal,1,Fig2D,,409401384910204,,,,,,,,,,,,,,,,,,,29.5,(**),,[22_37],Range,2,Fig2D,,409404384910204,15.5,(**),,[12_19],Range,2,Fig2D,,409405384910204,29.15,(**),,[7.7_50.6],Range,2,Fig2D,,409406384910204,0.75,(*),,[0.72_0.78],Range,2,Fig2C,,409407384910203,62,(**),1,,SingVal,1,70,X,Fig2D,,409408384910204,1.6,(**),,,SingVal,1,70,1000,Fig2D,,409409384910204,0.61,(**),,,SingVal,1,-25,Fig2D,,409410384910204,630414,,,,,,
114,CA1,CA1 Cajal-Retzius (e)3000,4094,20547684,m,p,33.5,b,,,,,,,,,,1712,(*),,±108,SEM,30,p.2864;  left,,409402768430000,,,,,,,,,,,,,,,,,,,,,,,,,,,,,,,,,,,,,,,,,,,,,,67,(**),,±9,SEM,27,X,X,Fig.3F,,409408768410306,,,,,,,,,,,,,,,,,,,,,,,25253849,p.13020-13021,"""When observed at high magnification, these cells had the typical characteristics of Cajal-Retzius cells (i.e., tadpole morphology with a single main dendrite and were also endowed with reelin immunoreactivity; Fig. 1; see also Marchionni et al., 2010, 2012; Quattrocolo and Maccaferri, 2013).""",,,
117,CA1,CA1 Radiatum Giant (e)2201,4054,17185334,r,p,31,b,-66,(*),,±0.9,SEM,16,p.439;  top left,,405401533430000,56,(*),,±2.8,SEM,25,p.439;  top left,,405402533430000,,,,,,,,,,30,(*),,,SingVal,1,Fig5A,,405404533410501,6,(*),,,SingVal,1,Fig5A,,405405533410501,69,(*),,,SingVal,1,Fig5A,,405406533410501,,,,,,,,,,,,,,,,,,,,,,,,,,,,,,,,0.61,(*),,,SingVal,1,-300,Fig5A,,405410533410501,612075,,,,,,
118,CA1,CA1 Radiatum Giant (e)2201,4054,10864941,r,p,22.5,r,-63,,,±1,SDEV,7,Tab1 RGCs,,405401494120100,86,,,±11,SDEV,7,Tab1 RGCs,,405402494120100,50,(*),,±3,SDEV,7,Tab1 RGCs,,405403494120100,32,,,,SingVal,1,Tab1 RGCs,""" in hippocampome.org, the Vthesh is defined as a potential relative to the resting potential """,405404494120100,15.4,,,,SingVal,1,Fig2Ba,,405405494110202,107,,,,SingVal,1,Tab1 RGCs,,405406494120100,1.9,(*),,±0.09,SDEV,7,Tab1 RGCs,,405407494120100,26,(*),1,,SingVal,1,625,1600,Fig2Bb,,405408494110202,8.3,(*),,,SingVal,1,625,1600,Fig2Bb,,405409494110202,,,,,,,,,,,,17185334,p. 436; right,"""One distinction between PLPs and pyramidal neurons is apparent in the scarcity of pyramidal neuron projections to the olfactory bulb. This pattern of projection is similar to the RGC, a class of principal neurons in the hippocampus (Gulyas et al.1998; Christie et al. 2000; Kirson & Yaari, 2000; Savic & Sciancalepore, 2001). RGCs also project to the olfactory bulb, and make asymmetrical synapses with other neurons (Gulyas et al. 1998). Most RGCs also have two prominent apical dendrites that project to the SR/SLM. The somata of these neurons normally have the shape of an inverted triangle, and have little basal branching (Gulyas et al.1998; Kirson & Yaari, 2000). A minority of RGCs have been described with a more typical pyramidal appearance, particularly the ‘P-cell-like' class described byGulyas et al. (1998) Although PLPs are probably a subclass of RGCs, we chose a distinct nomenclature to emphasize the significantly different morphology of the PLP compared to the typical non-pyramidal RGC morphology.""",,,
119,CA1,CA1 Quadrilaminar (i)3333,4003,11807843,r,e,35,b,-58.5,(*),,[-61_-56],Range,2,Tab3;  p.362,,400301784320300,,,,,,,,,,,,,,,,,,,21.1,(*),,,SingVal,1,Fig12B,,400304784311202,11.9,(*),,,SingVal,1,Fig12B,,400305784311202,57.7,(*),,,SingVal,1,Fig12B,,400306784311202,,,,,,,,,,,,,,,,,,,,,6.9,(*),,,SingVal,1,X,X,Fig12B,,400309784311202,,,,,,,,,,,611346,,,,,,
120,CA1,CA1 LMR Projecting (i)3300p,4004,,,,,,,,,,,,,,,,,,,,,,,,,,,,,,,,,,,,,,,,,,,,,,,,,,,,,,,,,,,,,,,,,,,,,,,,,,,,,,,,,,,,,,,,,,,,,,,,,,,,,,,,,,,
121,CA1,CA1 LMR (i)3300,4005,9503336,r,e,34.5,b,-58.3,,,±2.4,SDEV,2,Tab1,,400501333620100,74.7,,,±6.0,SDEV,2,Tab1,,400502333620100,6.5,,,±0.1,SDEV,2,Tab1,,400503333620100,18.4,,,,SingVal,1,Fig6Ba,,400504333610602,10.8,,,±1.4,SDEV,2,Tab1,,400505333620100,65.1,,,±0.4,SDEV,2,Tab1,,400506333620100,0.8,,,±0.1,SDEV,2,Tab1,,400507333620100,,,,,,,,,,,,3.9,,,,SingVal,1,500,100,Fig6Ba,,400509333610602,,,,,,,,,,,611512,,,,,,
122,CA1,CA1 LMR (i)3300,4005,16033887,,,,,,,,,,,,,,,,,,,,,,,,,,,,,,,,,,,,,,,,,,,,,,,,,,,,,,,,,,,,,,,,,,,,,,,,,,,,,,,,,,,,,,,,,,,,,,,,,,,,,,,,,,
123,CA1,CA1 LMR (i)3300,4005,18184315,r,p,22,r,-65.9,(**),,,SingVal,1,Fig3C NG,,400501431510303,318.2,(**),,,SingVal,1,Fig3C NG,,400502431510303,14.9,(**),,,SingVal,1,Fig3C NG,,400503431510303,36.9,(**),,,SingVal,1,Fig3B Neurogliaform,,400504431510302,19.5,(**),,,SingVal,1,Fig3C NG,,400505431510303,59.9,(**),,,SingVal,1,Fig3C NG,,400506431510303,0.8,(**),,,SingVal,1,Fig3C NG,,400507431510303,,,,,,,,,,,,0.2,(*),,,SingVal,1,100,400,Fig3B Neurogliaform,,400509431510302,0.99,(**),,,SingVal,1,-90,Fig3C NG,,400510431510303,,,,,18184315,"""p. 106-107, Fig. 2 A(neurogliaform)""",""" Fig. 2. Inhibitory unitary synaptic connections between interneurons of the stratum oriens (SO) and stratum lacunosum moleculare (SLM). (A) Light microscopicreconstruction (· 100) of a biocytin-labelled O-LM neuron (soma and dendrites in black, axon in blue) and a postsynaptic neurogliaform cell (soma and dendrites inred, and axon in blue) in acute slice. Note that the axonal arbour of the O-LM remains segregated within the SLM where it overlaps extensively with the dendritic andaxonal arborization of the neurogliaform cell; PYR, stratum pyramidale. """
124,CA1,CA1 LMR (i)3300,4005,7931512,r,p,23,r,-53.1,(**),,±4.0,SDEV,48,Tab1,,400501151220100,352,(**),,±107,SDEV,49,Tab1,,400502151220100,32.9,(**),,±12.7,SDEV,11,Tab1,,400503151220100,13.2,(**),,,SingVal,1,Fig2A,,400504151210201,21.5,(**),,,SingVal,1,Fig2A,,400505151210201,86.9,(**),,±11.0,SDEV,49,Tab1,,400506151220100,1.3,(**),,,SingVal,1,Fig2A,,400507151210201,,,,,,,,,,,,,,,,,,,,,,,0.92,(**),,±0.11,SDEV,15,-100,Tab1 and p.2220;  right bottom,,400510151220100,612389,,,,,,
126,CA1,CA1 PPA QuadD (i)3222,4076,21795545,m,p,33,b,-64,(*),,±7,SDEV,23,Tab3 cluster 2,,407601554520300,216,(*),,±124,SDEV,23,Tab3 cluster 2,,407602554520300,46,(*),,±18,SDEV,23,Tab3 cluster 2,,407603554520300,27,(*),,,SingVal,1,Tab3 cluster 2; second AP,""" in hippocampome.org, the Vthesh is defined as a potential relative to the resting potential """,407604554520300,22,(*),,±3,SDEV,23,Tab3 cluster 2;  second AP,,407605554520300,61,(*),,±7,SDEV,23,Tab3 cluster 2;  second AP,,407606554520300,0.77,(*),,±0.12,SDEV,23,Tab3 cluster 2;  second AP,,407607554520300,40,(*),1,,SingVal,1,100,770,Fig7F grey trace,,407608554510706,1.3,(*),,,SingVal,1,100,770,Fig7F grey trace,,407609554510706,0.79,(*),,±0.09,SDEV,23,X,Tab3 cluster 2,,407610554520300,612614,,,,,,
127,CA1,CA1 Perforant Path-Assoc (i)3200p,4006,9503336,r,e,34.5,b,-55.4,(*),,±3.1,SDEV,6,Tab1,,400601333620100,84.2,(*),,±23.7,SDEV,6,Tab1,,400602333620100,11.9,(*),,±5.9,SDEV,6,Tab1,,400603333620100,9.3,(*),,,SingVal,1,Fig5B,,400604333610502,7,(*),,±2.6,SDEV,2,Tab1,,400605333620100,69.4,(*),,±5.3,SDEV,6,Tab1,,400606333620100,0.73,(*),,±0.1,SDEV,6,Tab1,,400607333620100,,,,,,,,,,,,12.4,(*),,,SingVal,1,700,200,Fig5B,,400609333610502,,,,,,,,,,,611510,,,,,,
129,CA1,CA1 NGF Projecting (i)3000p,4011,16033887,r,p,32.5,b,-63.1,(*),,±5.6,SDEV,33,p.6779;  bottom lef,,401101388730000,215.3,(*),,±92.8,SDEV,32,p.6779;  bottom lef,,401102388730000,12.43,(*),,±4.59,SDEV,32,p.6779;  bottom lef,,401103388730000,32.4,(**),,,SingVal,1,Fig3A,,401104388710301,20.4,(**),,±4.1,SDEV,34,p.6779;  bottom lef,,401105388730000,73,(**),,,SingVal,1,Fig3A,,401106388710301,0.9,(*),,±0.18,SDEV,26,p.6779;  bottom lef,,401107388730000,52.8,(*),,±31.0,SDEV,26,X,1000,p.6779;  bottom lef,,401108388730000,9,(**),,,SingVal,1,700,833,Fig3A,,401109388710301,0.99,(**),,,SingVal,1,-30,Fig3A,,401110388710301,732,,,,,,
130,CA1,CA1 NGF Projecting (i)3000p,4011,20130170,r,p,32,b,,,,,,,,,,,,,,,,,,,,,,,,,,,,44.4,(**),,[37.5_51.3],Range,2,Fig5B,,401104017010502,17.6,(**),,[14.9_20.3],Range,2,Fig5B,,401105017010502,46.5,(**),,[32_61],Range,2,Fig5B,,401106017010502,,,,,,,,,,,,,,,,,,,,,2.4,(**),,,SingVal,1,280,910,Fig5B,,401109017010502,0.97,(**),,,SingVal,1,-30,Fig5B,,401110017010502,612117,,,,,,
131,CA1,CA1 Neurogliaform (i)3000,4012,16033887,r,p,32.5,b,-63.1,(*),,±5.6,SDEV,33,p.6779;  bottom lef,,401201388730000,215.3,(*),,±92.8,SDEV,32,p.6779;  bottom lef,,401202388730000,12.43,(*),,±4.59,SDEV,32,p.6779;  bottom lef,,401203388730000,32.4,(*),,,SingVal,1,Fig3A,,401204388710301,20.4,(*),,±4.1,SDEV,34,p.6779;  bottom lef,,401205388730000,73,(*),,,SingVal,1,Fig3A,,401206388710301,0.9,(*),,±0.18,SDEV,26,p.6779;  bottom lef,,401207388730000,52.8,,,±31.0,SDEV,26,X,1000,p.6779;  bottom lef,,401208388730000,9,(*),,,SingVal,1,700,833,Fig3A,,401209388710301,0.99,(*),,,SingVal,1,-30,Fig3A,,401210388710301,732,,,,,,
132,CA1,CA1 Neurogliaform (i)3000,4012,21795545,m,p,33,b,-70,,,±10,SDEV,34,Tab3 cluster 3,,401201554520300,302,,,±139,SDEV,34,Tab3 cluster 3,,401202554520300,25,,,±8,SDEV,34,Tab3 cluster 3,,401203554520300,36,,,,SingVal,1,Tab3 cluster 3; second AP,""" in hippocampome.org, the Vthesh is defined as a potential relative to the resting potential """,401204554520300,21,,,±4,SDEV,34,Tab3 cluster 3; second AHP,,401205554520300,52,,,±9,SDEV,34,Tab3 cluster 3; second AP,,401206554520300,1.08,,,±0.21,SDEV,34,Tab3 cluster 3; second AP,,401207554520300,60,(*),1,,SingVal,1,103,761,Fig8F,,401208554510806,5.5,,,,SingVal,1,103,761,Fig8F,,401209554510806,0.88,,,±0.06,SDEV,34,X,Tab3 cluster 3,,401210554520300,,,,,21795545,"""p.10960, Fig. 8F,G""","""Figure 8.
Representative CGE-derived hippocampal interneurons. A–K, Neurolucida reconstructions of GFP+ interneurons recorded in slices from P15–P30 GAD65-GFP pups (dendrites and soma in black; axon in red). Scale bar: 100 _m. The dashed lines indicate the approximate boundaries of strata oriens (s.o.), pyramidale (s.p.), radiatum (s.r.), lacunosum moleculare (s.l.m.), and lucidum (s.lu.)."""
133,CA1,CA1 Radial Trilaminar (i)2333,4013,19741117,m,p,34,b,,,,,,,,,,,,,,,,,,,,,,,,,,,,27,(**),,,SingVal,1,Fig1B top,,401304111710102,11,(**),,,SingVal,1,Fig1B top,,401305111710102,56,(**),,,SingVal,1,Fig1B top,,401306111710102,,,,,,,,,,145,(*),1,,SingVal,1,X,500,Fig1B top,,401308111710102,6,,,,SingVal,1,X,500,Fig1B top,,401309111710102,,,,,,,,,,,612097,,,,,,
134,CA1,CA1 Radial Trilaminar (i)2333,4013,21795545,m,p,33,b,-57,(*),,±5,SDEV,15,Tab3 cluster 1,,401301554520300,116,(*),,±63,SDEV,15,Tab3 cluster 1,,401302554520300,13,(*),,±8,SDEV,15,Tab3 cluster 1,,401303554520300,20.2,(**),,,SingVal,1,Fig7C,,401304554510703,25,(**),,±4,SDEV,15,Tab3 cluster 1;  second AHP,,401305554520300,48,(**),,±8,SDEV,15,Tab3 cluster 1;  second AP,,401306554520300,0.54,(*),,±0.11,SDEV,15,Tab3 cluster 1;  second AP,,401307554520300,,,,,,,,,,,,0.82,(*),,,SingVal,1,316,765,Fig7C,,401309554510703,0.89,(*),,,SingVal,1,-90,Fig7C,,401310554510703,,,,,21795545,"""p.10959, Fig. 7C""","""Figure 7.
Representative MGE-derived hippocampal interneurons. A–K, Neurolucida reconstructions of GFP+ interneurons recorded in slices from P15–P30 Nkx2-1Cre:RCE pups (dendrites and soma in black; axon in red). Scale bar: 100 _m. The dashed lines indicate the approximate boundaries of s.o., s.p., s.r., and s.l.m. """
135,CA1,CA1 Radial Trilaminar (i)2333,4013,19741117,m,p,34,b,,,,,,,,,,,,,,,,,,,,,,,,,,,,29,(**),,,SingVal,1,Fig1C top,,401304111710103,12,(**),,,SingVal,1,Fig1C top,,401305111710103,55,(**),,,SingVal,1,Fig1C,,401306111710103,,,,,,,,,,,,,,,,,,,,,4.5,,,,SingVal,1,X,500,Fig1C top,,401309111710103,,,,,,,,,,,612097,,,,,,
136,CA1,Schaffer Collateral-Assoc (i)2311,4015,11807843,r,e,35,b,-75,,,,SingVal,1,Fig9B,,401501784310902,,,,,,,,,,,,,,,,,,,17,,,,SingVal,1,Fig9B,,401504784310902,12,,,,SingVal,1,Fig9B,,401505784310902,60,,,,SingVal,1,Fig9B,,401506784310902,,,,,,,,,,,,,,,,,,,,,4.8,,,,SingVal,1,200,398,Fig9B,,401509784310902,0.86,,,,SingVal,1,-200,Fig9B,,401510784310902,612272,,,,,,
137,CA1,Schaffer Collateral-Assoc (i)2311,4015,11784700,r,p,35,b,-60.6,(*),,±3.14,SEM,5,Tab1,,401501470020100,482.64,(*),,±70.25,SEM,5,Tab1,,401502470020100,26.12,(*),,±3.13,SEM,5,Tab1,,401503470020100,13.5,(*),,,SingVal,1,Fig4 C1,,401504470010400,21.02,(*),,±2.59,SEM,5,Tab1,,401505470020100,73,(*),,±4.82,SEM,5,Tab1,,401506470020100,1.06,(*),,±0.07,SEM,5,Tab1,,401507470020100,95,(*),1,,SingVal,1,150,1000,Fig4D1,,401508470010404,5.5,(*),,,SingVal,1,150,1000,Fig4D1,,401509470010404,0.49,(*),,,SingVal,1,-100,Fig4C1,,401510470010403,,,,,11784700,"""p.68, Fig.2 C,D""","""Fig. 2. Axonal projection patterns of two pro-CCK-immunoreactive basket cells (A, P12 and B, P12) and two immunoreactive
Scha¡er collateral-associated cells (C, P16 and D, P16), also shown in Fig. 1. The basket cell axonal branches are concentrated
in stratum pyramidale (s.pyr.) and they also innervate, to a smaller extent, the adjacent areas of strata radiatum
(s.rad.) and oriens. In contrast, the axonal branches of Scha¡er collateral-associated cells are mostly located in stratum radiatum;
very few branches enter stratum pyramidale or pass through to stratum oriens, or enter stratum lacunosum-moleculare
(s.l-m.). The dendritic trees of some cells (A^C) are severely truncated because most dendrites reached the surface of the slice.
Numbers indicate cell identity of each recorded cell. Scale bars=100 _m."""
138,CA1,CA1 IS LMR-R (i)2300,4056,,,,,,,,,,,,,,,,,,,,,,,,,,,,,,,,,,,,,,,,,,,,,,,,,,,,,,,,,,,,,,,,,,,,,,,,,,,,,,,,,,,,,,,,,,,,,,,,,,,,,,,,,,,
139,CA1,CA1 Oriens/Alveus (i)2233,4055,3612227,g,e,35,b,-51,(*),,±3,SDEV,40,Tab1 O/A interneuron,,405501222720100,42,(*),,±4,SDEV,22,Tab1 O/A interneuron,,405502222720100,5.6,(*),,±0.4,SDEV,18,Tab1 O/A interneuron,,405503222720100,9.4,(*),,,SingVal,1,Fig8 bottom;  O/A interneuron,,405504222710800,8.1,(*),,±0.9,SDEV,32,Tab1 O/A interneuron,,405505222720100,43,(*),,±2,SDEV,41,Tab1 O/A interneuron,,405506222720100,1.1,(*),,±0.1,SDEV,32,Tab1 O/A interneuron,,405507222720100,,,,,,,,,,,,6,(*),,,SingVal,1,555,114,Fig9A O/A interneuron,,405509222710901,,,,,,,,,,,611288,,,,,,
140,CA1,CA1 Basket (i)2232,4078,11807843,r,e,35,b,-68,,,,SingVal,1,Fig3F,,407801784310306,,,,,,,,,,,,,,,,,,,19,,,,SingVal,1,Fig3F,,407804784310306,11,,,,SingVal,1,Fig3F,,407805784310306,62,,,,SingVal,1,Fig3F,,407806784310306,,,,,,,,,,,,,,,,,,,,,2,(*),,,SingVal,1,600,800,Fig3F,,407809784310306,,,,,,,,,,,611335,,,,,,
141,CA1,CA1 Basket (i)2232,4078,21795545,m,p,33,b,-57,(*),,±5,SDEV,15,Tab3 cluster 1,,407801554520300,116,(*),,±63,SDEV,15,Tab3 cluster 1,,407802554520300,13,(*),,±8,SDEV,15,Tab3 cluster 1,,407803554520300,25,,,,SingVal,1,Tab3 cluster 1;  2nd spike,""" in hippocampome.org, the Vthesh is defined as a potential relative to the resting potential """,407804554520300,25,,,±4,SDEV,15,Tab3 cluster 1;  second AHP,,407805554520300,48,,,±8,SDEV,15,Tab3 cluster 1;  second AP,,407806554520300,0.54,(*),,±0.11,SDEV,15,Tab3 cluster 1;  second AP,,407807554520300,,,,,,,,,,,,,,,,,,,,,,,0.84,(*),,±0.06,SDEV,15,X,Tab3 cluster 1,,407810554520300,,,,,21795545,"""p.10959, Fig. 7A""","""Figure 7.
Representative MGE-derived hippocampal interneurons. A–K, Neurolucida reconstructions of GFP+ interneurons recorded in slices from P15–P30 Nkx2-1Cre:RCE pups (dendrites and soma in black; axon in red). Scale bar: 100 _m. The dashed lines indicate the approximate boundaries of s.o., s.p., s.r., and s.l.m. """
142,CA1,CA1 Basket (i)2232,4078,21795548,r,p,33,b,,,,,,,,,,,,,,,,,,,,,,,,,,,,19,(*),,,SingVal,1,Fig1A,,407804554810101,10,(*),,,SingVal,1,Fig1A,,407805554810101,62,(*),,,SingVal,1,Fig1A,,407806554810101,,,,,,,,,,60,(*),1,,SingVal,1,X,1750,Fig1A,,407808554810101,1.5,,,,SingVal,1,X,1750,Fig1A,,407809554810101,,,,,,,,,,,Fig.1A,,,,,,
143,CA1,CA1 BC CCK+ (i)2232,4079,11807843,r,e,35,b,,,,,,,,,,,,,,,,,,,,,,,,,,,,29,,,,SingVal,1,Fig6D,,407904784310604,14,,,,SingVal,1,Fig6D,,407905784310604,70,,,,SingVal,1,Fig6D,,407906784310604,,,,,,,,,,,,,,,,,,,,,,,,,,,,,,,,,,,,,,,,,,,,,,,,
144,CA1,CA1 BC CCK+ (i)2232,4079,21795548,r,p,33,b,,,,,,,,,,,,,,,,,,,,,,,,,,,,22.5,(**),,,SingVal,1,Fig1B,,407904554810102,9,(**),,,SingVal,1,Fig1B,,407905554810102,55,(**),,,SingVal,1,Fig1B,,407906554810102,,,,,,,,,,28,,1,,SingVal,1,X,1750,Fig1B,,407908554810102,4.8,,,,SingVal,1,X,1750,Fig1B,,407909554810102,0.86,,,,SingVal,1,X,Fig1B,,407910554810102,Fig.1B,,,,,,
145,CA1,CA1 BC CCK+ (i)2232,4079,11784700,r,p,35,b,-61.4,(*),,±1.44,SEM,5,Tab1,,407901470020100,281.68,(*),,±35.66,SEM,5,Tab1,,407902470020100,25.07,(*),,±2.51,SEM,5,Tab1,,407903470020100,21.9,(**),,,SingVal,1,Fig4A1,,407904470010401,15.17,(**),,±1.53,SEM,5,Tab1,,407905470020100,76.92,(**),,±5.24,SEM,5,Tab1,,407906470020100,0.84,(*),,±0.05,SEM,5,Tab1,,407907470020100,160,(*),1,,SingVal,1,325,1000,Fig4B1,,407908470010402,6.6,(*),,,SingVal,1,325,1000,Fig4B1,,407909470010402,0.78,(*),,,SingVal,1,-100,Fig4A1,,407910470010401,,,,,11784700,"""p.68, Fig.2 A, B""","""Fig. 2. Axonal projection patterns of two pro-CCK-immunoreactive basket cells (A, P12 and B, P12) and two immunoreactive
Scha¡er collateral-associated cells (C, P16 and D, P16), also shown in Fig. 1. The basket cell axonal branches are concentrated
in stratum pyramidale (s.pyr.) and they also innervate, to a smaller extent, the adjacent areas of strata radiatum
(s.rad.) and oriens. In contrast, the axonal branches of Scha¡er collateral-associated cells are mostly located in stratum radiatum;
very few branches enter stratum pyramidale or pass through to stratum oriens, or enter stratum lacunosum-moleculare
(s.l-m.). The dendritic trees of some cells (A^C) are severely truncated because most dendrites reached the surface of the slice.
Numbers indicate cell identity of each recorded cell. Scale bars=100 _m."""
146,CA1,CA1 Axo-Axonic (i)2232,4036,11807843,r,e,35,b,-66,(**),,,SingVal,1,Fig4B,,403601784310402,,,,,,,,,,,,,,,,,,,22,(**),,,SingVal,1,Fig4B,,403604784310402,17.6,(**),,,SingVal,1,Fig4B,,403605784310402,54.5,(**),,,SingVal,1,Fig4B,,403606784310402,,,,,,,,,,,,,,,,,,,,,7.7,(**),,,SingVal,1,600,400,Fig4B,,403609784310402,,,,,,,,,,,611333,,,,,,
147,CA1,CA1 Axo-Axonic (i)2232,4036,8035215,r,e,34.5,b,-65.1,(**),,±3.9,SDEV,14,p.1295,,403601521530000,73.9,(*),,±23.8,SDEV,14,p.1295,,403602521530000,7.7,(*),,±3.8,SDEV,14,p.1295,,403603521530000,11,(**),,,SingVal,1,Fig5D,,403604521510504,4,(**),,,SingVal,1,Fig5D,,403605521510504,64.1,(**),,±7.1,SDEV,13,p.1295,,403606521530000,0.389,(*),,±0.086,SDEV,13,p.1295,,403607521530000,,,,,,,,,,,,3.5,(**),,,SingVal,1,500,200,Fig5D,,403609521510504,,,,,,,,,,,,15098728,p.234,"""From a total of 57 successfully recovered and identiﬁed stratumoriens horizontal interneurons, four were judged to be axo-axoniccells based on their axonal arborization. This was determined in aninitial light microscopic analysis, giving them a “chandelier”-likeappearance (Somogyi, 1977; Somogyi et al., 1985; Buhl et al.,1994) (Fig. 1A,E). """,,"""""","p.1292, Fig.1: ""FIG. 1. Intracellularly recorded and biocytin-filled axo-axonic cell in subfield CA 1 of the rat hippocampus. The cell was reconstructed with light microscopy from 5 X 60-mm-thick sections. The cell body that was located in the pyramidal cell layer (between -) g ave rise to several dendrites that traversed stratum radiatum (srad) and formed a characteristic apical tuft in the stratum lacunosum moleculare (slm). A skirt of basal dendrites coursed through the stratum oriens (so), with their tips protruding into the alveus. The axon, which was only partially filled, formed a dense band of terminal branches in the lower half of and subjacent to the pyramidal cell layer. Properties of this cell are also shown in Figs. 4A, 6A, IOA, and 11, A, C, and D. Scale bar = 100 mm. """
148,CA1,CA1 IS O-Target QuadD (i)2223,4020,,,,,,,,,,,,,,,,,,,,,,,,,,,,,,,,,,,,,,,,,,,,,,,,,,,,,,,,,,,,,,,,,,,,,,,,,,,,,,,,,,,,,,,,,,,,,,,,,,,,,,,,,,,
149,CA1,CA1 IS LM-R (i)2100,4021,,,,,,,,,,,,,,,,,,,,,,,,,,,,,,,,,,,,,,,,,,,,,,,,,,,,,,,,,,,,,,,,,,,,,,,,,,,,,,,,,,,,,,,,,,,,,,,,,,,,,,,,,,,
150,CA1,CA1 IS LMO-O (i)2003,4022,,,,,,,,,,,,,,,,,,,,,,,,,,,,,,,,,,,,,,,,,,,,,,,,,,,,,,,,,,,,,,,,,,,,,,,,,,,,,,,,,,,,,,,,,,,,,,,,,,,,,,,,,,,
151,CA1,CA1 R-Recv Apical-Target (i)1300,4061,21795545,m,p,33,b,-57,(*),,±5,SDEV,15,Tab3 cluster 1,,406101554520300,116,(*),,±63,SDEV,15,Tab3 cluster 1,,406102554520300,13,(*),,±8,SDEV,15,Tab3 cluster 1,,406103554520300,25,(*),,,SingVal,1,Tab3 cluster 1;  2nd spike,""" in hippocampome.org, the Vthesh is defined as a potential relative to the resting potential """,406104554520300,25,(*),,±4,SDEV,15,Tab3 cluster 1;  second AHP,,406105554520300,48,(*),,±8,SDEV,15,Tab3 cluster 1;  second AP,,406106554520300,0.54,(*),,±0.11,SDEV,15,Tab3 cluster 1;  second AP,,406107554520300,,,,,,,,,,,,3.3,(*),,,SingVal,1,46,765,Fig7I,,406109554510709,0.84,(*),,±0.06,SDEV,15,X,Tab3 cluster 1,,406110554520300,612614,,,,,,
152,CA1,CA1 R-Recv Apical-Target (i)1300,4061,21795545,m,p,33,b,,,,,,,Tab3 cluster 1,,,,,,,,,Tab3 cluster 1,,,,,,,,,Tab3 cluster 1,,,,,,,,,Tab3 cluster 1;  2nd spike,,,,,,,,,Tab3 cluster 1;  second AHP,,,,,,,,,Tab3 cluster 1;  second AP,,,,,,,,,Tab3 cluster 1;  second AP,,,,,,,,,,,Fig8D,,,,,,,,,,,Fig8D,,,,,,,,,,Tab3 cluster 1,,,612614,,,,,,
153,CA1,CA1 OR-LM (i)1202,4066,10777798,m,p,22,r,-68,(*),,[-69_-67],Range,2,Fig7bc,,406601779810702,225,(*),,[150_300],Range,2,Fig7bc,,406602779810702,68,(*),,,SingVal,1,Fig7c,,406603779810703,15.1,(*),,[14.0_16.2],Range,2,Fig7b bottom;  middle,,406604779810702,8.4,(*),,[7.2_9.6],Range,2,Fig7b bottom;  middle,,406605779810702,86,(*),,[82.8_89.2],Range,2,Fig7b bottom;  middle,,406606779810702,,,,,,,,,,,,,,,,,,,,,4.6,(*),,,SingVal,1,150,500,Fig7b top,,406609779810702,0.71,(*),,,SingVal,1,-200,Fig7c,,406610779810703,612567,,,,,,
154,CA1,CA1 Back Projection (i)1133p,4023,8085161,r,e,,,,,,,,,,,,,,,,,,,,,,,,,,,,,,15.5,(*),,[12_19],Range,2,Fig4A,,402304516110401,13.5,(*),,[10_17],Range,2,Fig4A,,402305516110401,58,(*),,[55_61],Range,2,Fig4A,,402306516110401,,,,,,,,,,,,,,,,,,,,,,,,,,,,,,,,0.99,(*),,,SingVal,1,X,Fig4A,,402310516110401,611413,,,,,,
155,CA1,CA1 O-Bistrat Projecting (i)1113p,4068,,,,,,,,,,,,,,,,,,,,,,,,,,,,,,,,,,,,,,,,,,,,,,,,,,,,,,,,,,,,,,,,,,,,,,,,,,,,,,,,,,,,,,,,,,,,,,,,,,,,,,,,,,,
156,CA1,CA1 O-LMR (i)1102,4087,20421280,r,p,35.5,b,-55.7,(*),,±6.5,SDEV,19,p.2117;  right,,408701128030000,190,(*),,[169_211],Range,2,Tab1;  OLM,,408702128020100,39.4,(*),,[31.9_46.9],Range,2,Tab1;  OLM,,408703128020100,34,(*),,,SingVal,1,Fig1B;  OLM,,408704128010102,19.4,(*),,,SingVal,1,Fig1B;  OLM,,408705128010102,84.4,(*),,,SingVal,1,Fig1B;  OLM,,408706128010102,,,,,,,,,,,,,,,,,,,,,5,(*),,,SingVal,1,200,850,Fig1B;  OLM,,408709128010102,0.68,(*),,,SingVal,1,-200,Fig1B;  OLM,,408710128010102,612730,,,,,,
157,CA1,CA1 Recurrent O-LM (i)1003,4089,9490837,r,e,34.5,b,-75,(*),,[-85_-65],Range,2,p.189;  top;  right,,408901083730000,70,(*),,±13.72,SDEV,8,p.189;  top;  right,,408902083730000,12.8,(*),,±1.5,SDEV,8,p.189;  top;  right,,408903083730000,25,(*),,,SingVal,1,Fig2A,,408904083710201,16.1,(*),,±10.7,SDEV,8,p.189;  top;  left,,408905083730000,58.75,(*),,±7.2,SDEV,8,p.189;  top;  left,,408906083730000,0.6,(*),,±0.3,SDEV,8,p.189;  top;  left,,408907083730000,150,(*),1,,SingVal,1,800,566,Fig2A,,408908083710201,5,(*),,,SingVal,1,800,566,Fig2A,,408909083710201,0.62,(*),,,SingVal,1,-1000,Fig2A,,408910083710201,612737,,,,,,
158,CA1,CA1 O-LM (i)1002,4069,978-0-19-510027-3 ,?,,,,,,,,,,,,,,,,,,,,,,,,,,,,,,,,,,,,,,,,,,,,,,,,,,,,,,,,,,,,,,,,,,,,,,,,,,,,,,4,(*),,,SingVal,1,X,995,Fig24A,,4069097-312401,,,,,,,,,,,60270,,,,,,
159,CA1,CA1 O-LM (i)1002,4069,7472426,r,e,37,b,,,,,,,,,,,,,,,,,,,,,,,,,,,,14,,,,SingVal,1,Fig5C,,406904242610503,16,,,,SingVal,1,Fig5C,,406905242610503,54,,,,SingVal,1,Fig5C,,406906242610503,,,,,,,,,,,,,,,,,,,,,,,,,,,,,,,,0.6,(*),,,SingVal,1,-1200,Fig5C,,406910242610503,,,,,,,
160,CA1,CA1 O-LM (i)1002,4069,10634782,r,p,23.5,r,,,,,,,,,,,,,,,,,,,,,,,,,,,,32.3,(*),,,SingVal,1,Fig3A;  top middle,,406904478210301,20.4,(*),,,SingVal,1,Fig3A;  top middle,,406905478210301,81.8,(*),,,SingVal,1,Fig3A;  top middle,,406906478210301,0.88,(*),,,SingVal,1,Fig3A;  bottom right,,406907478210301,,,,,,,,,,,,,,,,,,,,,,,,,,,,,,,,,,,,,10634782,"""p.296, Fig. 1C""",""" Fig. 1. Interneuron dendrites
are the sites of synaptic input
and axonal output. ...(C) Camera
lucida reconstruction of a
biocytin-_lled oriens-alveus interneuron.
Axon, red; soma and
dendrites, black. Str. l.-m., stratum
lacunosum-moleculare;
str. rad., stratum radiatum; str.
pyr., stratum pyramidale; str.
ori., stratum oriens. """
161,CA1,CA1 O-LM (i)1002,4069,21795545,,,,,,,,,,,,,,,,,,,,,,,,,,,,,,,,,,,,,,,,,,,,,,,,,,,,,,,,,,,,,,,,,,,,,,,,,,,,,,,,,,,,,,,,,,,,,,,,,,,,612614,,,,,,
162,CA1,CA1 Bistratified (i)0333,4080,11807843,r,e,35,b,-64,(**),,,SingVal,1,Fig5G,,408001784310507,,,,,,,,,,,,,,,,,,,17,(**),,,SingVal,1,Fig5G (0.4 nA),,408004784310507,13,(**),,,SingVal,1,Fig5G (0.4 nA),,408005784310507,53,(**),,,SingVal,1,Fig5G (0.4 nA),,408006784310507,,,,,,,,,,,,,,,,,,,,,3,(**),,,SingVal,1,400,410,Fig5G (0.4 nA),,408009784310507,,,,,,,,,,,611328,,,,,,
163,CA1,CA1 Bistratified (i)0333,4080,11807843,r,e,35,b,-65,(**),,,SingVal,1,Fig5B,,408001784310502,,,,,,,,,,,,,,,,,,,27,(**),,,SingVal,1,Fig5B,,408004784310502,12,(**),,,SingVal,1,Fig5B,,408005784310502,50,(**),,,SingVal,1,Fig5B,,408006784310502,,,,,,,,,,,,,,,,,,,,,2.5,(**),,,SingVal,1,380,600,Fig5B (0.6 nA),,408009784310502,,,,,,,,,,,611330,,,,,,
164,CA1,CA1 Ivy (i)0333,4081,18367092,r,e;p,34.5,b,-71,(*),,,SingVal,1,Fig6B,,408101709210602,72.8,(*),,±53.6,SDEV,5,Tab2;  ivy cells,,408102709220200,7.6,(*),,±4.1,SDEV,5,Tab2;  ivy cells,,408103709220200,30.1,(*),,,SingVal,1,Fig6B,,408104709210602,13.6,(*),,±3.8,SDEV,5,Tab2;  ivy cells,,408105709220200,44,(*),,,SingVal,1,Fig6B,,408106709210602,0.8,(*),,±0.2,SDEV,5,Tab2;  ivy cells,,408107709220200,,,,,,,,,,,,3,(*),,,SingVal,1,800,217,Fig6B,,408109709210602,0.98,(*),,,SingVal,1,-400,Fig6B,,408110709210602,611139,,,,,,
165,CA1,SCR R-Targeting (i)0322,4084,,,,,,,,,,,,,,,,,,,,,,,,,,,,,,,,,,,,,,,,,,,,,,,,,,,,,,,,,,,,,,,,,,,,,,,,,,,,,,,,,,,,,,,,,,,,,,,,,,,,,,,,,,,
166,CA1,CA1 Hipp-SUB Proj ENK+ (i)0313p,4041,,,,,,,,,,,,,,,,,,,,,,,,,,,,,,,,,,,,,,,,,,,,,,,,,,,,,,,,,,,,,,,,,,,,,,,,,,,,,,,,,,,,,,,,,,,,,,,,,,,,,,,,,,,
167,CA1,CA1 Radiatum (i)0300,4028,11807843,r,e,35,b,-70,(**),,,SingVal,1,Fig10B,,402801784311002,79.2,(**),,,SingVal,1,Fig10B,,402802784311002,10,(**),,,SingVal,1,Fig10B,,402803784311002,15,(**),,,SingVal,1,Fig10B,,402804784311002,12,(**),,,SingVal,1,Fig10B,,402805784311002,73.5,(**),,,SingVal,1,Fig10B,,402806784311002,,,,,,,,,,,,,,,,,,,,,4.2,(**),,,SingVal,1,200,365,Fig10B,,402809784311002,0.88,(**),,,SingVal,1,-80,Fig10B,,402810784311002,611342,,,,,,
168,CA1,CA1 Radiatum (i)0300,4028,11807843,r,e,35,b,-65,(**),,,SingVal,1,Fig11G,,402801784311107,,,,,,,,,,,,,,,,,,,19.35,(**),,[17.2_21.5],Range,2,Fig11G;  top,,402804784311107,16.3,(**),,[14.4_18.2],Range,2,Fig11G;  top,,402805784311107,68.4,(**),,[64.6_72.2],Range,2,Fig11G;  top,,402806784311107,,,,,,,,,,,,,,,,,,,,,8,(**),,,SingVal,1,375,800,Fig11G;  bottom,,402809784311107,0.48,(**),,,SingVal,1,-600,Fig11G;  top,,402810784311107,611342,,,,,,
169,CA1,CA1 Radiatum (i)0300,4028,9503336,r,e,35,b,-55.8,(**),,±2.8,SDEV,10,Tab1;  p.759; Schaffer-associated,,402801333620100,96.3,(**),,±36.0,SDEV,10,Tab1;  p.759; Schaffer-associated,,402802333620100,16.2,(**),,±8.9,SDEV,10,Tab1;  p.759; Schaffer-associated,,402803333620100,14.8,(**),,,SingVal,1,Fig3Ba;  Schaffer-associated,,402804333610302,13.6,(**),,,SingVal,1,Fig3Ba;  Schaffer-associated,,402805333610302,52,(**),,,SingVal,1,Fig3Ba;  Schaffer-associated,,402806333610302,,,,,,,,,,,,,,,,,,,,,4,(**),,,SingVal,1,300,200,Fig3Ba;  Schaffer-associated,,402809333610302,,,,,,,,,,,611514,,,,,,
170,CA1,CA1 IS R-O (i)0221,4091,,,,,,,,,,,,,,,,,,,,,,,,,,,,,,,,,,,,,,,,,,,,,,,,,,,,,,,,,,,,,,,,,,,,,,,,,,,,,,,,,,,,,,,,,,,,,,,,,,,,,,,,,,,
171,CA1,CA1 IS RO-O (i)0203,4093,,,,,,,,,,,,,,,,,,,,,,,,,,,,,,,,,,,,,,,,,,,,,,,,,,,,,,,,,,,,,,,,,,,,,,,,,,,,,,,,,,,,,,,,,,,,,,,,,,,,,,,,,,,
172,CA1,CA1 Trilaminar (i)0113p,4035,21795545,m,p,33,b,-64,(*),,±7,SDEV,23,Tab3;  cluster 2,,403501554520300,216,(*),,±124,SDEV,23,Tab3;  cluster 2,,403502554520300,46,(*),,±18,SDEV,23,Tab3;  cluster 2,,403503554520300,27,(*),,,SingVal,1,Tab3;  cluster 2;  2nd AP,""" in hippocampome.org, the Vthesh is defined as a potential relative to the resting potential """,403504554520300,22,(*),,±3,SDEV,23,Tab3;  cluster 2;  2nd AHP,,403505554520300,61,(*),,±7,SDEV,23,Tab3;  cluster 2;  2nd AP,,403506554520300,0.77,(*),,±0.12,SDEV,23,Tab3;  cluster 2;  2nd AP,,403507554520300,130,(*),1,,SingVal,1,X,X,Fig7G,,403508554510707,4.7,(*),,,SingVal,1,47,762,Fig7G,,403509554510707,0.79,(*),,,SingVal,1,-90,Fig7G,,403510554510707,,,,,21795545,"""p.10959, Fig. 7G""","""Figure 7.
Representative MGE-derived hippocampal interneurons. A–K, Neurolucida reconstructions of GFP+ interneurons recorded in slices from P15–P30 Nkx2-1Cre:RCE pups (dendrites and soma in black; axon in red). Scale bar: 100 _m. The dashed lines indicate the approximate boundaries of s.o., s.p., s.r., and s.l.m. """
173,CA1,CA1 Trilaminar (i)0113p,4035,7472426,r,e,37,b,,,,,,,,,,,,,,,,,,,,,,,,,,,,17.8,,,,SingVal,1,Fig.8 F,,403504242610800,12.8,,,,SingVal,1,Fig.8 F,,403505242610800,46,,,,SingVal,1,Fig.8 F,,403506242610800,,,,,,,,,,,,,,,,,,,,,3,,,,SingVal,1,400,200,Fig.8 F,,403509242610800,0.59,,,,SingVal,1,-800,Fig.8 F,,403510242610800,,,,,7472426,"""p.6660, Fig.7A""",""" Figure 7. Trilaminar interneuron (M96). A, Reconstruction of the axon collaterals and dendrites of the interneuron. Axon collaterals from all
sections were collapsed into a two-dimensional display. o, stratum oriens; p, CA1 pyramidal layer; r, stratum radiatum; j hippocampal fissure.
Some collaterals falsely appear in the stratum lacunosum-moleculare because of the two-dimensional projection of curving layer boundaries. """
174,CA1,CA1 Oriens-Bistratified (i)0103,4083,,m,p,33,b,-66,(*),,±2,SDEV,29,Tab1;  CGE-derived SOM+ cells,,,364,(*),,±43,SDEV,29,Tab1;  CGE-derived SOM+ cells,,,38,(*),,±3,SDEV,29,Tab1;  CGE-derived SOM+ cells,,,26,(*),,,SingVal,1,Tab1;  CGE-derived SOM+ cells,""" in hippocampome.org, the Vthesh is defined as a potential relative to the resting potential """,,21.4,(*),,±1.2,SDEV,29,Tab1;  CGE-derived SOM+ cells,,,63,(*),,±2,SDEV,29,Tab1;  CGE-derived SOM+ cells,,,,,,,,,,,,,(*),,,SingVal,1,X,X,,,,,(*),,,SingVal,1,X,X,,,,0.85,(*),,±0.02,SDEV,29,X,Tab1;  CGE-derived SOM+ cells,,,630768,,,,,,
175,CA1,CA1 IS O-R (i)0102,4031,,,,,,,,,,,,,,,,,,,,,,,,,,,,,,,,,,,,,,,,,,,,,,,,,,,,,,,,,,,,,,,,,,,,,,,,,,,,,,,,,,,,,,,,,,,,,,,,,,,,,,,,,,,
176,CA1,CA1 Horizontal BC (i)0012,4039,20421280,r,p,35.5,b,-55.4,(*),,±9.5,SDEV,17,p.2117;  right,,403901128030000,157.5,(*),,[116_199],Range,2,Tab1;  O-R,,403902128020100,20.45,(*),,[15.4_25.5],Range,2,Tab1;  O-R,,403903128020100,24,(*),,,SingVal,1,Fig1B;  O-R,,403904128010102,11,(*),,,SingVal,1,Fig1B;  O-R,,403905128010102,71.39,(*),,,SingVal,1,Fig1B;  O-R,,403906128010102,,,,,,,,,,,,,,,,,,,,,5.3,(*),,,SingVal,1,200,850,Fig1B;  O-R,,403909128010102,0.47,(*),,,SingVal,1,-200,Fig1B;  O-R,,403910128010102,611632,,,,,,
177,CA1,CA1 Horizontal BC (i)0012,4039,21795545,m,p,33,b,-54,,,±6,SDEV,18,Tab3;  cluster 6,,403901554520300,219,,,±98,SDEV,18,Tab3;  cluster 6,,403902554520300,22,,,±9,SDEV,18,Tab3;  cluster 6,,403903554520300,15,,,,SingVal,1,Fig8A,,403904554510801,9,,,,SingVal,1,Fig8A,,403905554510801,60,,,±7,SDEV,18,Tab3;  cluster 6;  second spike,,403906554520300,0.77,(*),,±0.10,SDEV,18,Tab3;  cluster 6;  second spike,,403907554520300,50,(*),1,,SingVal,1,51,765,Fig8A,,403908554510801,4.8,,,,SingVal,1,51,765,Fig8A,,403909554510801,0.69,,,,SingVal,1,-102,Fig8A,,403910554510801,,,,,21795545,"""p.10960, Fig. 8A""","""Figure 8.
Representative CGE-derived hippocampal interneurons. A–K, Neurolucida reconstructions of GFP+ interneurons recorded in slices from P15–P30 GAD65-GFP pups (dendrites and soma in black; axon in red). Scale bar: 100 _m. The dashed lines indicate the approximate boundaries of strata oriens (s.o.), pyramidale (s.p.), radiatum (s.r.), lacunosum moleculare (s.l.m.), and lucidum (s.lu.)."""
178,CA1,CA1 Horizontal AA (i)0012,4038,15098728,r,p,22,r,,,,,,,,,,219,(*),,[186_252],Range,2,Tab1,,403802872820100,24,(*),,[16_32],Range,2,Tab1,,403803872820100,,,,,,,,,,9.85,(*),,[6.0_13.7],Range,2,Tab1,,403805872820100,80.8,(*),,[71.4_90.2],Range,2,Tab1,,403806872820100,0.9,(*),,[0.7_1.1],Range,2,Tab1,,403807872820100,87,(*),,,SingVal,1,200,163,Fig2D,,403808872810204,,,,,,,,,,,,,,,,,,,,,,612126,,,,,,
179,CA1,CA1 Horizontal AA (i)0012,4038,21795545,m,p,33,b,-57,(*),,±5,SDEV,15,Tab3;  cluster 1,,403801554520300,,,,,,,,,,,,,,,,,,,25,(*),,,SingVal,1,Tab3;  cluster 1,""" in hippocampome.org, the Vthesh is defined as a potential relative to the resting potential """,403804554520300,,,,,,,,,,,,,,,,,,,,,,,,,,,,,,,,,,,,,,,6.1,(*),,,SingVal,1,170,763,Fig7D,,403809554510704,0.74,(*),,,SingVal,1,-82,Fig7D,,403810554510704,,,,,21795545,"""p.10959, Fig. 7D""","""Figure 7.
Representative MGE-derived hippocampal interneurons. A–K, Neurolucida reconstructions of GFP+ interneurons recorded in slices from P15–P30 Nkx2-1Cre:RCE pups (dendrites and soma in black; axon in red). Scale bar: 100 _m. The dashed lines indicate the approximate boundaries of s.o., s.p., s.r., and s.l.m. """
180,CA1,CA1 SO-SO (i)0003,4033,11807843,r,e,35,b,-78,,,,SingVal,1,Fig8E;  bottom,,403301784310805,,,,,,,,,,,,,,,,,,,28.55,,,[23.6_33.5],Range,2,Fig8E,,403304784310805,11,,,[7.3_14.7],Range,2,Fig8E,,403305784310805,68.55,,,[58.2_78.9],Range,2,Fig8E,,403306784310805,,,,,,,,,,,,,,,,,,,,,3,,,,SingVal,1,375,400,Fig8E;  bottom,,403309784310805,0.89,,,,SingVal,1,-400,Fig8E;  bottom,,403310784310805,611339,,,,,,
181,CA1,CA1 SO-SO (i)0003,4033,21795545,m,p,33,b,-59,(*),,±10,SDEV,19,Tab3;  cluster 5,,403301554520300,401,(*),,±212,SDEV,19,Tab3;  cluster 5,,403302554520300,38,(*),,±13,SDEV,19,Tab3;  cluster 5,,403303554520300,24,(*),,,SingVal,1,Tab3;  cluster 5,""" in hippocampome.org, the Vthesh is defined as a potential relative to the resting potential """,403304554520300,15,(*),,±4,SDEV,19,Tab3;  cluster 5;  2nd AHP,,403305554520300,48,(*),,±10,SDEV,19,Tab3;  cluster 5;  2nd AP,,403306554520300,1.12,(*),,±0.14,SDEV,19,Tab3;  cluster 5;  2nd AP,,403307554520300,160,(*),1,,SingVal,1,154,768,Fig8K,,403308554510811,4.8,(*),,,SingVal,1,154,768,Fig8K,,403309554510811,0.69,(*),,,SingVal,1,-200,Fig8K,,403310554510811,,,,,21795545,"""p.10960, Fig. 8K""","""Figure 8.
Representative CGE-derived hippocampal interneurons. A–K, Neurolucida reconstructions of GFP+ interneurons recorded in slices from P15–P30 GAD65-GFP pups (dendrites and soma in black; axon in red). Scale bar: 100 _m. The dashed lines indicate the approximate boundaries of strata oriens (s.o.), pyramidale (s.p.), radiatum (s.r.), lacunosum moleculare (s.l.m.), and lucidum (s.lu.)."""
184,SUB,SUB EC-Proj Pyramidal (e)331p,5001,11406829,r,e,35.5,b,,,,,,,,,,,,,,,,,,,,,,,,,,,,18,(*),,,SingVal,1,Fig4,,500104682910400,,,,,,,,,,92,(*),,,SingVal,1,Fig4,,500106682910400,,,,,,,,,,,,,,,,,,,,,,,,,,,,,,,,,,,,,,,,,,610062,,,,,,
185,SUB,SUB CA1-Proj Pyramidal (e)331p,5005,15700275,r,p,32,b,-60,(*),,,SingVal,1,Fig1C;  control RS,,500501027510103,150,(*),,[140_160],Range,2,Fig1C;  control RS,,500502027510103,,,,,,,,,,11,(*),,,SingVal,1,Fig1A;  control RS,,500504027510101,8,(*),,,SingVal,1,Fig1A;  control RS,,500505027510101,41,(*),,,SingVal,1,Fig1A;  control RS,,500506027510101,,,,,,,,,,,,,,,,,,,,,2,(*),,,SingVal,1,X,800,Fig1A;  control HTB,,500509027510101,,,,,,,,,,,,,,,15700275,"""p.478 "" Cells chosen for recordings had a pronounced main apical dendrite perpendicular to the alveus and at least two basal dendrites. The typical shape of pyramidal neurons was conﬁrmed in all reconstructed biocytin-ﬁlled cells. """"",
186,SUB,SUB Axo-Axonic (e)210,5002,,,,,,,,,,,,,,,,,,,,,,,,,,,,,,,,,,,,,,,,,,,,,,,,,,,,,,,,,,,,,,,,,,,,,,,,,,,,,,,,,,,,,,,,,,,,,,,,,,,,,,,,,,,
193,EC,LII-III Pyramidal-Tripolar (e)333000p,6082,22161956,r,p,34,b,-60.5,(**),,[-62_-59],Range,2,Fig7C,,608201195610703,400,(**),,±0,SEM,96,Fig3A;  Layer II,,608202195610301,16,(**),,±0,SEM,96,Fig3B;  Layer II,,608203195610302,7.95,(**),,[7.5_8.4],Range,2,Fig7C1,,608204195610703,7.2,(**),,[7.1_7.3],Range,2,Fig7C1,,608205195610703,69,(**),,±2,SEM,96,Fig6B;  Layer II;  2nd AP,,608206195610602,1.25,(**),,±0.05,SEM,96,Fig4D;  Layer II,,608207195610404,40,(*),1,,SingVal,1,200,X,Fig5B;  layer II,,608208195610502,3,(**),,[0_6],Range,2,200,1000,Fig7C2; C6,,608209195610703,0.66,(**),,±0.005,SEM,96,X,Fig3C;  Layer II,,608210195610303,611544,,,,,,
194,EC,LII-III Pyramidal-Tripolar (e)333000p,6082,22162008,r,p,34,b,-63,(**),,[-70_-56],Range,2,Fig7C,,608201200810703,430,(**),,±20,SEM,37,Fig3A;  Layer II,,608202200810301,25,(**),,±2.5,SEM,37,Fig3B;  Layer II,,608203200810302,15.6,(**),,[8.1_23.1],Range,2,Fig7C1;  C4,,608204200810703,5.5,(**),,[3.7_7.3],Range,2,Fig7C1;  C4,,608205200810703,77.5,(**),,±2.5,SEM,37,Fig6B;  Layer II;  2nd AP,,608206200810602,1.22,(**),,±0.06,SEM,37,Fig4D;  Layer II,,608207200810404,,,,,,,,,,,,4.7,(**),,,SingVal,1,200,1000,Fig7C5,,608209200810703,0.78,(**),,,SingVal,37,X,Fig3C;  Layer II,,608210200810303,611958,,,,,,
197,EC,MEC LV Pyramidal (e)331131p,6002,11168548,r,p,34,b,-61.8,(**),,±1.4,SEM,17,p.416;  left,,600201854830000,333.4,(**),,±20.2,SEM,17,p.416;  left,,600202854830000,25.6,(**),,±1.7,SEM,17,p.416;  left,,600203854830000,10,(**),,,SingVal,1,Fig3C,,600204854810303,11.6,(**),,,SingVal,1,Fig3C,,600205854810303,75,(**),,,SingVal,1,Fig3C,,600206854810303,1.41,(**),,±0.1,SEM,17,p.416;  left,,600207854830000,,,,,,,,,,,,,,,,,,,,,,,,,,,,,,,,,612144,,,,,,
198,EC,MEC LV Pyramidal (e)331131p,6002,22161956,r,p,34,b,-66.5,(**),,[-64_-69],Range,2,Fig10C,,600201195611003,605,(**),,,SingVal,72,Fig3A;  Layer V,,600202195610301,37,(**),,±2,SEM,72,Fig3B;  Layer V,,600203195610302,28.7,(**),,,SingVal,1,Fig10C1,,600204195611003,7.75,(**),,,SingVal,1,Fig10C1,,600205195611003,61,(**),,±0,SEM,72,Fig6D; Layer V;  2nd AP,,600206195610604,1.8,(**),,±0,SEM,72,Fig4D; Layer V,,600207195610404,,,,,,,,,,,,0,(*),,,SingVal,1,X,X,Fig10C2; C6,,600209195611003,0.86,(*),,±0,SEM,72,X,Fig3CD;  Layer V,,600210195610303,611560,,,,,,
199,EC,MEC LII Stellate (e)331111p,6003,22161956,r,p,34,b,-60.5,(*),,[-62_-59],Range,2,Fig7C,,600301195610703,400,,,±10,SEM,96,Fig3A;  Layer II,,600302195610301,16,,,±0,SEM,96,Fig3B;  Layer II,,600303195610302,7.95,(*),,[7.5_8.4],Range,2,Fig7C1,,600304195610703,7.2,(*),,[7.1_7.3],Range,2,Fig7C1,,600305195610703,69,(*),,±2,SEM,96,Fig6B;  Layer II;  2nd AP,,600306195610602,1.25,(*),,±0.05,SEM,96,Fig4D;  Layer II,,600307195610404,40,(*),1,,SingVal,1,200,X,Fig5B;  layer II,,600308195610502,3,(*),,[0_6],Range,2,200,1000,Fig7C2; C6,,600309195610703,0.66,,,±0.005,SEM,96,X,Fig3C;  Layer II,,600310195610303,611544,,,,,,
200,EC,MEC LII Stellate (e)331111p,6003,7842056,r,e,34,b,-70.8,,,±5.4,SDEV,112,Tab1;  Type I,,600301205620100,30.2,(***),,±12.5,SDEV,112,Tab1;  Type I,,600302205620100,8.9,(***),,±1.9,SDEV,112,Tab1;  Type I,,600303205620100,16.8,,,,SingVal,1,Tab1;  Type I,""" in hippocampome.org, the Vthesh is defined as a potential relative to the resting potential """,600304205620100,8,,,,SingVal,1,Fig1A,,600305205610101,73.7,,,,SingVal,1,Tab1;  Type I,"""in hippocampome.org, the AP amplitude is defined as the peak relative to the threshold potential""",600306205620100,0.73,,,±0.2,SDEV,112,Tab1;  Type I,,600307205620100,,,,,,,,,,,,,,,,,,,,,,,0.79,(*),,,SingVal,1,600,Fig1A,,600310205610101,611249,,,,,,
201,EC,LI-II Pyramidal-Fan (e)331000p,6005,22162008,r,p,34,b,-56.5,(**),,[-63_-50],Range,2,Fig2C,,600501200810203,430,(**),,,SingVal,1,Fig3A;  Layer I,,600502200810301,27,(**),,,SingVal,1,Fig3B;  Layer I,,600503200810302,17.75,(**),,[8.5_27],Range,2,Fig2C,,600504200810203,11.5,(**),,[11_12],Range,2,Fig2C,,600505200810203,80,(**),,,SingVal,1,Fig6A;  Layer I;  2nd AP,,600506200810601,1.05,(**),,,SingVal,1,Fig4D;  Layer I,,600507200810404,90,(**),1,,SingVal,1,200,X,Fig2C2;  Layer I,,600508200810203,6.7,(**),,,SingVal,1,200,1000,Fig2C2;  Layer I,,600509200810203,0.71,(*),,,SingVal,1,-200,Fig2C2;  Layer I,,600510200810203,611940,,,,,,
202,EC,LI-II Pyramidal-Fan (e)331000p,6005,22161956,r,p,34,b,-60.5,(**),,[-62_-59],Range,2,Fig7C,,600501195610703,400,(**),,±10,SEM,96,Fig3A;  Layer II,,600502195610301,16,(**),,±0,SEM,96,Fig3B;  Layer II,,600503195610302,7.95,(**),,[7.5_8.4],Range,2,Fig7C1,,600504195610703,7.2,(**),,[7.1_7.3],Range,2,Fig7C1,,600505195610703,69,(**),,±2,SEM,96,Fig6B;  Layer II;  2nd AP,,600506195610602,1.25,(**),,±0.05,SEM,96,Fig4D;  Layer II,,600507195610404,40,(**),1,,SingVal,1,200,X,Fig5B;  layer II,,600508195610502,3,(**),,[0_6],Range,2,200,1000,Fig7C2; C6,,600509195610703,0.66,,,±0.005,SEM,96,X,Fig3C;  Layer II,,600510195610303,611544,,,,,,
203,EC,MEC LIII Complex Pyramidal (e)313300,6006,22161956,r,p,34,b,-61,(*),,[-63_-59],Range,2,Fig9C,,600601195610903,468,(*),,±20,SEM,76,Fig3A;  Layer III,,600602195610301,43.5,(*),,±2.0,SEM,76,Fig3B;  Layer III,,600603195610302,19.5,(*),,,SingVal,1,Fig9C1,,600604195610903,12.7,(*),,,SingVal,1,Fig9C1,,600605195610903,76,(*),,±1,SEM,76,Fig6C;  Layer III;  2nd AP,,600606195610603,1.45,(*),,±0.5,SEM,76,Fig4D;  Layer III,,600607195610404,,,,,,,,,,,,,,,,,,,,,,,0.86,(*),,,SingVal,1,X,Fig3C;  Layer III,,600610195610303,611548,,,,,,
204,EC,LEC LIII Complex Pyramidal (e)233310,6007,22162008,r,p,34,b,-66.5,(*),,[-68_-65],Range,2,Fig8C,,600701200810803,450,(*),,±15,SEM,27,Fig3A;  Layer III,,600702200810301,29,(*),,±2.4,SEM,27,Fig3B;  Layer III,,600703200810302,23.6,(*),,[21.17_26.03],Range,2,Fig8C1;  C4,,600704200810803,10.635,(*),,[10.23_11.04],Range,2,Fig8C1;  C4,,600705200810803,70,(*),,±3,SEM,27,Fig6C;  Layer III;  2nd AP,,600706200810603,1.38,(*),,±0.05,SEM,27,Fig4D;  Layer III,,600707200810404,25,(*),1,,SingVal,1,200,X,Fig5C,,600708200810503,4.06,(*),,,SingVal,1,200,1000,Fig8C2,,600709200810803,0.9,(*),,±0.02,SEM,27,X,Fig3C;  Layer III,,600710200810303,611960,,,,,,
205,EC,MEC LII PC-Multiform (e)233111,6008,22162008,r,p,34,b,-63,(*),,[-70_-56],Range,2,Fig7C,,600801200810703,430,(*),,±20,SEM,37,Fig3A;  Layer II,,600802200810301,25,(*),,±2.5,SEM,37,Fig3B;  Layer II,,600803200810302,15.6,(*),,[8.1_23.1],Range,2,Fig7C1;  C4,,600804200810703,5.5,(*),,[3.7_7.3],Range,2,Fig7C1;  C4,,600805200810703,77.5,(*),,±2.5,SEM,37,Fig6B;  Layer II;  2nd AP,,600806200810602,1.22,(*),,±0.06,SEM,37,Fig4D;  Layer II,,600807200810404,25,(*),1,,SingVal,1,200,X,Fig5B,,600808200810502,4.7,(*),,,SingVal,1,200,1000,Fig7C5,,600809200810703,0.78,(*),,,SingVal,37,X,Fig3C;  Layer II,,600810200810303,611958,,,,,,
206,EC,LI-II Multipolar-Pyramidal (e)231000,6094,22162008,r,p,34,b,-63,(*),,[-70_-56],Range,2,Fig7C,,609401200810703,430,(*),,±20,SEM,37,Fig3A;  Layer II,,609402200810301,25,(*),,±2.5,SEM,37,Fig3B;  Layer II,,609403200810302,15.6,(*),,[8.1_23.1],Range,2,Fig7C1;  C4,,609404200810703,5.5,(*),,[3.7_7.3],Range,2,Fig7C1;  C4,,609405200810703,77.5,(*),,±2.5,SEM,37,Fig6B;  Layer II;  2nd AP,,609406200810602,1.22,(*),,±0.06,SEM,37,Fig4D;  Layer II,,609407200810404,50,(*),1,,SingVal,1,200,1000,Fig7C5,,609408200810703,4.7,(*),,,SingVal,1,200,1000,Fig7C5,,609409200810703,0.78,(*),,±0.01,SEM,37,X,Fig3C;  Layer II,,609410200810303,611958,,,,,,