,,,,,,,,,,Animals,,,,,,Preparation,,,,Artificial cerebrospinal fluid,,,,,,,,,,,,,,,,,,,,,Pipette solution,,,,,,,,,,,,,,,,,,,,,,,,,,,
Area,Cell type,Uniq ID,Subtypes,PMID/ISBN/DOI,Figure number,Istim (pA),Tstim (ms), trace #,OVERALL FIRING PATTERN,species,inbred strain,Age (postnatal days),Sex,Weight (g),Notes,Type of preparation,Orientation,Thickness (mm),Notes,NaCl (mM),KCl (mM),CaCl2 (mM),NaH2PO4 (mM),KH2PO4 (mM),MgCl2 (mM),MgSO4 (mM),NaHCO3 (mM),HEPES (mM),NaPyr (mM),Glucose (mM),O2 %,CO2 %,t (_ C),KYNA (mM),CNQX (mM),D-AP5 (mM),BCC (mM),Notes,Recording method,gramicidine (mg/ml),KMeSO4 (mM),KGlu (mM),KAc  (mM),CsCl (mM),KCl (mM),NaCl (mM),MgCl2 (mM),CaCl2 (mM),HEPES (mM),QX-314 (mM),EGTA (mM),Na-EGTA (mM),ATP (mM),Mg-ATP (mM),Na2-ATP,GTP (mM),Na-GTP (mM),Na2-GTP (mM),Na3-GTP (mM),Mg-GTP (mM),PCr (mM),Na-PCr (mM),Na2-PCr (mM),BC (%),LY (%),Nb (%),AF594 (mM),Notes
DG,DG Granule (e) 2201p,1-000,1-000-1,8261117,Fig1B,651.63925,220.26315,1.0,ASP.,rats,Wistar,young adult,f,,,slice,horizontal,400,,126,3,2,1.25,,,2,24,,,10,95,5,35,,,,,,intracellular recording,,1500,,,,,,,,,,,,,,,,,,,,,,,2,,,,
DG,Granule (e)2201p,1-000,1-000-2,9497429,Fig1B,250,967.2632,2.0,D.NASP,rats,Wistar,13-35,,,,slice,transverse,300-400,,125,2.5,2,1.25,,1,,25,,,25,95,5,35-37,,10,50,10,,whole-cell patch clamp,,,115,,,20,,,,,,10,,,4,,0.3,,,,,,10,,0.5,,,,adjusted to pH 7.3 with KOH
DG,Granule (e)2201p,1-000,1-000-3,18077687,"Fig2A1, right top",414.533005,2003.159642,3.0,TSWB.SLN,rats,Sprague Dawley,14-25,,,,slice,horizontal,300,,124,3,2.5,1.23,,,1.2,26,,,10,95,5,30,,,,,,whole-cell patch clamp,,140,,,,,4,,,10,,0.2,,,4,,,,,0.3,,10,,,,,,,
DG,Granule (e)2201p,1-000,1-000-3,18077687,"Fig2A1, right bottom",209.078769,1997.084649,4.0,TSWB.SLN,rats,Sprague Dawley,14-25,,,,slice,horizontal,300,,124,3,2.5,1.23,,,1.2,26,,,10,95,5,30,,,,,,whole-cell patch clamp,,140,,,,,4,,,10,,0.2,,,4,,,,,0.3,,10,,,,,,,
DG,Semilunar granule ( e ) 2311p,1-001,1-001-1,18077687,"Fig2A1, left top",418.52443,1996.958211,5.0,TSTUT.NASP,rats,Sprague Dawley,14-25,,,,slice,horizontal,300,,124,3,2.5,1.23,,,1.2,26,,,10,95,5,30,,,,,,whole-cell patch clamp,,140,,,,,4,,,10,,0.2,,,4,,,,,0.3,,10,,,,,,,
DG,Semilunar granule ( e ) 2311p,1-001,1-001-1,18077687,"Fig2A1, left middle",311.117035,1996.951418,6.0,RASP.NASP,rats,Sprague Dawley,14-25,,,,slice,horizontal,300,,124,3,2.5,1.23,,,1.2,26,,,10,95,5,30,,,,,,whole-cell patch clamp,,140,,,,,4,,,10,,0.2,,,4,,,,,0.3,,10,,,,,,,
DG,Semilunar granule ( e ) 2311p,1-001,1-001-1,18077687,"Fig2A1, left bottom",201.8518465,1999.074579,7.0,RASP.NASP,rats,Sprague Dawley,14-25,,,,slice,horizontal,300,,124,3,2.5,1.23,,,1.2,26,,,10,95,5,30,,,,,,whole-cell patch clamp,,140,,,,,4,,,10,,0.2,,,4,,,,,0.3,,10,,10,,,,,
DG, Mossy (e) 0103,1-002,1-002-1,9497429,Fig. 5B,1000,961.9434,8.0,D.ASP.,rats,Wistar,13-35,,,,slice,transverse,300-400,,125,2.5,2,1.25,,1,,25,,,25,95,5,35-37,,10,50,10,,whole-cell patch clamp,,,115,,,20,,,,,,0.5,,,4,,0.3,,,,,,10,,0.5,,,,adjusted to pH 7.3 with KOH
DG, Mossy (e) 0103,1-002,1-002-1,9497429,Fig. 5C,40,482.8125,9.0,D.NASP,rats,Wistar,13-35,,,,slice,transverse,300-400,,125,2.5,2,1.25,,1,,25,,,25,95,5,35-37,,10,50,10,,whole-cell patch clamp,,,115,,,20,,,,,,0.5,,,4,,0.3,,,,,,10,,0.5,,,,adjusted to pH 7.3 with KOH
DG, Total Molecular Layer (i)3303,1-004,1-004-1,9151716,Fig7A (0.07nA),70,672.96182,10.0,ASP.,rats,Sprague Dawley,16-30,m,,,slice,transverse,300,,120,3.3,1.8,1.23,,,1.2,25,,,10,95,5,32-34,,,,,The osmolarity of the solutions  was 284 mOsm for the ACSF; pH=7.4.,whole-cell patch clamp,,,130,,,7,,,,10,,,,,2,,0.3,,,,,,,,0.2-0.4,,,,pH-adjusted to 7.2 with KOH; the osmolarity of the solutions  was 265 mOsm for pipette solutions; GTP-tris
DG , Total Molecular Layer (i)3303,1-004,1-004-1,9151716,Fig7A (0.1nA),100,679.36618,11.0,ASP.,rats,Sprague Dawley,16-30,m,,,slice,transverse,300,,120,3.3,1.8,1.23,,,1.2,25,,,10,95,5,32-34,,,,,The osmolarity of the solutions  was 284 mOsm for the ACSF; pH=7.4.,whole-cell patch clamp,,,130,,,7,,,,10,,,,,2,,0.3,,,,,,,,0.2-0.4,,,,pH-adjusted to 7.2 with KOH; the osmolarity of the solutions  was 265 mOsm for pipette solutions; GTP-tris
DG, Total Molecular Layer (i)3303,1-004,1-004-1,9151716,Fig7A (0.2nA),200,677.40466,12.0,ASP.,rats,Sprague Dawley,16-30,m,,,slice,transverse,300,,120,3.3,1.8,1.23,,,1.2,25,,,10,95,5,32-34,,,,,The osmolarity of the solutions  was 284 mOsm for the ACSF; pH=7.4.,whole-cell patch clamp,,,130,,,7,,,,10,,,,,2,,0.3,,,,,,,,0.2-0.4,,,,pH-adjusted to 7.2 with KOH; the osmolarity of the solutions  was 265 mOsm for pipette solutions; GTP-tris
DG, Total Molecular Layer (i)3303,1-004,1-004-2,9151716,Fig.8A (Normally Adapting),200,642.762202,13.0,RASP.NASP,rats,Sprague Dawley,16-30,m,,,slice,transverse,300,,120,3.3,1.8,1.23,,,1.2,25,,,10,95,5,32-34,,,,,The osmolarity of the solutions  was 284 mOsm for the ACSF; pH=7.4.,whole-cell patch clamp,,,130,,,7,,,,10,,,,,2,,0.3,,,,,,,,0.2-0.4,,,,pH-adjusted to 7.2 with KOH; the osmolarity of the solutions  was 265 mOsm for pipette solutions; GTP-tris
DG,Total Molecular Layer (i) 3303,1-004,1-004-2,9151716,"Fig10B, middle (TML)",132.52637,664.7622,14.0,RASP.NASP,rats,Sprague Dawley,16-30,m,,,slice,transverse,300,,120,3.3,1.8,1.23,,,1.2,25,,,10,95,5,32-34,,,,,The osmolarity of the solutions  was 284 mOsm for the ACSF; pH=7.4.,whole-cell patch clamp,,,130,,,7,,,,10,,,,,2,,0.3,,,,,,,,0.2-0.4,,,,pH-adjusted to 7.2 with KOH; the osmolarity of the solutions  was 265 mOsm for pipette solutions; GTP-tris
DG, Total Molecular Layer (i)3303,1-004,1-004-2,9151716,Fig11C,200,613.1476,15.0,RASP.ASP.,rats,Sprague Dawley,16-30,m,,,slice,transverse,300,,120,3.3,1.8,1.23,,,1.2,25,,,10,95,5,32-34,,,,,The osmolarity of the solutions  was 284 mOsm for the ACSF; pH=7.4.,whole-cell patch clamp,,,130,,,7,,,,10,,,,,2,,0.3,,,,,,,,0.2-0.4,,,,pH-adjusted to 7.2 with KOH; the osmolarity of the solutions  was 265 mOsm for pipette solutions; GTP-tris
DG, Total Molecular Layer (i)3303,1-004,1-004-3,9151716,Fig11D,400,604.38336,16.0,PSTUT,rats,Sprague Dawley,16-30,m,,,slice,transverse,300,,120,3.3,1.8,1.23,,,1.2,25,,,10,95,5,32-34,,,,,The osmolarity of the solutions  was 284 mOsm for the ACSF; pH=7.4.,whole-cell patch clamp,,,130,,,7,,,,10,,,,,2,,0.3,,,,,,,,0.2-0.4,,,,pH-adjusted to 7.2 with KOH; the osmolarity of the solutions  was 265 mOsm for pipette solutions; GTP-tris
DG,MOLAX (i)3302,1-005,1-005-1,9151716,Fig7A (0.07nA),70,672.96182,17.0,ASP.,rats,Sprague Dawley,16-30,m,,,slice,transverse,300,,120,3.3,1.8,1.23,,,1.2,25,,,10,95,5,32-34,,,,,The osmolarity of the solutions  was 284 mOsm for the ACSF; pH=7.4.,whole-cell patch clamp,,,130,,,7,,,,10,,,,,2,,0.3,,,,,,,,0.2-0.4,,,,pH-adjusted to 7.2 with KOH; the osmolarity of the solutions  was 265 mOsm for pipette solutions; GTP-tris
DG ,MOLAX (i)3302,1-005,1-005-1,9151716,Fig7A (0.1nA),100,679.36618,18.0,ASP.,rats,Sprague Dawley,16-30,m,,,slice,transverse,300,,120,3.3,1.8,1.23,,,1.2,25,,,10,95,5,32-34,,,,,The osmolarity of the solutions  was 284 mOsm for the ACSF; pH=7.4.,whole-cell patch clamp,,,130,,,7,,,,10,,,,,2,,0.3,,,,,,,,0.2-0.4,,,,pH-adjusted to 7.2 with KOH; the osmolarity of the solutions  was 265 mOsm for pipette solutions; GTP-tris
DG,MOLAX (i)3302,1-005,1-005-1,9151716,Fig7A (0.2nA),200,677.40466,19.0,ASP.,rats,Sprague Dawley,16-30,m,,,slice,transverse,300,,120,3.3,1.8,1.23,,,1.2,25,,,10,95,5,32-34,,,,,The osmolarity of the solutions  was 284 mOsm for the ACSF; pH=7.4.,whole-cell patch clamp,,,130,,,7,,,,10,,,,,2,,0.3,,,,,,,,0.2-0.4,,,,pH-adjusted to 7.2 with KOH; the osmolarity of the solutions  was 265 mOsm for pipette solutions; GTP-tris
DG,MOLAX (i)3302,1-005,1-005-2,9151716,Fig.8A (Normally Adapting),200,642.762202,20.0,RASP.NASP,rats,Sprague Dawley,16-30,m,,,slice,transverse,300,,120,3.3,1.8,1.23,,,1.2,25,,,10,95,5,32-34,,,,,The osmolarity of the solutions  was 284 mOsm for the ACSF; pH=7.4.,whole-cell patch clamp,,,130,,,7,,,,10,,,,,2,,0.3,,,,,,,,0.2-0.4,,,,pH-adjusted to 7.2 with KOH; the osmolarity of the solutions  was 265 mOsm for pipette solutions; GTP-tris
DG,MOLAX (i)3302,1-005,1-005-2,9151716,"Fig10B, middle (TML)",132.52637,664.7622,21.0,RASP.NASP,rats,Sprague Dawley,16-30,m,,,slice,transverse,300,,120,3.3,1.8,1.23,,,1.2,25,,,10,95,5,32-34,,,,,The osmolarity of the solutions  was 284 mOsm for the ACSF; pH=7.4.,whole-cell patch clamp,,,130,,,7,,,,10,,,,,2,,0.3,,,,,,,,0.2-0.4,,,,pH-adjusted to 7.2 with KOH; the osmolarity of the solutions  was 265 mOsm for pipette solutions; GTP-tris
DG,MOLAX (i)3302,1-005,1-005-2,9151716,Fig11C,200,613.1476,22.0,RASP.ASP.,rats,Sprague Dawley,16-30,m,,,slice,transverse,300,,120,3.3,1.8,1.23,,,1.2,25,,,10,95,5,32-34,,,,,The osmolarity of the solutions  was 284 mOsm for the ACSF; pH=7.4.,whole-cell patch clamp,,,130,,,7,,,,10,,,,,2,,0.3,,,,,,,,0.2-0.4,,,,pH-adjusted to 7.2 with KOH; the osmolarity of the solutions  was 265 mOsm for pipette solutions; GTP-tris
DG,MOLAX (i)3302,1-005,1-005-3,9151716,Fig11D,400,604.38336,23.0,PSTUT,rats,Sprague Dawley,16-30,m,,,slice,transverse,300,,120,3.3,1.8,1.23,,,1.2,25,,,10,95,5,32-34,,,,,The osmolarity of the solutions  was 284 mOsm for the ACSF; pH=7.4.,whole-cell patch clamp,,,130,,,7,,,,10,,,,,2,,0.3,,,,,,,,0.2-0.4,,,,pH-adjusted to 7.2 with KOH; the osmolarity of the solutions  was 265 mOsm for pipette solutions; GTP-tris
DG,MOLAX (i)3302,1-005,1-005-1,22512307,"Fig.1A, left",500,998.0526194,24.0,ASP.,mice,GAD65-GFP,49-56,"m,f",,,slice,transverse,300,,119,2.5,2.5,1.25,,,1.3,26,,,25,,,32-34,,,,,"pH 7.4, osmolarity 305Ð310 mOsm",whole-cell patch clamp,,,122.5,,,12.5,8,,,10,,0.2,,,2,,0.3,,,,,,,,,,,,"pH 7.2Ð7.4, 300Ð310 mOsm; KOH-HEPES 10, KOH-EGTA 0.2; Na3GTP 0.3"
DG,MOLAX (i)3302,1-005,1-005-4,27830729,FigS2c,no value,1000,300.0,TSTUT.SLN,rats,Sprague Dawley,21-28,m,,,slice,transverse,400,,125,2.5,2,1.25,,1,,25,,,25,95,5,34,,,,,,whole-cell patch clamp,,,146.5,,,3.5,,1.5,,5,,1.1,,,,2,,,,,,10,,,,,,,"pH 7.3, 295-305 mOsm"
DG,Outer Molecular Layer (i)3222,1-006,1-006-1,,,,,25.0,*No_data,,,,,,,,,,,,,,,,,,,,,,,,,,,,,,,,,,,,,,,,,,,,,,,,,,,,,,,,,,,
DG,Neurogliaform (i)3000p ,1-007,1-007-1,21452204,"Fig.3A, top trace",no value,1017.40638,26.0,D.NASP,rats,Wistar,21-35,"m,f",,,slice,horizontal,350,,126,2.5,2,1.25,,2,,26,,,10,95,5,35.5-36.5,,,,,,whole-cell patch clamp,,,90,,,27.4,1.8,1.7,,10,,0.05,,,2,,,,0.4,,,10,,,0.03,,,,"pH 7.25, 270Ð290 mOsm"
DG,MOPP (i)3000 ,1-008,1-008-1,21452204,"Fig.3A, top trace",no value,1017.40638,27.0,D.NASP,rats,Wistar,21-35,"m,f",,,slice,horizontal,350,,126,2.5,2,1.25,,2,,26,,,10,95,5,35.5-36.5,,,,,,whole-cell patch clamp,,,90,,,27.4,1.8,1.7,,10,,0.05,,,2,,,,0.4,,,10,,,0.03,,,,"pH 7.25, 270Ð290 mOsm"
DG,MOPP (i) 3000,1-008,1-008-2,8261117,"Fig.5C, right",400,51.873726,28.0,ASP.,rats,Wistar,young adult,f,,,slice,horizontal,400,,126,3,2,1.25,,,2,24,,,10,95,5,35,,,,,,intracellular recording,,1500,,,,,,,,,,,,,,,,,,,,,,,2,,,,
DG ,HICAP (i) 2322,1-009,1-009-1,8261117,Fig1A,516.99905,653.762966,29.0,ASP.,rats,Wistar,young adult,f,,,slice,horizontal,400,,126,3,2,1.25,,,2,24,,,10,95,5,35,,,,,,intracellular recording,,1500,,,,,,,,,,,,,,,,,,,,,,,2,,,,
DG,HICAP (i) 2322,1-009,1-009-1,9151716,"Fig.11A (0.07 nA, top)",70,595.9183,30.0,NASP,rats,Sprague Dawley,16-30,m,,,slice,transverse,300,,120,3.3,1.8,1.23,,,1.2,25,,,10,95,5,32-34,,,,,The osmolarity of the solutions  was 284 mOsm for the ACSF; pH=7.4.,whole-cell patch clamp,,,130,,,7,,,,10,,,,,2,,0.3,,,,,,,,0.2-0.4,,,,pH-adjusted to 7.2 with KOH; the osmolarity of the solutions  was 265 mOsm for pipette solutions; GTP-tris
DG,HICAP (i)-2322,1-009,1-009-1,9151716,"Fig.11A (0.1 nA, middle)",100,600,31.0,NASP,rats,Sprague Dawley,16-30,m,,,slice,transverse,300,,120,3.3,1.8,1.23,,,1.2,25,,,10,95,5,32-34,,,,,The osmolarity of the solutions  was 284 mOsm for the ACSF; pH=7.4.,whole-cell patch clamp,,,130,,,7,,,,10,,,,,2,,0.3,,,,,,,,0.2-0.4,,,,pH-adjusted to 7.2 with KOH; the osmolarity of the solutions  was 265 mOsm for pipette solutions; GTP-tris
DG,HICAP (i) 2322,1-009,1-009-1,9151716,"Fig.11A (0.2 nA, bottom)",200,603.4014,32.0,NASP,rats,Sprague Dawley,16-30,m,,,slice,transverse,300,,120,3.3,1.8,1.23,,,1.2,25,,,10,95,5,32-34,,,,,The osmolarity of the solutions  was 284 mOsm for the ACSF; pH=7.4.,whole-cell patch clamp,,,130,,,7,,,,10,,,,,2,,0.3,,,,,,,,0.2-0.4,,,,pH-adjusted to 7.2 with KOH; the osmolarity of the solutions  was 265 mOsm for pipette solutions; GTP-tris
DG,DG axo-axonic (i) 2233,1-010,1-010-1,8035215,Fig 5A,200,198.626,33.0,RASP.NASP,rats,Wistar,young adult,f,,,slice,horizontal,400,,126,3,2,1.25,,,2,24,,,10,95,5,34-35,,,,,30 min incubation in modified ACSF with replaced 126 mM NaCl to 256 sucrose,intracellular recording,,1500,,,,,,,,,,,,,,,,,,,,,,,2,,,,
DG,DG axo-axonic (i) 2233,1-010,1-010-1,8035215,Fig 5B,400,192.253521,34.0,NASP,rats,Wistar,young adult,f,,,slice,horizontal,400,,126,3,2,1.25,,,2,24,,,10,95,5,34-35,,,,,30 min incubation in modified ACSF with replaced 126 mM NaCl to 256 sucrose,intracellular recording,,1500,,,,,,,,,,,,,,,,,,,,,,,2,,,,
DG,DG axo-axonic (i) 2233,1-010,1-010-1,8035215,Fig 5C,600,190.610322,35.0,NASP,rats,Wistar,young adult,f,,,slice,horizontal,400,,126,3,2,1.25,,,2,24,,,10,95,5,34-35,,,,,30 min incubation in modified ACSF with replaced 126 mM NaCl to 256 sucrose,intracellular recording,,1500,,,,,,,,,,,,,,,,,,,,,,,2,,,,
DG,HIPP (e ) 1002,1-013,1-013-1,8261117,Fig.4C,-276.38165,313.56151,36.0,NASP,rats,Wistar,young adult,f,,,slice,horizontal,400,,126,3,2,1.25,,,2,24,,,10,95,5,35,,,,,,intracellular recording,,1500,,,,,,,,,,,,,,,,,,,,,,,2,,,,
DG,DG HIPROM  1333,1-026,1-026-1,9497429,Fig.6B (+800 pA),800,960.31439,37.0,D.ASP.,rats,Wistar,13-35,,,,slice,transverse,300-400,,125,2.5,2,1.25,,1,,25,,,25,95,5,35-37,,10,50,10,,whole-cell patch clamp,,,115,,,20,,,,,,0.5,,,4,,0.3,,,,,,10,,0.5,,,,adjusted to pH 7.3 with KOH
DG,AIPRIM (i)2333,1-027,1-027-1,9497429,"Fig.9B  (+200 pA,1s stimulation)",200,950.26193,38.0,ASP.NASP,rats,Wistar,13-35,,,,slice,transverse,300-400,,125,2.5,2,1.25,,1,,25,,,25,95,5,35-37,,10,50,10,,whole-cell patch clamp,,,115,,,20,,,,,,0.5,,,4,,0.3,,,,,,10,,0.5,,,,adjusted to pH 7.3 with KOH
DG,DG Basket (i)2232,1-035,1-035-1,24920624,"Fig.1B1, top",613.1460107,998.6857641,39.0,NASP,"rats, mice","Wistar rats,  GIN mice",18-24,,,,slice,transverse,300-350,,125,2.5,2,1.25,,1,,25,,,25,95,5,31-32,,,,,,whole-cell patch clamp,,,110,,,40,,2,,10,,0.1,,,,2,,,,,,,,,0.2,,,,pH 7.2; 290Ð310 mOsm
DG,DG Basket (i)2232,1-035,1-035-1,24920624,"Fig.1B1, bottom",613.1460107,1004.963572,40.0,NASP,"rats, mice","Wistar rats,  GIN mice",18-24,,,,slice,transverse,300-350,,125,2.5,2,1.25,,1,,25,,,25,95,5,31-32,,,,,,whole-cell patch clamp,,,110,,,40,,2,,10,,0.1,,,,2,,,,,,,,,0.2,,,,pH 7.2; 290Ð310 mOsm
DG,DG Basket CCK+ (i)2232,1-036,1-036-1,,,,,41.0,*No_data,,,,,,,,,,,,,,,,,,,,,,,,,,,,,,,,,,,,,,,,,,,,,,,,,,,,,,,,,,,
DG,MOCAP (i)0331,1-040,1-040-1,,,,,42.0,*No_data,,,,,,,,,,,,,,,,,,,,,,,,,,,,,,,,,,,,,,,,,,,,,,,,,,,,,,,,,,,
DG,Hilar Ectopic Granule (e)2203p,1-041,1-041-1,14580952,"Fig 10 D, right",700,137.158044,43.0,RASP.,rats,Sprague Dawley,adult,m,180-240,,slice,horizontal,400,Most slices were cut from the ventral half of the hippocampus in the horizontal plane. The others were cut transversely from the septal hippocampus.,126,5,2,1.25,,,2,26,,,10,95,5,31-33,,,,,pH 7.4,intracellular recording,,,,1000,,,,,,,,,,,,,,,,,,,,,,,4,,
DG,Hilar Ectopic Granule (e)2203p,1-041,1-041-1,21344409,"Fig 6A1, right",no value,189.285717,44.0,ASP.,rats,Sprague Dawley,adult,m,,,slice,horizontal,400,,126,5,2,1.25,,,2,26,,,10,95,5,31-33,,,,,"pH
7.4",intracellular recording,,,,1000,,,,,,,,,,,,,,,,,,,,,,,4,,
DG,Hilar Ectopic Granule (e)2203p,1-041,1-041-1,21344409,"Fig 6A2, right",no value,175.954128,45.0,TSWB.SLN,rats,Sprague Dawley,adult,m,,,slice,horizontal,400,,126,5,2,1.25,,,2,26,,,10,95,5,31-33,,,,,"pH
7.4",intracellular recording,,,,1000,,,,,,,,,,,,,,,,,,,,,,,4,,
DG,Mossy MOLDEN (e)2323,1-043,1-043-1,,,,,46.0,*No_data,,,,,,,,,,,,,,,,,,,,,,,,,,,,,,,,,,,,,,,,,,,,,,,,,,,,,,,,,,,
DG,HIPP-CAP (i)1102,1-046,1-046-1,,,,,277.0,*No_data,,,,,,,,,,,,,,,,,,,,,,,,,,,,,,,,,,,,,,,,,,,,,,,,,,,,,,,,,,,
DG,Adult-Born Immature Granule (e)2203p,1-047,1-047-1,,,,,272.0,*No_data,,,,,,,,,,,,,,,,,,,,,,,,,,,,,,,,,,,,,,,,,,,,,,,,,,,,,,,,,,,
DG,Recurrent HIPP-CAP (i)1103,1-049,1-049-1,8283200,Fig 6B,190.87325,110.065275,273.0,NASP,rats,Sprague-Dawley,,f,150-250,,slice,horizontal,400,,124,5,2,1.25,,,1.2,26,,,10,95,5,35,,,,,,intracellular recording,,,,4000,,,,,,,,,,,,,,,,,,,,,,,,,
DG,Recurrent HIPP-CAP (i)1103,1-049,1-049-1,8283200,Fig7F,537.9549,106.002532,274.0,NASP,rats,Sprague-Dawley,,f,150-250,,slice,horizontal,400,,124,5,2,1.25,,,1.2,26,,,10,95,5,35,,,,,,intracellular recording,,,,4000,,,,,,,,,,,,,,,,,,,,,,,,,
DG,Recurrent HIPP-CAP (i)1103,1-049,1-049-1,24920624,"Fig.1B3,top",304.34519,999.9992145,275.0,NASP,"rats, mice","Wistar rats, GIN mice",18-24,,,,slice,transverse,300-350,,125,2.5,2,1.25,,1,,25,,,25,95,5,34,,,,,,whole-cell patch clamp,,,110,,,40,,2,,10,,0.1,,,,2,,,,,,,,,0.2,,,,pH 7.2; 290Ð310 mOsm
DG,Recurrent HIPP-CAP (i)1103,1-049,1-049-1,24920624,"Fig.1B3,bottom",304.34519,999.9992145,276.0,ASP.,"rats, mice","Wistar rats, GIN mice",18-24,,,,slice,transverse,300-350,,125,2.5,2,1.25,,1,,25,,,25,95,5,34,,,,,,whole-cell patch clamp,,,110,,,40,,2,,10,,0.1,,,,2,,,,,,,,,0.2,,,,pH 7.2; 290Ð310 mOsm
CA3,CA3 Pyramidal (e ) 23223p,2-000,2-000-1,2357533,Fig.1a,500,102.450978,47.0,PSWB,gunea pigs,Hartley,,m,200-300,,slice,transverse,400,,124,5,2,,,1.6,,26,,,10,95,5,36,,,,,,intracellular recording,,,,4000,,100,,,,,,,,,,,,,,,,,,,,1.5,,,
CA3,CA3 Pyramidal (e ) 23223p,2-000,2-000-2,2357533,Fig.1b,500,97.523813,48.0,TSTUT.,gunea pigs,Hartley,,m,200-300,,slice,transverse,400,,124,5,2,,,1.6,,26,,,10,95,5,36,,,,,,intracellular recording,,,,4000,,100,,,,,,,,,,,,,,,,,,,,1.5,,,
CA3,CA3 Pyramidal (e ) 23223p,2-000,2-000-3,11353016,Fig.3D,no value,523.56729,49.0,ASP.,rats,Wistar,17-21,,,,slice,transverse,250,,126,3.5,2,1.2,,,1.3,25,,,25,95,5,22-24,,,,,pH 7.3,whole-cell patch clamp,,,130,,,10,,1,,10,,0.4,,,,2,,0.3,,,,,,,0.2,,,,pH 7.3
CA3,CA3 Pyramidal( e)23223p,2-000,2-000-3,16584711,Fig.3B (left),no value,1015.505,50.0,ASP.,rats,Wistar,25-35,m,,,slice,transverse,400,,125,3.5,2,1.25,,2,,20.3,,,12,95,5,34.5-35.5,1,,,,pH 7.4; 3 _M DNQX or 1 mM kynurenic acid was bath applied,whole-cell patch clamp - perforated,10-17,,125,,,20,,2,,10,,0.5,,,,2,,,,,,,,,,,,,"pH 7.3 with KOH, 280Ð290 mOsm/kg; in some experiments following solution was used (mM): KCl 120, NaCl 4, MgCl2 2, EGTA 5, HEPES 10, sucrose 35, equivalent pH; gramicidin (10Ð17 _g/ml)."
CA3 ,CA3 Pyramidal (e) 23223p,2-000,2-000-3,16584711,Fig.3B (right),no value,1034.06,51.0,ASP.NASP,rats,Wistar,25-35,m,,,slice,transverse,400,,125,3.5,2,1.25,,2,,20.3,,,12,95,5,34.5-35.5,1,,,,pH 7.4; 3 _M DNQX or 1 mM kynurenic acid was bath applied,whole-cell patch clamp - perforated,10-17,,125,,,20,,2,,10,,0.5,,,,2,,,,,,,,,,,,,"pH 7.3 with KOH, 280Ð290 mOsm/kg; in some experiments following solution was used (mM): KCl 120, NaCl 4, MgCl2 2, EGTA 5, HEPES 10, sucrose 35, equivalent pH; gramicidin (10Ð17 _g/ml)."
CA3,CA3 Pyramidal (e)23223p,2-000,2-000-4,18189311,Fig.4A top,no value,336.843625,52.0,ASP.,rats,Sprague Dawley,28-42,,,,slice,horizontal,300-350,,124,2.5,2-2.5,1.25,,1.3-2,,26,,,10,95,5,34-35,,,,,,whole-cell patch clamp,,,120,,,20,,2,,10,,0.1,,,,2,,,0.3,,,,,,0.5,,,,"In some experiments, 0.5% biocytin was added"
CA3,CA3 Pyramidal (e)23223p,2-000,2-000-4,18189311,Fig.4A middle,no value,333.15351,53.0,RASP.NASP,rats,Sprague Dawley,28-42,,,,slice,horizontal,300-350,,124,2.5,2-2.5,1.25,,1.3-2,,26,,,10,95,5,34-35,,,,,,whole-cell patch clamp,,,120,,,20,,2,,10,,0.1,,,,2,,,0.3,,,,,,0.5,,,,"In some experiments, 0.5% biocytin was added"
CA3,CA3 Pyramidal (e)23223p,2-000,2-000-4,18189311,Fig.4A bottom,no value,335.355305,54.0,TSWB.SLN,rats,Sprague Dawley,28-42,,,,slice,horizontal,300-350,,124,2.5,2-2.5,1.25,,1.3-2,,26,,,10,95,5,34-35,,,,,,whole-cell patch clamp,,,120,,,20,,2,,10,,0.1,,,,2,,,0.3,,,,,,0.5,,,,"In some experiments, 0.5% biocytin was added"
CA3,CA3 Pyramidal (e) 23223p,2-000,2-000-4,20510860,Fig.1A,250,995.8234622,54.1,TSWB.SLN,mice,C57BL6,28-42,m,,,slice,transverse,400,,125,2.5,2,1.25,,1,,26,,2,10,95,5,33,,,,,"pH
7.4",whole-cell patch clamp,,135,,,,5,2,,,10,,,0.1,5,,,0.4,,,,,10,,,,,,50,pH 7.2; 280Ð290 mOsm
CA3,CA3 Pyramidal (e) 23223p,2-000,2-000-5,21207127,Fig.1c,500,500,54.2,NASP,rats,Sprague Dawley,18-28,m,,,slice,,315-400,,125,3,2,1.25,,1,,25,,,10,,,31-33,,,,,pH 7.4,whole-cell patch clamp,,120,,,,10,,,,10,,0.2,,,4,,,0.3,,,,14,,,0.25,,,,
CA3,CA3 Granule (e)22100,2-001,2-001-1,20554881,Fig2A3,no value,1008.86892,55.0,TSTUT.ASP.,rats,Wistar,22-37,"m,f",,,slice,see Notes,350,orientation where the majority of the mossy fibers and dendrites of CA3 pyramidal cells were parallel to the surface of the slice (described in PMID 17487197 ),126,2.5,2,1.25,,2,,26,,,10,95,5,35-36,,,,,,whole-cell patch clamp,,,90,,,43.5,1.8,1.7,,10,,0.05,,,2,,,,0.4,,,,,10,0.03,,,,pH 7.2; 270Ð290 mOsm
CA3,CA3 Granule (e)22100,2-001,2-001-1,20554881,Fig.2B (right),no value,979.45944,56.0,ASP.,rats,Wistar,22-37,"m,f",,,slice,see Notes,350,orientation where the majority of the mossy fibers and dendrites of CA3 pyramidal cells were parallel to the surface of the slice (described in PMID 17487197 ),126,2.5,2,1.25,,2,,26,,,10,95,5,35-36,,,,,,whole-cell patch clamp,,,90,,,43.5,1.8,1.7,,10,,0.05,,,2,,,,0.4,,,,,10,0.03,,,,pH 7.2; 270Ð290 mOsm
CA3,CA3 Giant (e)22010,2-003,2-003-1,11353016,"Fig.3A, regular",no value,522.30145,57.0,ASP.,rats,Wistar,17-21,,,,slice,transverse,250,,126,3.5,2,1.2,,,1.3,25,,,25,95,5,22-24,,,,,pH 7.3,whole-cell patch clamp,,,130,,,10,,1,,10,,0.4,,,,2,,0.3,,,,,,,0.2,,,,pH 7.3
CA3,CA3 Giant (e)22010,2-003,2-003-1,11353016,"Fig.3C, irregular",no value,526.6667,58.0,ASP.,rats,Wistar,17-21,,,,slice,transverse,250,,126,3.5,2,1.2,,,1.3,25,,,25,95,5,22-24,,,,,pH 7.3,whole-cell patch clamp,,,130,,,10,,1,,10,,0.4,,,,2,,0.3,,,,,,,0.2,,,,pH 7.3
CA3,CA3 Giant (e)-22010,2-003,2-003-1,11353016,"Fig.4B, control",95.847125,485.7644,59.0,ASP.,rats,Wistar,17-21,,,,slice,transverse,250,,126,3.5,2,1.2,,,1.3,25,,,25,95,5,22-24,,,,,pH 7.3,whole-cell patch clamp,,,130,,,10,,1,,10,,0.4,,,,2,,0.3,,,,,,,0.2,,,,pH 7.3
CA3,CA3c Pyramidal (e)3223p,2-004,2-004-1,2357533,Fig.4,500,91.993009,60.0,TSWB.SLN,gunea pigs,Hartley,,m,200-300,,slice,transverse,400,,124,5,2,,,1.6,,26,,,10,95,5,36,,,,,,intracellular recording,,,,4000,,100,,,,,,,,,,,,,,,,,,,,1.5,,,
CA3,CA3c Pyramidal ( e )03223p,2-004,2-004-1,8283200,Fig.7D,500,97.22722,61.0,TSWB.SLN,rats,Sprague Dawley,,f,150-250,,slice,horizontal,400,,124,5,2,1.25,,,1.2,26,,,10,95,5,35,,,,,,intracellular recording,,,,4000,,,,,,,,,,,,,,,,,,,,,2,,,,
CA3,CA3c Pyramidal ( e )03223p,2-004,2-004-1,8283200,Fig.8,440,95.9442,62.0,TSWB.SLN,rats,Sprague Dawley,,f,150-250,,slice,horizontal,400,,124,5,2,1.25,,,1.2,26,,,10,95,5,35,,,,,,intracellular recording,,,,4000,,,,,,,,,,,,,,,,,,,,,2,,,,
CA3,CA3 LMR-Targeting (i)-33200,2-005,2-005-1,19496174,"Fig.1A, bottom",510,463.87096,63.0,D.RASP.NASP,rats,Sprague Dawley,18-26,m,,,slice,at an angle of 30¡ to the long axis of the hippocampus,350,,125,3,2,1.25,,1,,25,,,10,95,5,32-34,,,0.05,0.01,pH 7.4,whole-cell patch clamp,,120,,,,10,,,,10,,0.5,,,4.5,,,,0.3,,,14,,,0.5,,,,
CA3,CA3 LMR-Targeting (i)-33200,2-005,2-005-2,19496174,"Fig.1B, bottom",510,474.8387,64.0,PSTUT,rats,Sprague Dawley,18-26,m,,,slice,at an angle of 30¡ to the long axis of the hippocampus,350,,125,3,2,1.25,,1,,25,,,10,95,5,32-34,,,0.05,0.01,pH 7.4,whole-cell patch clamp,,120,,,,10,,,,10,,0.5,,,4.5,,,,0.3,,,14,,,0.5,,,,
CA3,CA3 R-LM (i)12000,2-008,2-008-1,,,,,65.0,*No_data,,,,,,,,,,,,,,,,,,,,,,,,,,,,,,,,,,,,,,,,,,,,,,,,,,,,,,,,,,,
CA3,CA3 O-LM (i)11003       ,2-009,2-009-1,15486016,Fig.3Ai     ,300,524.238,66.0,ASP.,mice,C57BL6,18-25,,,,slice,horizontal,450,,125,3,2,1.25,,,2,24,,,10,95,5,29,,,,,,whole-cell patch clamp,,,135,,,5,,,,10,,,,,2,,,0.3,,,,,,,0.5,,,,pH 7.3 and 280 mosmol /l
CA3,Lucidum ORAX (i)03311,2-013,2-013-1,9300769,Fig. 5B ,500,895.68344,67.0,ASP.,rats,Wistar,13-28,,,,slice,transverse,300-400,,125,2.5,2,1.25,,1,,25,,,25,95,5,34-37,,10,50,10,,whole-cell patch clamp,,,130,,,20,,2,,10,,10,,,,2,,,,,,,,,0.5,,,,pH was adjusted to 7.3 with KOH
CA3,Lucidum ORAX (i)03311,2-013,2-013-1,9300769,"Fig. 5C, spiny neuron",70,498.223,68.0,D.NASP,rats,Wistar,13-28,,,,slice,transverse,300-400,,125,2.5,2,1.25,,1,,25,,,25,95,5,34-37,,10,50,10,,whole-cell patch clamp,,,130,,,20,,2,,10,,10,,,,2,,,,,,,,,0.5,,,,pH was adjusted to 7.3 with KOH
CA3,Lucudum ORAX (i) 03311,2-013,2-013-2,9300769,"Fig.8B, aspiny neuron",200,947.79905,69.0,PSTUT,rats,Wistar,13-28,,,,slice,transverse,300-400,,125,2.5,2,1.25,,1,,25,,,25,95,5,34-37,,10,50,10,,whole-cell patch clamp,,,130,,,20,,2,,10,,10,,,,2,,,,,,,,,0.5,,,,pH was adjusted to 7.3 with KOH
CA3,Lucidum ORAX (i)03311,2-013,2-013-2,9300769,"Fig. 8C, aspiny neuron",20,500,70.0,NASP,rats,Wistar,13-28,,,,slice,transverse,300-400,,125,2.5,2,1.25,,1,,25,,,25,95,5,34-37,,10,50,10,,whole-cell patch clamp,,,130,,,20,,2,,10,,10,,,,2,,,,,,,,,0.5,,,,pH was adjusted to 7.3 with KOH
CA3,CA3 Lucidum-Radiatum (i)03300,2-014,2-014-1,,,,,71.0,*No_data,,,,,,,,,,,,,,,,,,,,,,,,,,,,,,,,,,,,,,,,,,,,,,,,,,,,,,,,,,,
CA3,CA3 Lucidum LAX (i)02310,2-017,2-017-1,,,,,72.0,*No_data,,,,,,,,,,,,,,,,,,,,,,,,,,,,,,,,,,,,,,,,,,,,,,,,,,,,,,,,,,,
CA3,Spiny lucidum (i) 01320p,2-019,2-019-1,19339618,Fig.  5A,no value,834,73.0,ASP.,rats,,21-30,,,,slice,see Notes,300,orientation in which the majority of the mossy fibers and dendrites of CA3 pyramidal cells were parallel to the surface of the slice (described in PMID 17487197 ),126,2.5,2,1.25,,2,,26,,,10,,,35.5-36.5,,,,,,whole-cell patch clamp,,,90,,,43,1.8,1.7,,10,,0.05,,,,0.4,,,,,2,10,,,0.03,,,,pH 7.2 (270Ð290 mOsm)
CA3,Spiny lucidum (i) 01320p,2-019,2-019-2,19339618,Fig.  5D,no value,1121.58,74.0,PSTUT,rats,,21-30,,,,slice,see Notes,300,orientation in which the majority of the mossy fibers and dendrites of CA3 pyramidal cells were parallel to the surface of the slice (described in PMID 17487197 ),126,2.5,2,1.25,,2,,26,,,10,,,35.5-36.5,,,,,,whole-cell patch clamp,,,90,,,43,1.8,1.7,,10,,0.05,,,,0.4,,,,,2,10,,,0.03,,,,pH 7.2 (270Ð290 mOsm)
CA3, CA3 Trilaminar (-)01113p        ,2-020,2-020-1,15486016,Fig.3Aii ,300,510.948,75.0,PSTUT,mice,C57BL6,18-25,,,,slice,horizontal,450,,125,3,2,1.25,,,2,24,,,10,95,5,29,,,,,,whole-cell patch clamp,,,135,,,5,,,,10,,,,,2,,,0.3,,,,,,,0.5,,,,pH 7.3 and 280 mosmol /l
CA3,CA3  Interneuron Spec Oriens (i)01113,2-021,2-021-1,,,,,76.0,*No_data,,,,,,,,,,,,,,,,,,,,,,,,,,,,,,,,,,,,,,,,,,,,,,,,,,,,,,,,,,,
CA3,CA3 SO-SO (i)00003,2-022,2-022-1,,,,,77.0,*No_data,,,,,,,,,,,,,,,,,,,,,,,,,,,,,,,,,,,,,,,,,,,,,,,,,,,,,,,,,,,
CA3,CA3 Radiatum (i)03000,2-023,2-023-1,21795545,Fig. 7J(gray),67.605638,770.89038,78.0,RASP.NASP,mice,Nkx2-1Cre:RCE,14-21,,,,slice,transverse,300,,130,3.5,2.5,1.25,,1.5,,24,,,10,95,5,32-34,,,,,pH 7.4,whole-cell patch clamp,,,150,,,,,3,,10,,0.5,,,2,,,,0.3,,,,,,2 mg/ml,,,,"pH 7.4 with KOH (~300 mOsm; free K+, ~155 mM) "
CA3,Lucidum (i)00300,2-027,2-027-1,,,,,280.0,*No_data,,,,,,,,,,,,,,,,,,,,,,,,,,,,,,,,,,,,,,,,,,,,,,,,,,,,,,,,,,,
CA3,CA3 Axo-axonic (i) 22232,2-028,2-028-1,22700932,Fig. 2A,no value,519.205,79.0,ASP.,mice,C57,17-22,,,,slice,transverse,350,,125,2.5,2,1.25,,1,,25,,,25,95,5,,,,,,,whole-cell patch clamp,,,135,,,5,,,,10,,,,,2,,0.3,,,,,,,,0.5,,,,"pH 7.3
and 280-300 mOsm"
CA3,MFA ORDEN (i)02332p,2-035,2-035-1,10655521,Fig.1Cb,500,966.40373,80.0,ASP.,rats,Wistar,16-19,,,,slice,,300-400,,125,2.5,1,1.25,,1,,25,,,25,95,5,32-34,,,,,,whole-cell patch clamp,,,135,,,20,,2,,10,,0.1,,,,2,,,,,,,,,,,,,internal pipette solution for interneurons 
CA3,Mossy Fiber-Associated (i)03330p,2-036,2-036-1,14734812,Fig.3B,400,980.24896,81.0,ASP.NASP,rats,Wistar,13-19,m,,,slice,horizontal,300-350,,126,2.5,2,1.25,,2,,24,,,25,,,34-36,3,,,,continuously oxygenated ACSF (pH = 7.4),whole-cell patch clamp,,,130,,,5,,2,,10,,0.05,,,2,,,,,,0.4,2,,,0.000048,,,,pH 7.25; osmolality: 270Ð290 mmol/kg
CA3 ,Mossy Fiber-Associated (i)03330p,2-036,2-036-1,19339618,Fig.6,no value,1009.4574,82.0,ASP.,rats,,21-30,,,,slice,see Notes,300,orientation in which the majority of the mossy fibers and dendrites of CA3 pyramidal cells were parallel to the surface of the slice (described in PMID 17487197 ),126,2.5,2,1.25,,2,,26,,,10,,,35.5-36.5,,,,,,whole-cell patch clamp,,,90,,,43,1.8,1.7,,10,,0.05,,,,0.4,,,,,2,10,,,0.03,,,,pH 7.2 (270Ð290 mOsm)
CA3,CA3 Interneuron Spec Quad (i)03333p,2-042,2-042-1,,,,,83.0,*No_data,,,,,,,,,,,,,,,,,,,,,,,,,,,,,,,,,,,,,,,,,,,,,,,,,,,,,,,,,,,
CA3 ,CA3 Basket (i)22232,2-043,2-043-1,21068319,"Fig. 1b, left ( Fast-spiking basket cell)",no value,774.857,84.0,ASP.SLN,mice,C57Bl6 ,15-22,"m,f",,,slice,horizontal,200-250; 300-350,,126,2.5,2,1.25,,2,,26,,,10,95,5,room temperature ,,,,,pH 7.2-7.4,whole-cell patch clamp,,,138,,3,,,,,10,0.2,,,4,,,0.4,,,,,10,,,0.3,,,,adjusted to pH 7.3-7.35 using KOH (285-290 mOsm/l)
CA3,CA3 Basket (i)22232,2-043,2-043-2,25649132,Fig.2d_top,600,1000,301.0,ASP.,mice,C57BL/6,28-42,m,,,slice,horizontal,400,,129,2.8,2.5,1.1,,,1.3,28.8,,,10,,,32-34,,,,,pH 7.4,whole-cell patch clamp,,130,,,,4,4,,,10,,0.2,,,4,,,,0.3,,,10,,,,,,,
CA3, CA3 Basket-CCK (i)22232,2-044,2-044-1,21068319,"Fig. 1b, right (Regular-spiking basket cell)",400,747.082,85.0,ASP.NASP,mice,C57Bl6 ,15-22,"m,f",,,slice,horizontal,200-250; 300-350,,126,2.5,2,1.25,,2,,26,,,10,95,5,room temperature ,,,,,pH 7.2-7.4,whole-cell patch clamp,,,138,,3,,,,,10,0.2,,,4,,,0.4,,,,,10,,,0.3,,,,adjusted to pH 7.3-7.35 using KOH (285-290 mOsm/l)
CA3, CA3 Basket-CCK (i)22232,2-044,2-044-2,19339618,Fig.3A,no value,600,85.1,NASP,rats,,21-30,,,,slice,,,,126,2.5,2,1.25,,2,,26,,,10,,,35.5-36.5,,,,,,whole-cell patch clamp,,,90,,,43.5,1.8,1.7,,10,,0.05,,,2,,,,0.4,,,10,,,8 mM,,,,pH 7.2 (270-290 mOsm; pipette resistance: 3-4.5 M[Ohm])
CA3,CA3 Bistratified (i)03333,2-045,2-045-1,25649132,Fig.2e_top,440,1000,86.0,NASP,mice,C57BL/6,28-42,m,,,slice,horizontal,400,,129,2.8,2.5,1.1,,,1.3,28.8,,,10,,,32-34,,,,,pH 7.4,whole-cell patch clamp,,130,,,,4,4,,,10,,0.2,,,4,,,,0.3,,,10,,,,,,,
CA3,CA3 Ivy (i)03333,2-046,2-046-1,,,,,87.0,*No_data,,,,,,,,,,,,,,,,,,,,,,,,,,,,,,,,,,,,,,,,,,,,,,,,,,,,,,,,,,,
CA3,CA3 Horizontal AA (i)00012,2-047,2-047-1,20529124,"Fig. 1A, middle",400,791.22809,88.0,ASP.,mice,,15-23,,,,slice,horizontal,200-300,,126,2.5,2,1.25,,2,,26,,,10,95,5,room temperature,,,,,,whole-cell patch clamp,,,110,,,,4,,,40,,,,,2,,0.3,,,,,,,,0.2,,,,adjusted to pH 7.3 using KOH and with an osmolarity of 290 mOsm/L
CA3,CA3 QuadD-LM (i)12222,2-049,2-049-1,,,,,89.0,*No_data,,,,,,,,,,,,,,,,,,,,,,,,,,,,,,,,,,,,,,,,,,,,,,,,,,,,,,,,,,,
CA3,CA3 Recurrent O-LM (i)10003,2-050,2-050-1,,,,,278.0,*No_data,,,,,,,,,,,,,,,,,,,,,,,,,,,,,,,,,,,,,,,,,,,,,,,,,,,,,,,,,,,
CA3,CA3 Horizontal Basket CCK+ (i)00012,2-051,2-051-1,,,,,281.0,*No_data,,,,,,,,,,,,,,,,,,,,,,,,,,,,,,,,,,,,,,,,,,,,,,,,,,,,,,,,,,,
CA3,CA3 Bilayer Ivy (i)03300,2-052,2-052-1,,,,,279.0,*No_data,,,,,,,,,,,,,,,,,,,,,,,,,,,,,,,,,,,,,,,,,,,,,,,,,,,,,,,,,,,
CA2 ,CA2 Pyramidal (e)2333p,3-000,3-000-1,20510860,Fig.1 A middle (CA2) ,400,968.61517,90.0,D.ASP.,mice,C57BL6,28-42,m,,,slice,transverse,400,,125,2.5,2,1.25,,1,,26,,2,10,95,5,33,,,,,"pH
7.4",whole-cell patch clamp,,135,,,,5,2,,,10,,,0.1,5,,,0.4,,,,,10,,,,,,50,pH 7.2; 280Ð290 mOsm
CA2 ,CA2 Bistratified (i)0313p,3-003,3-003-1,17611285,Fig.6B (+0.4nA),400,420.6923,91.0,ASP.,rats,Sprague Dawley and Wistar,young adult,m,90-200,,slice,,450-500,,124,3.3,2.5,,1.2,,1,25.5,,,15,95,5,,,,,,,intracellular recording,,2000,,,,,,,,,,,,,,,,,,,,,,,2,,,,
CA2,CA2 Basket 2232,3-006,3-006-1,17611285,Fig.5B (+0.4nA),400,449.4545,92.0,D.PSTUT,rats,Sprague Dawley and Wistar,young adult,m,90-200,,slice,,450-500,,124,3.3,2.5,,1.2,,1,25.5,,,15,95,5,,,,,,,intracellular recording,,2000,,,,,,,,,,,,,,,,,,,,,,,2,,,,
CA2,CA2 Basket 2232,3-006,3-006-1,17611285,Fig.5B (+0.6nA),600,428,93.0,PSTUT,rats,Sprague Dawley and Wistar,young adult,m,90-200,,slice,,450-500,,124,3.3,2.5,,1.2,,1,25.5,,,15,95,5,,,,,,,intracellular recording,,2000,,,,,,,,,,,,,,,,,,,,,,,2,,,,
CA2,CA2 Wide-Arbor BC (i)2232p,3-007,3-007-1,17611285,Fig.5C (+0.2nA),200,500.333,94.0,RASP.NASP,rats,Sprague Dawley and Wistar,young adult,m,90-200,,slice,,450-500,,124,3.3,2.5,,1.2,,1,25.5,,,15,95,5,,,,,,,intracellular recording,,2000,,,,,,,,,,,,,,,,,,,,,,,2,,,,
CA2,CA2 Wide-Arbor BC (i)2232p,3-007,3-007-1,17611285,"Fig.5C (+0.6nA, top inset )",600,415.1739,95.0,ASP.NASP,rats,Sprague Dawley and Wistar,young adult,m,90-200,,slice,,450-500,,124,3.3,2.5,,1.2,,1,25.5,,,15,95,5,,,,,,,intracellular recording,,2000,,,,,,,,,,,,,,,,,,,,,,,2,,,,
CA2 ,SP-SR (i)-0302,3-008,3-008-1,22431345,"Fig.3A, top",400,365.326836,96.0,TSTUT.SLN,rats,Wistar,young adult,m,90-190,,slice,,450,,124,3.3,2.5,,1.2,,1,25.5,,,15,,,,,,,,,intracellular recording,,2000,,,,,,,,,,,,,,,,,,,,,,,2,,,,
CA2 ,SP-SR (i)-0302,3-008,3-008-1,22431345,"Fig.3A, top, inset",600,354.34782,97.0,TSTUT.,rats,Wistar,young adult,m,90-190,,slice,,450,,124,3.3,2.5,,1.2,,1,25.5,,,15,,,,,,,,,intracellular recording,,2000,,,,,,,,,,,,,,,,,,,,,,,2,,,,
CA1,CA1 pyramidal cell (e)2223p,4-098,4-098-1,10864941,Fig. 2 Bb,608.69563,1572.193,98.0,PSTUT,rats,Sabra,adult,,>150,,slice,transverse,250,,125,2.5,2.5,,,1,,26.7,13,,,,,,,,,,"pH was 7.3, osmolarity was 300 mOsm.",whole-cell patch clamp,,,120,,,,4,2,1,10,,1,,,,,,,,,,,,,0.5,,,,"Pipette solution for current-clamp; pH was 7.3, and osmolarity was 300 mOsm. "
CA1,CA1 Pyramidal (e)-2223p,4-098,4-098-2,11067982,Fig.5D,200,574.15439,99.0,NASP,rats,Wistar,14-63,,,,slice,transverse,300,,125,2.5,2,1.25,,1,,25,,,25,95,5,33-37,,,,,,whole-cell patch clamp,,,115,,,20,,,,10,,2,,,2,,,0.3,,,,,10,,0.1,,,,
CA1,CA1 Pyramidal (e)2223p,4-098,4-098-3,20421280,Fig. 1B top traces ,200,789.0432,100.0,TSWB.NASP,rats,Wistar,14-26,m,,,slice,horizontal,400,,126,2.5,2,1.25,,2,,26,,,10,95,5,34-37,,,,,,whole-cell patch clamp,,,126,,,6,4,,,10,,,,,4,,0.3,,,,,,,10,0.5,,,,pH 7.38; 284Ð290 mosmol/l; GTP-tris 
CA1 ,CA1 Pyramidal (e)2223p,4-098,4-098-4,20510860,Fig.1A,150,1001.122779,101.0,ASP.,mice,C57BL6,28-42,m,,,slice,transverse,400,,125,2.5,2,1.25,,1,,26,,2,10,95,5,33,,,,,"pH
7.4",whole-cell patch clamp,,135,,,,5,2,,,10,,,0.1,5,,,0.4,,,,,10,,,,,,50,pH 7.2; 280Ð290 mOsm
CA1,CA1 pyramidal cell (e)2223p,4-099,4-099-1,10864941,Fig. 2 Bb,608.69563,1572.193,296.0,PSTUT,rats,Sabra,adult,,>150,,slice,transverse,250,,125,2.5,2.5,,,1,,26.7,13,,,,,,,,,,"pH was 7.3, osmolarity was 300 mOsm.",whole-cell patch clamp,,,120,,,,4,2,1,10,,1,,,,,,,,,,,,,0.5,,,,"Pipette solution for current-clamp; pH was 7.3, and osmolarity was 300 mOsm. "
CA1,CA1 Pyramidal (e)-2223p,4-099,4-099-2,11067982,Fig.5D,200,574.15439,297.0,NASP,rats,Wistar,14-63,,,,slice,transverse,300,,125,2.5,2,1.25,,1,,25,,,25,95,5,33-37,,,,,,whole-cell patch clamp,,,115,,,20,,,,10,,2,,,2,,,0.3,,,,,10,,0.1,,,,
CA1,CA1 Pyramidal (e)2223p,4-099,4-099-3,20421280,Fig. 1B top traces ,200,789.0432,298.0,TSWB.NASP,rats,Wistar,14-26,m,,,slice,horizontal,400,,126,2.5,2,1.25,,2,,26,,,10,95,5,34-37,,,,,,whole-cell patch clamp,,,126,,,6,4,,,10,,,,,4,,0.3,,,,,,,10,0.5,,,,pH 7.38; 284Ð290 mosmol/l; GTP-tris 
CA1 ,CA1 Pyramidal (e)2223p,4-099,4-099-4,20510860,Fig.1A,150,1001.122779,299.0,ASP.,mice,C57BL6,28-42,m,,,slice,transverse,400,,125,2.5,2,1.25,,1,,26,,2,10,95,5,33,,,,,"pH
7.4",whole-cell patch clamp,,135,,,,5,2,,,10,,,0.1,5,,,0.4,,,,,10,,,,,,50,pH 7.2; 280Ð290 mOsm
CA1,CA1 Quadrilaminar (i)3333,4-003,4-003-1,11807843,Fig. 12 B,400,362.198,102.0,ASP.,rats,Sprague Dawley,adult,m,120-200,,slice,coronal,450,,124,3.3,2.5,,1.2,,1,25.5,,,15,95,5,34-36,,,,,,intracellular recording,,2000,,,,,,,,,,,,,,,,,,,,,,,2,,,,
CA1,CA1 LMR Proj (i)3300p,4-004,4-004-1,,,,,103.0,*No_data,,,,,,,,,,,,,,,,,,,,,,,,,,,,,,,,,,,,,,,,,,,,,,,,,,,,,,,,,,,
CA1,CA1 LMR (i)3300,4-005,4-005-1,7931512,Fig.5 top,33.576645,208.1632569,104.0,ASP.,rats,Sprague Dawley,12-23,m,,,slice,transverse,275-300,,124,5,2,1.25,,,2,26,,,10,95,5,22-24,,,,,,whole-cell patch clamp,,,140,,,,5,2,0.5,5,,5,,2,,,0.4,,,,,,,,0.1,,,,pH=7.2-7.3; ATP-tris
CA1,CA1 LMR (i)3300,4-005,4-005-1,9503336,Fig. 6 Ba,500,109.666,105.0,ASP.,rats,Wistar,young adult,f,>120,,slice,horizontal,400,,126,3,2,1.25,,,2,24,,,10,95,5,34-35,,,,,,intracellular recording,,1500,,,,,,,,,,,,,,,,,,,,,,,2,,,,occasionally  filled with 1.5 M KCl
CA1,CA1 Perforant Path-Assoc (i)3200p,4-006,4-006-1,9503336,Fig. 5B,700,200.097,106.0,ASP.SLN,rats,Wistar,young adult,f,>120,,slice,horizontal,400,,126,3,2,1.25,,,2,24,,,10,95,5,34-35,,,,,,intracellular recording,,1500,,,,,,,,,,,,,,,,,,,,,,,2,,,,occasionally  filled with 1.5 M KCl
CA1,CA1 Perforant Path-Assoc (i)3200p,4-006,4-006-1,18184315,"Fig. 3B bottom, right, perforant path-associated ",100,498.73,107.0,NASP,rats,Sprague Dawley,18-22,m,,,slice,horizontal,300-350,,130,2.5,2,1.25,,2,,25,,,10,95,5,32-34,,,,,pH 7.3,whole-cell patch clamp,,,126,,,4,,,,10,,,,,4,,,0.3,,,,,,,0.5,,,,pH 7.3 with KOH
CA1,CA1 NGF Projecting (i) 3000p,4-011,4-011-1,16033887,Fig.3A2 (500 pA),500,869,108.0,PSTUT,rats,Sprague Dawley,12-21,,,,slice,horizontal,300-320,,130,3.5,2.5,1.25,,,1.5,24,,,10,95,5,30-35,3,,,,,whole-cell patch clamp,,,126,,,,,,,10,,,,,4,,,0.3,,,,,10,,0.5,,,,pH 7.3 with KOH
CA1,CA1  NGF Projecting (i)3000p,4-011,4-011-1,16033887,Fig.3A1 (700 pA),700,869.762,109.0,ASP.,rats,Sprague Dawley,12-21,,,,slice,horizontal,300-320,,130,3.5,2.5,1.25,,,1.5,24,,,10,95,5,30-35,3,,,,,whole-cell patch clamp,,,126,,,,,,,10,,,,,4,,,0.3,,,,,10,,0.5,,,,pH 7.3 with KOH
CA1, NGF Projecting (i)3000p,4-011,4-011-1,20130170,Fig.5B,280,909.945694,110.0,PSTUT,rats,Sprague Dawley,27-33,,,,slice,horizontal,300-350,,130,2.5,2,1.25,,7,,26,,,10,95,5,32,,,,,pH 7.3Ð7.4,whole-cell patch clamp,,,126,,,4,,,,10,,,,,4,,,,1,,,,,10,0.5,,,, buffered to pH 7.3; osmolarity 280Ð290 mOsmol
CA1,CA1 Neurogliaform (i) 3000,4-012,4-012-1,16033887,Fig.3A2 (500 pA),500,869,111.0,PSTUT,rats,Sprague Dawley,12-21,,,,slice,horizontal,300-320,,130,3.5,2.5,1.25,,,1.5,24,,,10,95,5,30-35,3,,,,,whole-cell patch clamp,,,126,,,,,,,10,,,,,4,,,0.3,,,,,10,,0.5,,,,pH 7.3 with KOH
CA1,CA1  Neurogliaform (i)3000,4-012,4-012-1,16033887,Fig.3A1 (700 pA),700,869.762,112.0,ASP.,rats,Sprague Dawley,12-21,,,,slice,horizontal,300-320,,130,3.5,2.5,1.25,,,1.5,24,,,10,95,5,30-35,3,,,,,whole-cell patch clamp,,,126,,,,,,,10,,,,,4,,,0.3,,,,,10,,0.5,,,,pH 7.3 with KOH
CA1 ,CA1 Neurogliaform (i)3000,4-012,4-012-2,21795545,Fig.8F (red trace),45.87155,764.44446,113.0,D.,mice,GAD65-GFP,15-30,,,,slice ,transverse,300,,130,3.5,2.5,1.25,,1.5,,24,,,10,95,5,32-34,,,,,"pH
7.4",whole-cell patch clamp,,,150,,,,,3,,10,,0.5,,,2,,,,0.3,,,,,,0.2,,,,"pH was adjusted to 7.4 with KOH (~300 mOsm, free K+ ~ 155mM)"
CA1,CA1 Neurogliaform (i)3000,4-012,4-012-2,21795545,Fig.8F (grey trace),102.75229,757.77779,114.0,ASP.,mice,GAD65-GFP,15-30,,,,slice ,transverse,300,,130,3.5,2.5,1.25,,1.5,,24,,,10,95,5,32-34,,,,,"pH
7.4",whole-cell patch clamp,,,150,,,,,3,,10,,0.5,,,2,,,,0.3,,,,,,0.2,,,,"pH was adjusted to 7.4 with KOH (~300 mOsm, free K+ ~ 155mM)"
CA1,CA1 Radial Trilaminar (i)2333,4-013,4-013-2,19741117,Fig.1B top,no value,502.05479,115.0,NASP,mice,,12-22,,,,slice,,300,,125,3.5,2.5,see Notes,see Notes,,1.5,25,,,20,95,5,33-35,,,,,"""1.25 H2PO4""",whole-cell patch clamp,,,,,,130,8.5,,,5,,0.5,,,4,,,0.3,,,,,,,0.2,,,, adjusted to pH 7.3 using KOH and 290 mOsm using sucrose
CA1,CA1 Radial Trilaminar (i)2333,4-013,4-013-2,19741117,Fig.1C top,no value,494.41923,116.0,ASP.,mice,,12-22,,,,slice,,300,,125,3.5,2.5,see Notes,see Notes,,1.5,25,,,20,95,5,33-35,,,,,"""1.25 H2PO4""",whole-cell patch clamp,,,,,,130,8.5,,,5,,0.5,,,4,,,0.3,,,,,,,0.2,,,, adjusted to pH 7.3 using KOH and 290 mOsm using sucrose
CA1,CA1 Radial Trilaminar (i)2333,4-013,4-013-1,21795545,Fig. 7C red depolarization,158.10825,770.13,117.0,PSTUT,mice,Nkx2-1Cre:RCE,15-30,,,,slice ,transverse,300,,130,3.5,2.5,1.25,,1.5,,24,,,10,95,5,32-34,,,,,"pH
7.4",whole-cell patch clamp,,,150,,,,,3,,10,,0.5,,,2,,,,0.3,,,,,,0.2,,,,"pH was adjusted to 7.4 with KOH (~300 mOsm, free K+ ~ 155mM)"
CA1,Schaffer Collateral-Assoc (i)2311,4-015,4-015-1,11784700,Fig.4 C1,50,948.85194,118.0,ASP.,rats,Wistar,11-17,m,,,slice,horizontal,300,,130,3.5,2,1.25,,,1,24,,,10,95,5,34-36,,,,,,whole-cell patch clamp,,,126,,,4,,,,10,,,,,4,,,0.3,,,,,10,,0.5,,,,
CA1,Schaffer Collateral-Assoc (i)2311,4-015,4-015-1,11784700,Fig.4 D1,150,936.02174,119.0,ASP.ASP.,rats,Wistar,11-17,m,,,slice,horizontal,300,,130,3.5,2,1.25,,,1,24,,,10,95,5,34-36,,,,,,whole-cell patch clamp,,,126,,,4,,,,10,,,,,4,,,0.3,,,,,10,,0.5,,,,
CA1,Schaffer Collateral-Assoc (i)2311,4-015,4-015-1,11807843,Fig.9 B (0.2 nA),200,400.061,120.0,ASP.SLN,rats,Sprague Dawley,adult,m,120-200,,slice,coronal,450,,124,3.3,2.5,,1.2,,1,25.5,,,15,95,5,34-36,,,,,,intracellular recording,,2000,,,,,,,,,,,,,,,,,,,,,,,2,,,,
CA1,Schaffer Collateral-Assoc (i)2311,4-015,4-015-1,11807843,Fig.9 B (0.4 nA),400,400.303,121.0,ASP.,rats,Sprague Dawley,adult,m,120-200,,slice,coronal,450,,124,3.3,2.5,,1.2,,1,25.5,,,15,95,5,34-36,,,,,,intracellular recording,,2000,,,,,,,,,,,,,,,,,,,,,,,2,,,,
CA1,CA1 Interneuron Spec O-Target QuadD (i)2223,4-020,4-020-1,21060720,Fig. 2D,no value,600,122.0,TSTUT.PSTUT,mice,C57BL6,15-25,,,,slice,,300,,124,2.5,2,1.25,,,2,26,,,10,95,5,30-33,,,,,"pH
7.4",whole-cell patch clamp,,,,,,,,2,,10,,,,2,,,0.2,,,,,,,10,0.15-0.2,,,,pH 7.25-7.35; 275-285 mOsm
CA1,CA1 Interneuron Spec LM-R (i)2100,4-021,4-021-1,,,,,123.0,*No_data,,,,,,,,,,,,,,,,,,,,,,,,,,,,,,,,,,,,,,,,,,,,,,,,,,,,,,,,,,,
CA1,CA1 Interneuron Spec LMO-O (i)2003,4-022,4-022-1,,,,,124.0,*No_data,,,,,,,,,,,,,,,,,,,,,,,,,,,,,,,,,,,,,,,,,,,,,,,,,,,,,,,,,,,
CA1,CA1 Back Projection (i)1133p,4-023,4-023-1,8085161,Fig.4A,239.43655,195.06174,125.0,NASP,rats,,,,,,in vivo,,,,,,,,,,,,,,,,,,,,,,,intracellular recording,,,,1000,,,,,,,,,,,,,,,,,,,,,3,,,,
CA1,CA1 Radiatum (i)0300,4-028,4-028-1,9503336,Fig.3Ba,300,211.304066,126.0,ASP.,rats,Wistar,young adult,f,>120,,slice,horizontal,400,,126,3,2,1.25,,,2,24,,,10,95,5,34-35,,,,,,intracellular recording,,1500,,,,,,,,,,,,,,,,,,,,,,,2,,,,occasionally  filled with 1.5 M KCl
CA1,CA1 Radiatum (i)0300,4-028,4-028-1,11807843,Fig.10 B ,200,346,127.0,NASP,rats,Sprague Dawley,adult,m,120-200,,slice,coronal,450,,124,3.3,2.5,,1.2,,1,25.5,,,15,95,5,34-36,,,,,,intracellular recording,,2000,,,,,,,,,,,,,,,,,,,,,,,2,,,,
CA1,CA1 Radiatum (i)0300,4-028,4-028-1,11807843,Fig.11G (0.6 nA),600,367.019,128.0,NASP,rats,Sprague Dawley,adult,m,120-200,,slice,coronal,450,,124,3.3,2.5,,1.2,,1,25.5,,,15,95,5,34-36,,,,,,intracellular recording,,2000,,,,,,,,,,,,,,,,,,,,,,,2,,,,
CA1,CA1 Radiatum (i)0300,4-028,4-028-1,11807843,Fig.11G (0.8 nA),800,359.381,129.0,RASP.ASP.,rats,Sprague Dawley,adult,m,120-200,,slice,coronal,450,,124,3.3,2.5,,1.2,,1,25.5,,,15,95,5,34-36,,,,,,intracellular recording,,2000,,,,,,,,,,,,,,,,,,,,,,,2,,,,
CA1,CA1 Interneuron Spec O-R (i)0102,4-031,4-031-1,24097043,Fig. 3b(red),60.9934,724.66035,130.0,NASP,mice,Htr3a-GFP,14-21,,,,slice,transverse,300,,130,3.5,2.5,1.25,,1.5,,24,,,10,95,5,32-34,,,,,pH 7.4,whole-cell patch clamp,,,150,,,,,3,,10,,0.5,,,2,,0.3,,,,,,,,0.2,,,,"0.3 Na2GTP; pH was adjusted to 7.4 with KOH (~300 mOsm, free K+ ~ 155mM)."
CA1,CA1 SO-SO (i)0003,4-033,4-033-1,11807843,Fig.8E (top trace),200,396.017705,131.0,RASP.NASP,rats,Sprague Dawley,adult,m,120-200,,slice,coronal,450,,124,3.3,2.5,,1.2,,1,25.5,,,15,95,5,34-36,,,,,,intracellular recording,,2000,,,,,,,,,,,,,,,,,,,,,,,2,,,,
CA1,CA1 SO-SO (i) 0003,4-033,4-033-1,11807843,Fig.8E (bottom trace),400,399.5575157,132.0,ASP.,rats,Sprague Dawley,adult,m,120-200,,slice,coronal,450,,124,3.3,2.5,,1.2,,1,25.5,,,15,95,5,34-36,,,,,,intracellular recording,,2000,,,,,,,,,,,,,,,,,,,,,,,2,,,,
CA1,CA1 SO-SO (i)0003,4-033,4-033-1,21795545,Fig. 8K (red trace),75.205,771.695,133.0,RASP.,mice,GAD65-GFP,15-30,,,,slice ,transverse,300,,130,3.5,2.5,1.25,,1.5,,24,,,10,95,5,32-34,,,,,"pH
7.4",whole-cell patch clamp,,,150,,,,,3,,10,,0.5,,,2,,,,0.3,,,,,,0.2,,,,"pH was adjusted to 7.4 with KOH (~300 mOsm, free K+ ~ 155mM)"
CA1,CA1 SO-SO (i)0003,4-033,4-033-1,21795545,Fig. 8K (grey trace),153.6585,779.07,134.0,ASP.,mice,GAD65-GFP,15-30,,,,slice ,transverse,300,,130,3.5,2.5,1.25,,1.5,,24,,,10,95,5,32-34,,,,,"pH
7.4",whole-cell patch clamp,,,150,,,,,3,,10,,0.5,,,2,,,,0.3,,,,,,0.2,,,,"pH was adjusted to 7.4 with KOH (~300 mOsm, free K+ ~ 155mM)"
CA1,CA1 Trilaminar (i)0113p,4-035,4-035-1,7472426,Fig. 8F         ,400,197.75098,135.0,NASP,rats,Sprague Dawley,,,250-350,,in vivo,,,,,,,,,,,,,,,,,body  temperature,,,,,,intracellular recording,,,,1000,,,,,,,,,,,,,,,,,,,,,3,,,,50 mM Tris buffer
CA1,CA1 Trilaminar (i)0113p,4-035,4-035-1,21795545,Fig. 7G (red trace),23.529,764.169,136.0,ASP.SLN,mice,Nkx2-1Cre:RCE,15-30,,,,slice ,transverse,300,,130,3.5,2.5,1.25,,1.5,,24,,,10,95,5,32-34,,,,,"pH
7.4",whole-cell patch clamp,,,150,,,,,3,,10,,0.5,,,2,,,,0.3,,,,,,0.2,,,,"pH was adjusted to 7.4 with KOH (~300 mOsm, free K+ ~ 155mM)"
CA1,CA1 Trilaminar (i)0113p,4-035,4-035-1,21795545,Fig. 7G (grey trace)   ,47,772.585,137.0,ASP.,mice,Nkx2-1Cre:RCE,15-30,,,,slice ,transverse,300,,130,3.5,2.5,1.25,,1.5,,24,,,10,95,5,32-34,,,,,"pH
7.4",whole-cell patch clamp,,,150,,,,,3,,10,,0.5,,,2,,,,0.3,,,,,,0.2,,,,"pH was adjusted to 7.4 with KOH (~300 mOsm, free K+ ~ 155mM)"
CA1,CA1 Axo-Axonic (i)2232,4-036,4-036-2,8035215,Fig. 5D,300,459.984614,138.0,D.TSWB.NASP,rats,Wistar,young adult,f,,,slice,horizontal,400,,126,3,2,1.25,,,2,24,,,10,95,5,34-35,,,,,30 min incubation in modified ACSF with replaced 126 mM NaCl to 256 sucrose,intracellular recording,,1500,,,,,,,,,,,,,,,,,,,,,,,2,,,,
CA1,CA1 Axo-Axonic (i)2232,4-036,4-036-2,8035215,Fig. 5E,500,447.269102,139.0,ASP.,rats,Wistar,young adult,f,,,slice,horizontal,400,,126,3,2,1.25,,,2,24,,,10,95,5,34-35,,,,,30 min incubation in modified ACSF with replaced 126 mM NaCl to 256 sucrose,intracellular recording,,1500,,,,,,,,,,,,,,,,,,,,,,,2,,,,
CA1,CA1 Axo-Axonic (i)2232,4-036,4-036-2,8035215,Fig. 5F,700,444.270067,140.0,ASP.,rats,Wistar,young adult,f,,,slice,horizontal,400,,126,3,2,1.25,,,2,24,,,10,95,5,34-35,,,,,30 min incubation in modified ACSF with replaced 126 mM NaCl to 256 sucrose,intracellular recording,,1500,,,,,,,,,,,,,,,,,,,,,,,2,,,,
CA1,CA1 Axo-Axonic (i)2232,4-036,4-036-1,11807843,Fig. 4 B top,400,358.79773,141.0,PSTUT,rats,Sprague Dawley,adult,m,120-200,,slice,coronal,450,,124,3.3,2.5,,1.2,,1,25.5,,,15,95,5,34-36,,,,,,intracellular recording,,2000,,,,,,,,,,,,,,,,,,,,,,,2,,,,
CA1,CA1 Axo-Axonic (i)2232,4-036,4-036-1,11807843,Fig. 4 B bottom,600,356.61226,142.0,PSTUT,rats,Sprague Dawley,adult,m,120-200,,slice,coronal,450,,124,3.3,2.5,,1.2,,1,25.5,,,15,95,5,34-36,,,,,,intracellular recording,,2000,,,,,,,,,,,,,,,,,,,,,,,2,,,,
CA1,CA1 Horizontal AA (i)0012,4-038,4-038-1,21795545,Fig. 7D (grey trace)   ,170.54805,571.76,143.0,NASP,mice,Nkx2-1Cre:RCE,15-30,,,,slice ,transverse,300,,130,3.5,2.5,1.25,,1.5,,24,,,10,95,5,32-34,,,,,"pH
7.4",whole-cell patch clamp,,,150,,,,,3,,10,,0.5,,,2,,,,0.3,,,,,,0.2,,,,"pH was adjusted to 7.4 with KOH (~300 mOsm, free K+ ~ 155mM)"
CA1,CA1 Horizontal BC (i)0012,4-039,4-039-1,20421280,Fig.1B (O-R),200,778.88624,144.0,ASP.,rats,Wistar,14-26,m,,,slice,horizontal,400,,126,2.5,2,1.25,,2,,26,,,10,95,5,34-37,,,,,,whole-cell patch clamp,,,126,,,6,4,,,10,,,,,4,,0.3,,,,,,,10,0.5,,,,pH 7.38; 284Ð290 mosmol/l; GTP-tris 
CA1,CA1 Horizontal BC (i)0012,4-039,4-039-1,21795545,Fig. 8A (grey trace),50.685,775.76,145.0,NASP,mice,GAD65-GFP,15-30,,,,slice ,transverse,300,,130,3.5,2.5,1.25,,1.5,,24,,,10,95,5,32-34,,,,,"pH
7.4",whole-cell patch clamp,,,150,,,,,3,,10,,0.5,,,2,,,,0.3,,,,,,0.2,,,,"pH was adjusted to 7.4 with KOH (~300 mOsm, free K+ ~ 155mM)"
CA1,CA1 Hippocampo-subicular Proj ENK+ (i)0313p,4-041,4-041-1,,,,,146.0,*No_data,,,,,,,,,,,,,,,,,,,,,,,,,,,,,,,,,,,,,,,,,,,,,,,,,,,,,,,,,,,
CA!,Schaffer Collateral-Correlated (i)0303,4-048,4-048-1,,,,,286.0,*No_data,,,,,,,,,,,,,,,,,,,,,,,,,,,,,,,,,,,,,,,,,,,,,,,,,,,,,,,,,,,
CA1,CA1 Radiatum Giant (e)2201,4-054,4-054-1,17185334,Fig.5A,700,625.41042,147.0,RASP.SLN,rats,Sprague Dawley,42-70,,,,slice,,400,,125,2.5,2,1.25,,2,,25,,,10,,,32-34,,,,,,whole-cell patch clamp,,120,,,,20,,2,,10,,0.2,,,,4,0.3,,,,,,,,0.1-0.3,,,,pH 7.3 with KOH; GTP-tris
CA1,CA1 Radiatum Giant (e)-2201,4-054,4-054-1,17185334,Fig5B,500,600.05203,148.0,NASP,rats,Sprague Dawley,42-70,,,,slice,,400,,125,2.5,2,1.25,,2,,25,,,10,,,32-34,,,,,,whole-cell patch clamp,,120,,,,20,,2,,10,,0.2,,,,4,0.3,,,,,,,,0.1-0.3,,,,pH 7.3 with KOH; GTP-tris
CA1,CA1 Radiatum Giant (e)-2201,4-054,4-054-2,10864941,Fig.2Bb,1000,1600,148.1,TSTUT.,rats,Sabra,,,>150,,slice,transverse,250,,125,2.5,2.5,,,1,,26.7,13,,12.5,,,,,,,,"pH 7.3, 300 mOsm",whole-cell patch clamp,,,120,,,,4,2,1,10,,1,,,,,,,,,,,,,,,,,
CA1,CA1 Oriens/Alveus (i)2233,4-055,4-055-1,3612227,Fig. 4A2  ,617.8573,100.696,149.0,ASP.,gunea pigs,Hartley,,,200-400,,slice,transverse,450-500," For some experiments, longitudinal slices (500 mm thick) were obtained from the middle half of the hippocampus.",124,5,2,1.25,,,2,26,,,10,95,5,35,,,,,,intracellular recording,,,,4000,,10,,,,,,,,,,,,,,,,,,,,4,,,"For morphological analysis, m/e was filled 4% LY in 1 M LiCl"
CA1,CA1 Oriens/Alveus (i)2233,4-055,4-055-1,3612227,Fig. 5A2  ,520.4825,100.354,150.0,NASP,gunea pigs,Hartley,,,200-400,,slice,transverse,450-500," For some experiments, longitudinal slices (500 mm thick) were obtained from the middle half of the hippocampus.",124,5,2,1.25,,,2,26,,,10,95,5,35,,,,,,intracellular recording,,,,4000,,10,,,,,,,,,,,,,,,,,,,,4,,,"For morphological analysis, m/e was filled 4% LY in 1 M LiCl"
CA1,CA1 Oriens/Alveus (i)2233,4-055,4-055-1,3612227,Fig. 8  ,442.857,105.648,151.0,RASP.NASP,gunea pigs,Hartley,,,200-400,,slice,transverse,450-500," For some experiments, longitudinal slices (500 mm thick) were obtained from the middle half of the hippocampus.",124,5,2,1.25,,,2,26,,,10,95,5,35,,,,,,intracellular recording,,,,4000,,10,,,,,,,,,,,,,,,,,,,,4,,,"For morphological analysis, m/e was filled 4% LY in 1 M LiCl"
CA1,CA1 Oriens/Alveus (i)2233,4-055,4-055-1,3612227,Fig. 9A  ,554.687,113,152.0,NASP,gunea pigs,Hartley,,,200-400,,slice,transverse,450-500," For some experiments, longitudinal slices (500 mm thick) were obtained from the middle half of the hippocampus.",124,5,2,1.25,,,2,26,,,10,95,5,35,,,,,,intracellular recording,,,,4000,,10,,,,,,,,,,,,,,,,,,,,4,,,"For morphological analysis, m/e was filled 4% LY in 1 M LiCl"
CA1,CA1 Interneuron Spec LMR-R (i)2300,4-056,4-056-1,,,,,153.0,*No_data,,,,,,,,,,,,,,,,,,,,,,,,,,,,,,,,,,,,,,,,,,,,,,,,,,,,,,,,,,,
CA1,CA1 R-Recv Apical-Target (i)1300,4-061,4-061-2,21795545,"Fig.8D, red trace",119.251535,756.19065,154.0,RASP.,mice,GAD65-GFP,15-30,,,,slice ,transverse,300,,130,3.5,2.5,1.25,,1.5,,24,,,10,95,5,32-34,,,,,"pH
7.4",whole-cell patch clamp,,,150,,,,,3,,10,,0.5,,,2,,,,0.3,,,,,,0.2,,,,"pH was adjusted to 7.4 with KOH (~300 mOsm, free K+ ~ 155mM)"
CA1,CA1 R-Recv Apical-Target (i)1300,4-061,4-061-2,21795545,"Fig.8D, grey trace",252.2506775,753.934603,155.0,ASP.,mice,GAD65-GFP,15-30,,,,slice ,transverse,300,,130,3.5,2.5,1.25,,1.5,,24,,,10,95,5,32-34,,,,,"pH
7.4",whole-cell patch clamp,,,150,,,,,3,,10,,0.5,,,2,,,,0.3,,,,,,0.2,,,,"pH was adjusted to 7.4 with KOH (~300 mOsm, free K+ ~ 155mM)"
CA1,CA1 R-Recv Apical-Target (i)1300,4-061,4-061-1,21795545,"Fig.7I, grey trace",45.936145,769.36779,156.0,NASP,mice,Nkx2-1Cre:RCE,15-30,,,,slice ,transverse,300,,130,3.5,2.5,1.25,,1.5,,24,,,10,95,5,32-34,,,,,"pH
7.4",whole-cell patch clamp,,,150,,,,,3,,10,,0.5,,,2,,,,0.3,,,,,,0.2,,,,"pH was adjusted to 7.4 with KOH (~300 mOsm, free K+ ~ 155mM)"
CA1,CA1 OR-LM (i)1202,4-066,4-066-1,10777798,Fig.7 b (middle),100,483.788,157.0,NASP,mice,EGFP-expressing transgenic,10-14,,,,slice,transverse,250-300,,125,2.5,2,,1.25,1,,25,,,25,95,5,,,,,,,whole-cell patch clamp,,,120,,,20,,2,,10,,10,,,,,,,,,,,,,,,,,pH 7.3Ð7.4
CA1,CA1 OR-LM (i)1202,4-066,4-066-1,10777798,Fig.7 b (top),150,506.091,158.0,NASP,mice,EGFP-expressing transgenic,10-14,,,,slice,transverse,250-300,,125,2.5,2,,1.25,1,,25,,,25,95,5,,,,,,,whole-cell patch clamp,,,120,,,20,,2,,10,,10,,,,,,,,,,,,,,,,,pH 7.3Ð7.4
CA1,CA1 Oriens-Bistratified Proj (i)1113p,4-068,4-068-1,,,,,159.0,*No_data,,,,,,,,,,,,,,,,,,,,,,,,,,,,,,,,,,,,,,,,,,,,,,,,,,,,,,,,,,,
CA1,CA1 O-LM (i)1002,4-069,4-069-1,7472426,Fig.5C,400,210.258,160.0,NASP,rats,Sprague Dawley,,,250-350,,in vivo,,,,,,,,,,,,,,,,,body  temperature,,,,,,intracellular recording,,,,1000,,,,,,,,,,,,,,,,,,,,,3,,,,50 mM Tris buffer
CA1,CA1 O-LM (i)1002,4-069,4-069-1,978-0-19-510027-3,"Fig.5-24, A2 ",no value,995.23,161.0,NASP,,,,,,,,,,,,,,,,,,,,,,,,,,,,,,,,,,,,,,,,,,,,,,,,,,,,,,,,,,,
CA1,CA1 PPA QuadD (i)3222,4-076,4-076-1,21795545,Fig. 7F (red trace),50.9305,759.521,162.0,NASP,mice,Nkx2-1Cre:RCE,15-30,,,,slice ,transverse,300,,130,3.5,2.5,1.25,,1.5,,24,,,10,95,5,32-34,,,,,"pH
7.4",whole-cell patch clamp,,,150,,,,,3,,10,,0.5,,,2,,,,0.3,,,,,,0.2,,,,"pH was adjusted to 7.4 with KOH (~300 mOsm, free K+ ~ 155mM)"
CA1,CA1 PPA QuadD (i)3222,4-076,4-076-1,21795545,Fig. 7F (grey trace),100.952,764,163.0,NASP,mice,Nkx2-1Cre:RCE,15-30,,,,slice ,transverse,300,,130,3.5,2.5,1.25,,1.5,,24,,,10,95,5,32-34,,,,,"pH
7.4",whole-cell patch clamp,,,150,,,,,3,,10,,0.5,,,2,,,,0.3,,,,,,0.2,,,,"pH was adjusted to 7.4 with KOH (~300 mOsm, free K+ ~ 155mM)"
CA1,CA1 Basket (i)2232,4-078,4-078-1,11807843,Fig.3F(top),400,393.19373,164.0,TSTUT.,rats,Sprague Dawley,adult,m,120-200,,slice,coronal,450,,124,3.3,2.5,,1.2,,1,25.5,,,15,95,5,34-36,,,,,,intracellular recording,,2000,,,,,,,,,,,,,,,,,,,,,,,2,,,,
CA1,CA1 Basket (i)2232,4-078,4-078-1,11807843,Fig.3F(bottom),600,394.93891,165.0,ASP.SLN,rats,Sprague Dawley,adult,m,120-200,,slice,coronal,450,,124,3.3,2.5,,1.2,,1,25.5,,,15,95,5,34-36,,,,,,intracellular recording,,2000,,,,,,,,,,,,,,,,,,,,,,,2,,,,
CA1,CA1 Basket (i)2232,4-078,4-078-1,21795548,Fig.1A,no value,1400.4854,166.0,NASP,rats,Sprague Dawley,16-22,"m,f",,,slice,transverse,350,,126,2.5,2.5,1.25,,2,,26,,,10,95,5,33,,,,,,whole-cell patch clamp,,,126,,,4,,,,10,,,,,4,,,0.3,,,,10,,,0.2,,,,"pH 7.2, 270 Ð 290 mOsm"
CA1,CA1 Basket (i)2232,4-078,4-078-1,21795545,"Fig. 7A (depolarization,grey)   ",308.725,784.15,167.0,NASP,mice,Nkx2-1Cre:RCE,15-30,,,,slice ,transverse,300,,130,3.5,2.5,1.25,,1.5,,24,,,10,95,5,32-34,,,,,"pH
7.4",whole-cell patch clamp,,,150,,,,,3,,10,,0.5,,,2,,,,0.3,,,,,,0.2,,,,"pH was adjusted to 7.4 with KOH (~300 mOsm, free K+ ~ 155mM)"
CA1,CA1 BC CCK+ (i)2232,4-079,4-079-1,11784700,Fig.4A1,50,931.07283,168.0,ASP.,rats,Wistar,11-17,m,,,slice,horizontal,300,,130,3.5,2,1.25,,,1,24,,,10,95,5,34-36,,,,,,whole-cell patch clamp,,,126,,,4,,,,10,,,,,4,,,0.3,,,,,10,,0.5,,,,
CA1,CA1 BC CCK+ (i)2232,4-079,4-079-1,11784700,Fig.4B1,325,933.72785,169.0,RASP.ASP.,rats,Wistar,11-17,m,,,slice,horizontal,300,,130,3.5,2,1.25,,,1,24,,,10,95,5,34-36,,,,,,whole-cell patch clamp,,,126,,,4,,,,10,,,,,4,,,0.3,,,,,10,,0.5,,,,
CA1, CA1 Bistratified (i)0333,4-080,4-080-1,11807843,"Fig 5B ( top, 0.4 nA)",400,375.74581,171.0,PSTUT,rats,Sprague Dawley,adult,m,120-200,,slice,coronal,450,,124,3.3,2.5,,1.2,,1,25.5,,,15,95,5,34-36,,,,,,intracellular recording,,2000,,,,,,,,,,,,,,,,,,,,,,,2,,,,
CA1, CA1 Bistratified (i)0333,4-080,4-080-1,11807843,"Fig 5B ( bottom, 0.6nA)",600,376.31601,172.0,ASP.,rats,Sprague Dawley,adult,m,120-200,,slice,coronal,450,,124,3.3,2.5,,1.2,,1,25.5,,,15,95,5,34-36,,,,,,intracellular recording,,2000,,,,,,,,,,,,,,,,,,,,,,,2,,,,
CA1, CA1 Bistratified (i)0333        ,4-080,4-080-1,11807843,Fig.5G (0.4 nA)  ,400,417.882,173.0,PSTUT,rats,Sprague Dawley,adult,m,120-200,,slice,coronal,450,,124,3.3,2.5,,1.2,,1,25.5,,,15,95,5,34-36,,,,,,intracellular recording,,2000,,,,,,,,,,,,,,,,,,,,,,,2,,,,
CA1, CA1 Bistratified (i)0333        ,4-080,4-080-1,11807843,Fig.5G (0.6 nA)  ,600,413.91,174.0,ASP.,rats,Sprague Dawley,adult,m,120-200,,slice,coronal,450,,124,3.3,2.5,,1.2,,1,25.5,,,15,95,5,34-36,,,,,,intracellular recording,,2000,,,,,,,,,,,,,,,,,,,,,,,2,,,,
CA1,CA1 Ivy (i)0333,4-081,4-081-1,18367092,Fig.6B,600,218.829,175.0,ASP.,rats,Wistar,,m,140-200,,slice,coronal,450,,124,3.3,2.5,,1.2,,1,25.5,,,15,95,5,34-35,,,,,,intracellular recording,,2000,,,,,,,,,,,,,,,,,,,,,,,2,,,,
CA1,CA1 Ivy (i)0333,4-081,4-081-1,18367092,Fig. 6B ( 0.8 nA)       ,800,217,176.0,ASP.,rats,Wistar,,m,140-200,,slice,coronal,450,,124,3.3,2.5,,1.2,,1,25.5,,,15,95,5,34-35,,,,,,intracellular recording,,2000,,,,,,,,,,,,,,,,,,,,,,,2,,,,
CA1,Oriens-Bistratified (i)0103,4-083,4-083-1,24097043,"Fig.3a, grey ",521.041115,691.08131,177.0,PSTUT,mice,Htr3a-GFP,14-21,,,,slice,transverse,300,,130,3.5,2.5,1.25,,1.5,,24,,,10,95,5,32-34,,,,,pH 7.4,whole-cell patch clamp,,,150,,,,,3,,10,,0.5,,,2,,0.3,,,,,,,,0.2,,,,"0.3 Na2GTP; pH was adjusted to 7.4 with KOH (~300 mOsm, free K+ ~ 155mM)."
CA1,Oriens-Bistratified (i)0103,4-083,4-083-2,25716860,Fig.4B_gray,200,500,177.1,ASP.,mice,Nkx2-1-cre:RCE,,,,,slice,horizontal,400,,130,3,1,1.25,,5,,26,,,10,,,34,,,,,,whole-cell patch clamp,,,150,,,,,3,,10,,0.5,,,2,,,,0.3,,,,,,2 mg/ml,,,,
CA1,Oriens-Bistratified (i)0103,4-083,4-083-3,21795545,Fig.7B_red,200,600,177.2,TSTUT.SLN,mice,Nkx2-1Cre:RCE,14-21,,,,slice,transverse,300,,130,3.5,2.5,1.25,,1.5,,24,,,10,95,5,32-34,,,,,pH 7.4,whole-cell patch clamp,,,150,,,,,3,,10,,0.5,,,2,,,,0.3,,,,,,2 mg/ml,,,,"pH 7.4 with KOH (~300 mOsm; free K+, ~155 mM) "
CA1,Oriens-Bistratified (i)0103,4-083,4-083-4,21795545,Fig.7B_gray,200,600,177.3,NASP,mice,Nkx2-1Cre:RCE,14-21,,,,slice,transverse,300,,130,3.5,2.5,1.25,,1.5,,24,,,10,95,5,32-34,,,,,pH 7.4,whole-cell patch clamp,,,150,,,,,3,,10,,0.5,,,2,,,,0.3,,,,,,2 mg/ml,,,,"pH 7.4 with KOH (~300 mOsm; free K+, ~155 mM) "
CA1,CA1 Schaffer Coll-Receiving R-Target (i)0322,4-084,4-084-1,,,,,178.0,*No_data,,,,,,,,,,,,,,,,,,,,,,,,,,,,,,,,,,,,,,,,,,,,,,,,,,,,,,,,,,,
CA1,CA1 O-LMR (i)1102,4-087,4-087-1,20421280,"Fig. 1B,  OLM",200,804.04,179.0,TSTUT.NASP,rats,Wistar,14-26,m,,,slice,horizontal,400,,126,2.5,2,1.25,,2,,26,,,10,95,5,34-37,,,,,,whole-cell patch clamp,,,126,,,6,4,,,10,,,,,4,,0.3,,,,,,,10,0.5,,,,pH 7.38; 284Ð290 mosmol/l; GTP-tris 
CA1,CA1 Recurrent O-LM (i)1003,4-089,4-089-1,9490837,Fig. 2A( bottom),200,533.550703,180.0,ASP.,rats,Sprague Dawley,,m,90-150,,slice,coronal,450-500,,124,3.3,2.5,,1.2,,1,25.5,,,15,95,5,34-35,,,,,,intracellular recording,,2000,,,,,,,,,,,,,,,,,,,,,,,2,,,,
CA1,CA1 Recurrent O-LM (i)1003,4-089,4-089-1,9490837,"Fig. 2A(inset, bottom)",400,575.4194,181.0,NASP,rats,Sprague Dawley,,m,90-150,,slice,coronal,450-500,,124,3.3,2.5,,1.2,,1,25.5,,,15,95,5,34-35,,,,,,intracellular recording,,2000,,,,,,,,,,,,,,,,,,,,,,,2,,,,
CA1,CA1 Recurrent O-LM (i)1003,4-089,4-089-1,9490837,"Fig. 2A(inset, top)",800,568.42607,182.0,ASP.,rats,Sprague Dawley,,m,90-150,,slice,coronal,450-500,,124,3.3,2.5,,1.2,,1,25.5,,,15,95,5,34-35,,,,,,intracellular recording,,2000,,,,,,,,,,,,,,,,,,,,,,,2,,,,
CA1,CA1 Interneuron Spec R-O (i)0221,4-091,4-091-1,,,,,183.0,*No_data,,,,,,,,,,,,,,,,,,,,,,,,,,,,,,,,,,,,,,,,,,,,,,,,,,,,,,,,,,,
CA1,CA1 Interneuron Spec RO-O (i)0203,4-093,4-093-1,,,,,184.0,*No_data,,,,,,,,,,,,,,,,,,,,,,,,,,,,,,,,,,,,,,,,,,,,,,,,,,,,,,,,,,,
CA1,CA1 Cajal-Retzius (e)3000,4-094,4-094-1,25253849,Fig.2D,70,1000,185.0,TSTUT.SLN,mice,transgenic,8-18,"m,f",,,slice,,400,,130,3.5,1,1.25,,2,,24,,,10,95,5,34-35,,,,,,whole-cell patch clamp,,,,,,,,,,,10,,,,4,,,0.3,,,,,,,0.3-0.5,,,,"125 Cs-methanesulfonate, 16 KHCO3, 95% O2, 5% CO2, pH 7.3"
CA1,CA1 Cajal-Retzius (e)3000,4-094,4-094-1,23536064,Fig.8A,40,1000,185.1,TSTUT.SLN,mice,CXCR4 ÐEGFP,10-19,"m,f",,,slice,,350,,130,3.5,1,1.25,,2,,24,,,10,95,5,34-35,,,,,pH 7.4,whole-cell patch clamp,,,,,,125,10,,,,10,,,,4,,,,,0.3,,,,,0.3-0.5,,,,"16 mM KHCO3, 95% O2, 5% CO2 to a pH 7.3"
CA1,CA1 QuadD-RP (i)2332,4-095,4-095-1,,,,,283.0,*No_data,,,,,,,,,,,,,,,,,,,,,,,,,,,,,,,,,,,,,,,,,,,,,,,,,,,,,,,,,,,
CA1,CA1 IS LMR-O (i)2201,4-096,4-096-1,,,,,290.0,NASP,mice,VIP-eGFP or B6(Cg)-Calb2tm1(cre)Zjh/J ,19-135,"m,f",,,slice,transverse,300,,124,2.5,2,1.25,,,2,26,,,10,95,5,32±1,,,,,,whole-cell patch clamp,,130,,,,,,2,,10,,,,2,,,0.2,,,,,,,10,0.3,,,,pH 7.2-7.3; 280-290 mOsm/L
CA1,CA1 Recurrent O-LMRP (i)1113,4-097,4-097-1,,,,,291.0,ASP.,mice,CRXCR4-EGFP,,,,,slice,,350,,130,3.5,2,1.25,,1,,24,,,10,95,5,30-32,,,,,,whole-cell patch clamp,,105,,,,20,10,,,,,,,,4,,,,,0.3,,,,,0.3-0.5,,,,16 mM KHCO3; pH 7.3
CA1,CA1 R-RO (i)0301,4-100,4-100-1,,,,,287.0,*No_data,,,,,,,,,,,,,,,,,,,,,,,,,,,,,,,,,,,,,,,,,,,,,,,,,,,,,,,,,,,
CA1,CA1 RP-RPO (i)0331,4-101,4-101-1,,,,,285.0,*No_data,,,,,,,,,,,,,,,,,,,,,,,,,,,,,,,,,,,,,,,,,,,,,,,,,,,,,,,,,,,
CA1,CA1 LMR-LM (i)3200,4-102,4-102-1,,,,,282.0,*No_data,,,,,,,,,,,,,,,,,,,,,,,,,,,,,,,,,,,,,,,,,,,,,,,,,,,,,,,,,,,
CA1,CA1 Trilayer Basket (i)0232,4-104,4-104-1,,,,,288.0,*No_data,,,,,,,,,,,,,,,,,,,,,,,,,,,,,,,,,,,,,,,,,,,,,,,,,,,,,,,,,,,
CA1,CA1 Trilayer Basket CCK+ (i)0232,4-105,4-105-1,20534847,Fig. 1A,80,995.998685,292.0,ASP.,rats,Spargue Dawley,17-22,,,,slice,travsverse,350,,126,2.5,2,1.25,,2,,26,,,10,,,33,,,,,,whole-cell patch clamp,,,126,,,4,,,,10,,,,,4,,,0.3,,,,10,,,0.2,,,,pH 7.2; 270-290 mOsm
CA1,CA1 Trilayer Basket CCK+ (i)2232,4-105,4-105-1,21795548,Fig.1B,no value,1472.6368,293.0,RASP.ASP.,rats,Sprague Dawley,16-22,"m,f",,,slice,transverse,350,,126,2.5,2.5,1.25,,2,,26,,,10,95,5,33,,,,,,whole-cell patch clamp,,,126,,,4,,,,10,,,,,4,,,0.3,,,,10,,,0.2,,,,"pH 7.2, 270 Ð 290 mOsm"
CA1,CA1 Trilayer Basket CCK+ (i)0232,4-105,4-105-1,22199168,Fig. 1B(top),no value,1008.07873,294.0,ASP.,mice,GAD65-GFP,15-20,,,,slice,transverse,300,,130,3.5,2,1.25,,2,,25,,,10,95,5,30-36,,,,,,whole-cell patch clamp,,,135,,,20,,,,10,,0.1,,,2,,,,0.3,,,,,,,,,,
CA1,CA1 Trilayer Axo-axonic (i)0232,4-106,4-106-1,,,,,289.0,*No_data,,,,,,,,,,,,,,,,,,,,,,,,,,,,,,,,,,,,,,,,,,,,,,,,,,,,,,,,,,,
CA1,CA1 LMR-R (i)2300,4-107,4-107-1,,,,,284.0,*No_data,,,,,,,,,,,,,,,,,,,,,,,,,,,,,,,,,,,,,,,,,,,,,,,,,,,,,,,,,,,
CA1,CA1 Horizontal Basket CCK+ (i)0012,4-139,4-139-1,24097043,Fig. S2b,no value,434.37772,295.0,RASP.NASP,mice,"Nkx2-1-cre:RCE, Nkx2-1-cre:tdTOM, Htr3a-GFP, Htr3a-cre:tdTOM, Mash1-creER:RCE",14-21,"m,f",,,slice,transverse,300,,130,3.5,2.5,1.25,,1.5,,24,,,10,95,5,32-34,,,,,,whole-cell patch clamp,,,150,,,,,3,,10,,0.5,,,2,,,,0.3,,,,,,2 mg/ml,,,,"pH 7.4; 300 mOsm, free K+ 155 mM"
SUB,SUB EC-Projecting Pyramidal (e)331p,5-001,5-001-1,,,,,186.0,*No_data,,,,,,,,,,,,,,,,,,,,,,,,,,,,,,,,,,,,,,,,,,,,,,,,,,,,,,,,,,,
SUB,SUB Axo-Axonic (i)210,5-002,5-002-1,,,,,187.0,*No_data,,,,,,,,,,,,,,,,,,,,,,,,,,,,,,,,,,,,,,,,,,,,,,,,,,,,,,,,,,,
SUB,SUB CA1-Proj Pyramidal (e)331p,5-005,5-005-2,15700275,"Fig.1A, control RS",no value,808.571,188.0,NASP,rats,Wistar,28-35,,150-230,,slice,horizontal,400,,129,3,1.6,1.25,,,1.8,21,,,10,95,5,30-34,,,,,"pH
7.4",whole-cell patch clamp,,,135,,,6,,2,,10,,,,,,,,,,,,,,,0.5,,,,pH 7.3 (KOH)
SUB,SUB CA1-Proj Pyramidal (e)331p,5-005,5-005-1,15700275,"Fig.1A, control HTB",no value,798.64,189.0,RASP.ASP.,rats,Wistar,28-35,,150-230,,slice,horizontal,400,,129,3,1.6,1.25,,,1.8,21,,,10,95,5,30-34,,,,,"pH
7.4",whole-cell patch clamp,,,135,,,6,,2,,10,,,,,,,,,,,,,,,0.5,,,,pH 7.3 (KOH)
EC,MEC LV Pyramidal (e)331131p,6-002,6-002-1,22161956,Fig.10C1,no value,976.3964,190.0,NASP,rats,Sprague Dawley,14-32,,,,slice,horizontal or semicoronal,400,,126,3,2,1.25,,,2,26,,,10,95,5,34,,,,,osmolarity 300 mOsm; pH = 7.2-7.4,whole-cell patch clamp,,,110,,,10,,,,10,,,,,4,,0.3,,,,,,10,,0.5,,,,pH adjusted with 1 M KOH to 7.2Ð7.3
EC,MEC LV Pyramidal (e)331131p,6-002,6-002-1,22161956,Fig.10C2,200,970.0241,191.0,ASP.,rats,Sprague Dawley,14-32,,,,slice,horizontal or semicoronal,400,,126,3,2,1.25,,,2,26,,,10,95,5,34,,,,,osmolarity 300 mOsm; pH = 7.2-7.4,whole-cell patch clamp,,,110,,,10,,,,10,,,,,4,,0.3,,,,,,10,,0.5,,,,pH adjusted with 1 M KOH to 7.2Ð7.3
EC,MEC LV Pyramidal (e)331131p,6-002,6-002-1,22161956,Fig.10C5,no value,967.99683,192.0,NASP,rats,Sprague Dawley,14-32,,,,slice,horizontal or semicoronal,400,,126,3,2,1.25,,,2,26,,,10,95,5,34,,,,,osmolarity 300 mOsm; pH = 7.2-7.4,whole-cell patch clamp,,,110,,,10,,,,10,,,,,4,,0.3,,,,,,10,,0.5,,,,pH adjusted with 1 M KOH to 7.2Ð7.3
EC,MEC LV Pyramidal (e)331131p,6-002,6-002-1,22161956,Fig.10C6,200,965.08786,193.0,ASP.,rats,Sprague Dawley,14-32,,,,slice,horizontal or semicoronal,400,,126,3,2,1.25,,,2,26,,,10,95,5,34,,,,,osmolarity 300 mOsm; pH = 7.2-7.4,whole-cell patch clamp,,,110,,,10,,,,10,,,,,4,,0.3,,,,,,10,,0.5,,,,pH adjusted with 1 M KOH to 7.2Ð7.3
EC,MEC LV Pyramidal (e)331131p,6-002,6-002-1,22161956,Fig.10C7,200,969.34835,194.0,ASP.SLN,rats,Sprague Dawley,14-32,,,,slice,horizontal or semicoronal,400,,126,3,2,1.25,,,2,26,,,10,95,5,34,,,,,osmolarity 300 mOsm; pH = 7.2-7.4,whole-cell patch clamp,,,110,,,10,,,,10,,,,,4,,0.3,,,,,,10,,0.5,,,,pH adjusted with 1 M KOH to 7.2Ð7.3
EC,MEC LII Stellate (e)331111p,6-003,6-003-1,22161956,Fig. 7C2 ,200,957.05726,195.0,ASP.NASP,rats,Sprague Dawley,14-32,,,,slice,horizontal or semicoronal,400,,126,3,2,1.25,,,2,26,,,10,95,5,34,,,,,osmolarity 300 mOsm; pH = 7.2-7.4,whole-cell patch clamp,,,110,,,10,,,,10,,,,,4,,0.3,,,,,,10,,0.5,,,,pH adjusted with 1 M KOH to 7.2Ð7.3
EC,MEC LII Stellate (e)331111p,6-003,6-003-2,22161956,Fig.7C6,200,991.4837,196.0,RASP.NASP,rats,Sprague Dawley,14-32,,,,slice,horizontal or semicoronal,400,,126,3,2,1.25,,,2,26,,,10,95,5,34,,,,,osmolarity 300 mOsm; pH = 7.2-7.4,whole-cell patch clamp,,,110,,,10,,,,10,,,,,4,,0.3,,,,,,10,,0.5,,,,pH adjusted with 1 M KOH to 7.2Ð7.3
EC,LI-II Pyramidal-Fan (e)331000p,6-005,6-005-1,22162008,Fig.2C1,200,997.77427,197.0,NASP,rats,Sprague Dawley,14-32,,,,slice,horizontal or semicoronal,400,,126,3,2,1.25,,,2,26,,,10,95,5,34,,,,,osmolarity 300 mOsm; pH = 7.2-7.4,whole-cell patch clamp,,,110,,,10,,,,10,,,,,4,,0.3,,,,,,10,,0.5,,,,pH adjusted with 1 M KOH to 7.2Ð7.3
EC,LI-II Pyramidal-Fan (e)331000p,6-005,6-005-1,22162008,Fig.2C2,200,971.03043,198.0,ASP.,rats,Sprague Dawley,14-32,,,,slice,horizontal or semicoronal,400,,126,3,2,1.25,,,2,26,,,10,95,5,34,,,,,osmolarity 300 mOsm; pH = 7.2-7.4,whole-cell patch clamp,,,110,,,10,,,,10,,,,,4,,0.3,,,,,,10,,0.5,,,,pH adjusted with 1 M KOH to 7.2Ð7.3
EC,LI-II Pyramidal-Fan (e)331000p,6-005,6-005-1,22162008,Fig.2C6,200,996.41552,199.0,ASP.,rats,Sprague Dawley,14-32,,,,slice,horizontal or semicoronal,400,,126,3,2,1.25,,,2,26,,,10,95,5,34,,,,,osmolarity 300 mOsm; pH = 7.2-7.4,whole-cell patch clamp,,,110,,,10,,,,10,,,,,4,,0.3,,,,,,10,,0.5,,,,pH adjusted with 1 M KOH to 7.2Ð7.3
EC,Medial LIII Complex Pyramidal (e)313300,6-006,6-006-1,22161956, Fig.9C2,200,975.189,200.0,NASP,rats,Sprague Dawley,14-32,,,,slice,horizontal or semicoronal,400,,126,3,2,1.25,,,2,26,,,10,95,5,34,,,,,osmolarity 300 mOsm; pH = 7.2-7.4,whole-cell patch clamp,,,110,,,10,,,,10,,,,,4,,0.3,,,,,,10,,0.5,,,,pH adjusted with 1 M KOH to 7.2Ð7.3
EC,Medial LIII Complex Pyramidal (e)313300,6-006,6-006-1,22161956, Fig 9C4,no value,971.847,201.0,ASP.NASP,rats,Sprague Dawley,14-32,,,,slice,horizontal or semicoronal,400,,126,3,2,1.25,,,2,26,,,10,95,5,34,,,,,osmolarity 300 mOsm; pH = 7.2-7.4,whole-cell patch clamp,,,110,,,10,,,,10,,,,,4,,0.3,,,,,,10,,0.5,,,,pH adjusted with 1 M KOH to 7.2Ð7.3
EC,Medial LIII Complex Pyramidal (e)313300,6-006,6-006-1,22161956, Fig 9C5,200,949.117,202.0,RASP.ASP.,rats,Sprague Dawley,14-32,,,,slice,horizontal or semicoronal,400,,126,3,2,1.25,,,2,26,,,10,95,5,34,,,,,osmolarity 300 mOsm; pH = 7.2-7.4,whole-cell patch clamp,,,110,,,10,,,,10,,,,,4,,0.3,,,,,,10,,0.5,,,,pH adjusted with 1 M KOH to 7.2Ð7.3
EC,LEC LIII Complex Pyramidal (e)233310,6-007,6-007-1,22162008,Fog.8C1,no value,952.5,203.0,NASP,rats,Sprague Dawley,14-32,,,,slice,horizontal or semicoronal,400,,126,3,2,1.25,,,2,26,,,10,95,5,34,,,,,osmolarity 300 mOsm; pH = 7.2-7.4,whole-cell patch clamp,,,110,,,10,,,,10,,,,,4,,0.3,,,,,,10,,0.5,,,,pH adjusted with 1 M KOH to 7.2Ð7.3
EC,LEC LIII Complex Pyramidal (e)233310,6-007,6-007-1,22162008,Fig.8C2,200,959.39094,204.0,ASP.,rats,Sprague Dawley,14-32,,,,slice,horizontal or semicoronal,400,,126,3,2,1.25,,,2,26,,,10,95,5,34,,,,,osmolarity 300 mOsm; pH = 7.2-7.4,whole-cell patch clamp,,,110,,,10,,,,10,,,,,4,,0.3,,,,,,10,,0.5,,,,pH adjusted with 1 M KOH to 7.2Ð7.3
EC,LEC LIII Complex Pyramidal (e)233310,6-007,6-007-1,22162008,Fig.8C5,200,980.59222,205.0,ASP.,rats,Sprague Dawley,14-32,,,,slice,horizontal or semicoronal,400,,126,3,2,1.25,,,2,26,,,10,95,5,34,,,,,osmolarity 300 mOsm; pH = 7.2-7.4,whole-cell patch clamp,,,110,,,10,,,,10,,,,,4,,0.3,,,,,,10,,0.5,,,,pH adjusted with 1 M KOH to 7.2Ð7.3
EC,MEC LII PC-Multiform (e)-233111,6-008,6-008-1,22162008,Fig. 7 C1,200,1000.81,206.0,NASP,rats,Sprague Dawley,14-32,,,,slice,horizontal or semicoronal,400,,126,3,2,1.25,,,2,26,,,10,95,5,34,,,,,osmolarity 300 mOsm; pH = 7.2-7.4,whole-cell patch clamp,,,110,,,10,,,,10,,,,,4,,0.3,,,,,,10,,0.5,,,,pH adjusted with 1 M KOH to 7.2Ð7.3
EC,MEC LII PC-Multiform (e)-233111,6-008,6-008-1,22162008,Fig. 7C2,200,998.959,207.0,ASP.,rats,Sprague Dawley,14-32,,,,slice,horizontal or semicoronal,400,,126,3,2,1.25,,,2,26,,,10,95,5,34,,,,,osmolarity 300 mOsm; pH = 7.2-7.4,whole-cell patch clamp,,,110,,,10,,,,10,,,,,4,,0.3,,,,,,10,,0.5,,,,pH adjusted with 1 M KOH to 7.2Ð7.3
EC,MEC LII PC-Multiform (e)-233111,6-008,6-008-1,22162008,Fig. 7 C4,200,1000.192,208.0,RASP.,rats,Sprague Dawley,14-32,,,,slice,horizontal or semicoronal,400,,126,3,2,1.25,,,2,26,,,10,95,5,34,,,,,osmolarity 300 mOsm; pH = 7.2-7.4,whole-cell patch clamp,,,110,,,10,,,,10,,,,,4,,0.3,,,,,,10,,0.5,,,,pH adjusted with 1 M KOH to 7.2Ð7.3
EC,MEC LII PC-Multiform (e)-233111,6-008,6-008-1,22162008,Fig. 7 C5,200,959.797,209.0,ASP.,rats,Sprague Dawley,14-32,,,,slice,horizontal or semicoronal,400,,126,3,2,1.25,,,2,26,,,10,95,5,34,,,,,osmolarity 300 mOsm; pH = 7.2-7.4,whole-cell patch clamp,,,110,,,10,,,,10,,,,,4,,0.3,,,,,,10,,0.5,,,,pH adjusted with 1 M KOH to 7.2Ð7.3
EC,LIII Pyramidal (e)223111p,6-017,6-017-1,22161956, Fig.9C2,200,975.189,210.0,NASP,rats,Sprague Dawley,14-32,,,,slice,horizontal or semicoronal,400,,126,3,2,1.25,,,2,26,,,10,95,5,34,,,,,osmolarity 300 mOsm; pH = 7.2-7.4,whole-cell patch clamp,,,110,,,10,,,,10,,,,,4,,0.3,,,,,,10,,0.5,,,,pH adjusted with 1 M KOH to 7.2Ð7.3
EC,LIII Pyramidal (e)223111p,6-017,6-017-1,22161956, Fig 9C4,no value,971.847,211.0,ASP.NASP,rats,Sprague Dawley,14-32,,,,slice,horizontal or semicoronal,400,,126,3,2,1.25,,,2,26,,,10,95,5,34,,,,,osmolarity 300 mOsm; pH = 7.2-7.4,whole-cell patch clamp,,,110,,,10,,,,10,,,,,4,,0.3,,,,,,10,,0.5,,,,pH adjusted with 1 M KOH to 7.2Ð7.3
EC,LIII Pyramidal (e)223111p,6-017,6-017-1,22161956, Fig 9C5,200,949.117,212.0,RASP.ASP.,rats,Sprague Dawley,14-32,,,,slice,horizontal or semicoronal,400,,126,3,2,1.25,,,2,26,,,10,95,5,34,,,,,osmolarity 300 mOsm; pH = 7.2-7.4,whole-cell patch clamp,,,110,,,10,,,,10,,,,,4,,0.3,,,,,,10,,0.5,,,,pH adjusted with 1 M KOH to 7.2Ð7.3
EC,LIII Pyramidal (e)223111p,6-017,6-017-2,9070741,Fig.6C,1000,500,212.1,NASP,rats,Wistar,,f,200-250,,slice,horizontal,400,,124,3,1.6,1.25,,,1.8,26,,,10,95,5,34,,,,,,intracellular recording,,,,2000-3000,,,,,,,,,,,,,,,,,,,,,2,,,,
EC,LIII Stellate (e)223000,6-018,6-018-1,22161956, Fig.9C2,200,975.189,213.0,NASP,rats,Sprague Dawley,14-32,,,,slice,horizontal or semicoronal,400,,126,3,2,1.25,,,2,26,,,10,95,5,34,,,,,osmolarity 300 mOsm; pH = 7.2-7.4,whole-cell patch clamp,,,110,,,10,,,,10,,,,,4,,0.3,,,,,,10,,0.5,,,,pH adjusted with 1 M KOH to 7.2Ð7.3
EC,LIII Stellate (e)223000,6-018,6-018-1,22161956, Fig 9C4,no value,971.847,214.0,ASP.NASP,rats,Sprague Dawley,14-32,,,,slice,horizontal or semicoronal,400,,126,3,2,1.25,,,2,26,,,10,95,5,34,,,,,osmolarity 300 mOsm; pH = 7.2-7.4,whole-cell patch clamp,,,110,,,10,,,,10,,,,,4,,0.3,,,,,,10,,0.5,,,,pH adjusted with 1 M KOH to 7.2Ð7.3
EC,LIII Stellate (e)223000,6-018,6-018-1,22161956, Fig 9C5,200,949.117,215.0,RASP.ASP.,rats,Sprague Dawley,14-32,,,,slice,horizontal or semicoronal,400,,126,3,2,1.25,,,2,26,,,10,95,5,34,,,,,osmolarity 300 mOsm; pH = 7.2-7.4,whole-cell patch clamp,,,110,,,10,,,,10,,,,,4,,0.3,,,,,,10,,0.5,,,,pH adjusted with 1 M KOH to 7.2Ð7.3
EC,MEC LII Oblique Pyramidal (e)221100,6-019,6-019-1,22161956,Fig. 7C2 ,200,957.05726,216.0,ASP.NASP,rats,Sprague Dawley,14-32,,,,slice,horizontal or semicoronal,400,,126,3,2,1.25,,,2,26,,,10,95,5,34,,,,,osmolarity 300 mOsm; pH = 7.2-7.4,whole-cell patch clamp,,,110,,,10,,,,10,,,,,4,,0.3,,,,,,10,,0.5,,,,pH adjusted with 1 M KOH to 7.2Ð7.3
EC,MEC LII Oblique Pyramidal (e)221100,6-019,6-019-2,22161956,Fig.7C6,200,991.4837,217.0,RASP.NASP,rats,Sprague Dawley,14-32,,,,slice,horizontal or semicoronal,400,,126,3,2,1.25,,,2,26,,,10,95,5,34,,,,,osmolarity 300 mOsm; pH = 7.2-7.4,whole-cell patch clamp,,,110,,,10,,,,10,,,,,4,,0.3,,,,,,10,,0.5,,,,pH adjusted with 1 M KOH to 7.2Ð7.3
EC,LV Deep Pyramidal (e)-220033,6-021,6-021-2,10713573,Fig.3C,276.26457,2544.0613,218.0,RASP.NASP,rats,Long Evans,,m,150-300,,slice,horizontal,400,,124,5,2,1.25,,,2,26,,,10,95,5,33-35,,,,,pH was maintained at 7.4 by saturation with carbogen (95% O2/5% CO2).,intracellular recording,,,,1500,,,,,,,,,,,,,,,,,,,,,1,,,,
EC,LV Deep Pyramidal (e)-220033,6-021,6-021-3,12209840,Fig.4F,425.36373,3883.04335,219.0,NASP,rats,Long Evans,,m,150-300,,slice,horizontal,400,,124,5,2,1.25,,,2,26,,,10,95,5,33-35,,,,,pH 7.4,intracellular recording,,,,1000,,,,,,,,,,,,,,,,,,,,,1,,,,
EC, LV Deep Pyramidal (e)-220033,6-021,6-021-3,12209840,Fig.5E,416.700985,4292,220.0,TSTUT.NASP,rats,Long Evans,,m,150-300,,slice,horizontal,400,,124,5,2,1.25,,,2,26,,,10,95,5,33-35,,,,,pH 7.4,intracellular recording,,,,1000,,,,,,,,,,,,,,,,,,,,,1,,,,
EC,LV Deep Pyramidal (e)220033,6-021,6-021-1,22161956,Fig.10C1,no value,976.3964,221.0,NASP,rats,Sprague Dawley,14-32,,,,slice,horizontal or semicoronal,400,,126,3,2,1.25,,,2,26,,,10,95,5,34,,,,,osmolarity 300 mOsm; pH = 7.2-7.4,whole-cell patch clamp,,,110,,,10,,,,10,,,,,4,,0.3,,,,,,10,,0.5,,,,pH adjusted with 1 M KOH to 7.2Ð7.3
EC,LV Deep Pyramidal (e)-220033,6-021,6-021-1,22161956,Fig.10C2,200,970.0241,222.0,ASP.,rats,Sprague Dawley,14-32,,,,slice,horizontal or semicoronal,400,,126,3,2,1.25,,,2,26,,,10,95,5,34,,,,,osmolarity 300 mOsm; pH = 7.2-7.4,whole-cell patch clamp,,,110,,,10,,,,10,,,,,4,,0.3,,,,,,10,,0.5,,,,pH adjusted with 1 M KOH to 7.2Ð7.3
EC,LV Deep Pyramidal (e)-220033,6-021,6-021-1,22161956,Fig.10C5,no value,967.99683,223.0,NASP,rats,Sprague Dawley,14-32,,,,slice,horizontal or semicoronal,400,,126,3,2,1.25,,,2,26,,,10,95,5,34,,,,,osmolarity 300 mOsm; pH = 7.2-7.4,whole-cell patch clamp,,,110,,,10,,,,10,,,,,4,,0.3,,,,,,10,,0.5,,,,pH adjusted with 1 M KOH to 7.2Ð7.3
EC,LV Deep Pyramidal (e)-220033,6-021,6-021-1,22161956,Fig.10C6,200,965.08786,224.0,ASP.,rats,Sprague Dawley,14-32,,,,slice,horizontal or semicoronal,400,,126,3,2,1.25,,,2,26,,,10,95,5,34,,,,,osmolarity 300 mOsm; pH = 7.2-7.4,whole-cell patch clamp,,,110,,,10,,,,10,,,,,4,,0.3,,,,,,10,,0.5,,,,pH adjusted with 1 M KOH to 7.2Ð7.3
EC,LV Deep Pyramidal (e)-220033,6-021,6-021-1,22161956,Fig.10C7,200,969.34835,225.0,ASP.SLN,rats,Sprague Dawley,14-32,,,,slice,horizontal or semicoronal,400,,126,3,2,1.25,,,2,26,,,10,95,5,34,,,,,osmolarity 300 mOsm; pH = 7.2-7.4,whole-cell patch clamp,,,110,,,10,,,,10,,,,,4,,0.3,,,,,,10,,0.5,,,,pH adjusted with 1 M KOH to 7.2Ð7.3
EC,EC MEC LV Superficial PC (e)-213330,6-023,6-023-1,22161956,Fig.10C1,no value,976.3964,226.0,NASP,rats,Sprague Dawley,14-32,,,,slice,horizontal or semicoronal,400,,126,3,2,1.25,,,2,26,,,10,95,5,34,,,,,osmolarity 300 mOsm; pH = 7.2-7.4,whole-cell patch clamp,,,110,,,10,,,,10,,,,,4,,0.3,,,,,,10,,0.5,,,,pH adjusted with 1 M KOH to 7.2Ð7.3
EC,MEC LV Superficial PC (e)-213330,6-023,6-023-1,22161956,Fig.10C2,200,970.0241,227.0,ASP.,rats,Sprague Dawley,14-32,,,,slice,horizontal or semicoronal,400,,126,3,2,1.25,,,2,26,,,10,95,5,34,,,,,osmolarity 300 mOsm; pH = 7.2-7.4,whole-cell patch clamp,,,110,,,10,,,,10,,,,,4,,0.3,,,,,,10,,0.5,,,,pH adjusted with 1 M KOH to 7.2Ð7.3
EC,MEC LV Superficial PC (e)-213330,6-023,6-023-1,22161956,Fig.10C5,no value,967.99683,228.0,NASP,rats,Sprague Dawley,14-32,,,,slice,horizontal or semicoronal,400,,126,3,2,1.25,,,2,26,,,10,95,5,34,,,,,osmolarity 300 mOsm; pH = 7.2-7.4,whole-cell patch clamp,,,110,,,10,,,,10,,,,,4,,0.3,,,,,,10,,0.5,,,,pH adjusted with 1 M KOH to 7.2Ð7.3
EC,MEC LV Superficial PC (e)-213330,6-023,6-023-1,22161956,Fig.10C6,200,965.08786,229.0,ASP.,rats,Sprague Dawley,14-32,,,,slice,horizontal or semicoronal,400,,126,3,2,1.25,,,2,26,,,10,95,5,34,,,,,osmolarity 300 mOsm; pH = 7.2-7.4,whole-cell patch clamp,,,110,,,10,,,,10,,,,,4,,0.3,,,,,,10,,0.5,,,,pH adjusted with 1 M KOH to 7.2Ð7.3
EC,MEC LV Superficial PC (e)-213330,6-023,6-023-1,22161956,Fig.10C7,200,969.34835,230.0,ASP.SLN,rats,Sprague Dawley,14-32,,,,slice,horizontal or semicoronal,400,,126,3,2,1.25,,,2,26,,,10,95,5,34,,,,,osmolarity 300 mOsm; pH = 7.2-7.4,whole-cell patch clamp,,,110,,,10,,,,10,,,,,4,,0.3,,,,,,10,,0.5,,,,pH adjusted with 1 M KOH to 7.2Ð7.3
EC,MEC LIII BP Cmplx PC (e)133100,6-024,6-024-1,22161956, Fig.9C2,200,975.189,231.0,NASP,rats,Sprague Dawley,14-32,,,,slice,horizontal or semicoronal,400,,126,3,2,1.25,,,2,26,,,10,95,5,34,,,,,osmolarity 300 mOsm; pH = 7.2-7.4,whole-cell patch clamp,,,110,,,10,,,,10,,,,,4,,0.3,,,,,,10,,0.5,,,,pH adjusted with 1 M KOH to 7.2Ð7.3
EC,MEC LIII BP Cmplx PC (e)133100,6-024,6-024-1,22161956, Fig 9C4,no value,971.847,232.0,ASP.NASP,rats,Sprague Dawley,14-32,,,,slice,horizontal or semicoronal,400,,126,3,2,1.25,,,2,26,,,10,95,5,34,,,,,osmolarity 300 mOsm; pH = 7.2-7.4,whole-cell patch clamp,,,110,,,10,,,,10,,,,,4,,0.3,,,,,,10,,0.5,,,,pH adjusted with 1 M KOH to 7.2Ð7.3
EC,MEC LIII BP Cmplx PC (e)133100,6-024,6-024-1,22161956, Fig 9C5,200,949.117,233.0,RASP.ASP.,rats,Sprague Dawley,14-32,,,,slice,horizontal or semicoronal,400,,126,3,2,1.25,,,2,26,,,10,95,5,34,,,,,osmolarity 300 mOsm; pH = 7.2-7.4,whole-cell patch clamp,,,110,,,10,,,,10,,,,,4,,0.3,,,,,,10,,0.5,,,,pH adjusted with 1 M KOH to 7.2Ð7.3
EC, LEC LIII Multipolar Principal (e)113330,6-025,6-025-1,22162008,Fog.8C1,no value,952.5,234.0,NASP,rats,Sprague Dawley,14-32,,,,slice,horizontal or semicoronal,400,,126,3,2,1.25,,,2,26,,,10,95,5,34,,,,,osmolarity 300 mOsm; pH = 7.2-7.4,whole-cell patch clamp,,,110,,,10,,,,10,,,,,4,,0.3,,,,,,10,,0.5,,,,pH adjusted with 1 M KOH to 7.2Ð7.3
EC,LEC LIII Multipolar Principal (e)113330,6-025,6-025-1,22162008,Fig.8C2,200,959.39094,235.0,ASP.,rats,Sprague Dawley,14-32,,,,slice,horizontal or semicoronal,400,,126,3,2,1.25,,,2,26,,,10,95,5,34,,,,,osmolarity 300 mOsm; pH = 7.2-7.4,whole-cell patch clamp,,,110,,,10,,,,10,,,,,4,,0.3,,,,,,10,,0.5,,,,pH adjusted with 1 M KOH to 7.2Ð7.3
EC, LEC LIII Multipolar Principal (e)113330,6-025,6-025-1,22162008,Fig.8C5,200,980.59222,236.0,ASP.,rats,Sprague Dawley,14-32,,,,slice,horizontal or semicoronal,400,,126,3,2,1.25,,,2,26,,,10,95,5,34,,,,,osmolarity 300 mOsm; pH = 7.2-7.4,whole-cell patch clamp,,,110,,,10,,,,10,,,,,4,,0.3,,,,,,10,,0.5,,,,pH adjusted with 1 M KOH to 7.2Ð7.3
EC,MEC LIII Multipolar Principal (e) 003310,6-031,6-031-1,22161956, Fig.9C2,200,975.189,237.0,NASP,rats,Sprague Dawley,14-32,,,,slice,horizontal or semicoronal,400,,126,3,2,1.25,,,2,26,,,10,95,5,34,,,,,osmolarity 300 mOsm; pH = 7.2-7.4,whole-cell patch clamp,,,110,,,10,,,,10,,,,,4,,0.3,,,,,,10,,0.5,,,,pH adjusted with 1 M KOH to 7.2Ð7.3
EC,MEC LIII Multipolar Principal (e) 003310,6-031,6-031-1,22161956, Fig 9C4,200,971.847,238.0,ASP.NASP,rats,Sprague Dawley,14-32,,,,slice,horizontal or semicoronal,400,,126,3,2,1.25,,,2,26,,,10,95,5,34,,,,,osmolarity 300 mOsm; pH = 7.2-7.4,whole-cell patch clamp,,,110,,,10,,,,10,,,,,4,,0.3,,,,,,10,,0.5,,,,pH adjusted with 1 M KOH to 7.2Ð7.3
EC,MEC LIII Multipolar Principal (e) 003310,6-031,6-031-1,22161956, Fig 9C5,200,949.117,239.0,RASP.ASP.,rats,Sprague Dawley,14-32,,,,slice,horizontal or semicoronal,400,,126,3,2,1.25,,,2,26,,,10,95,5,34,,,,,osmolarity 300 mOsm; pH = 7.2-7.4,whole-cell patch clamp,,,110,,,10,,,,10,,,,,4,,0.3,,,,,,10,,0.5,,,,pH adjusted with 1 M KOH to 7.2Ð7.3
EC,MEC LV Multipolar-PC (e)-001331,6-033,6-033-1,22161956,Fig.10C1,no value,976.3964,240.0,NASP,rats,Sprague Dawley,14-32,,,,slice,horizontal or semicoronal,400,,126,3,2,1.25,,,2,26,,,10,95,5,34,,,,,osmolarity 300 mOsm; pH = 7.2-7.4,whole-cell patch clamp,,,110,,,10,,,,10,,,,,4,,0.3,,,,,,10,,0.5,,,,pH adjusted with 1 M KOH to 7.2Ð7.3
EC,MEC LV Multipolar-PC (e)-001331,6-033,6-033-1,22161956,Fig.10C2,200,970.0241,241.0,ASP.,rats,Sprague Dawley,14-32,,,,slice,horizontal or semicoronal,400,,126,3,2,1.25,,,2,26,,,10,95,5,34,,,,,osmolarity 300 mOsm; pH = 7.2-7.4,whole-cell patch clamp,,,110,,,10,,,,10,,,,,4,,0.3,,,,,,10,,0.5,,,,pH adjusted with 1 M KOH to 7.2Ð7.3
EC,MEC LV Multipolar-PC (e)-001331,6-033,6-033-1,22161956,Fig.10C5,no value,967.99683,242.0,NASP,rats,Sprague Dawley,14-32,,,,slice,horizontal or semicoronal,400,,126,3,2,1.25,,,2,26,,,10,95,5,34,,,,,osmolarity 300 mOsm; pH = 7.2-7.4,whole-cell patch clamp,,,110,,,10,,,,10,,,,,4,,0.3,,,,,,10,,0.5,,,,pH adjusted with 1 M KOH to 7.2Ð7.3
EC,MEC LV Multipolar-PC (e)-001331,6-033,6-033-1,22161956,Fig.10C6,200,965.08786,243.0,ASP.,rats,Sprague Dawley,14-32,,,,slice,horizontal or semicoronal,400,,126,3,2,1.25,,,2,26,,,10,95,5,34,,,,,osmolarity 300 mOsm; pH = 7.2-7.4,whole-cell patch clamp,,,110,,,10,,,,10,,,,,4,,0.3,,,,,,10,,0.5,,,,pH adjusted with 1 M KOH to 7.2Ð7.3
EC,MEC LV Multipolar-PC (e)-001331,6-033,6-033-1,22161956,Fig.10C7,200,969.34835,244.0,ASP.SLN,rats,Sprague Dawley,14-32,,,,slice,horizontal or semicoronal,400,,126,3,2,1.25,,,2,26,,,10,95,5,34,,,,,osmolarity 300 mOsm; pH = 7.2-7.4,whole-cell patch clamp,,,110,,,10,,,,10,,,,,4,,0.3,,,,,,10,,0.5,,,,pH adjusted with 1 M KOH to 7.2Ð7.3
EC,MEC LIII Superficial Trilayer (i)333000,6-038,6-038-1,9070741,Fig. 10C        ,296.61,1033.43,245.0,ASP.NASP,rats,Wistar,,f,200-250,,slice,horizontal,400,,124,3,1.6,1.25,,,1.8,26,,,10,95,5,34,,,,,,intracellular recording,,,,2000-3000,,,,,,,,,,,,,,,,,,,,,2,,,,
EC,MEC LIII Superficial MPI (i)233000,6-040,6-040-1,16641241,Fig.3A(Type I),250,430.87986,246.0,NASP,rats,Sprague Dawley,50-65,m,,,slice,horizontal,400,,126,3,2,1.25,,,2,26,,,10,95,5,31-33,,,,,pH 7.4,whole-cell patch clamp,,,100,,,,,5,,40,,10,,,,2,,0.3,,,,,,,0.0745,,,,pH 7.3 (KOH);  osmolarity  300 mOsm
EC,MEC LIII Multipolar (i)113220,6-047,6-047-1,16641241,Fig. 3A (Type II),250,586.46094,247.0,NASP,rats,Sprague Dawley,50-65,m,,,slice,horizontal,400,,126,3,2,1.25,,,2,26,,,10,95,5,31-33,,,,,pH 7.4,whole-cell patch clamp,,,100,,,,,5,,40,,10,,,,2,,0.3,,,,,,,0.0745,,,,pH 7.3 (KOH);  osmolarity  300 mOsm
EC,LII Axo-Axonic (i)030000,6-048,6-048-1,,,,,248.0,*No_data,,,,,,,,,,,,,,,,,,,,,,,,,,,,,,,,,,,,,,,,,,,,,,,,,,,,,,,,,,,
EC,LIII Multipolar Interneuron (i)023000,6-049,6-049-1,,,,,249.0,*No_data,,,,,,,,,,,,,,,,,,,,,,,,,,,,,,,,,,,,,,,,,,,,,,,,,,,,,,,,,,,
EC,MEC LV-VI PC-Polymorph (e)000023,6-052,6-052-1,22161956,Fig. 11 C1 ,no value,902.574,250.0,D.NASP,rats,Sprague Dawley,14-32,,,,slice,horizontal or semicoronal,400,,126,3,2,1.25,,,2,26,,,10,95,5,34,,,,,osmolarity 300 mOsm; pH = 7.2-7.4,whole-cell patch clamp,,,110,,,10,,,,10,,,,,4,,0.3,,,,,,10,,0.5,,,,pH adjusted with 1 M KOH to 7.2Ð7.3
EC,MEC LV-VI PC-Polymorph (e)000023,6-052,6-052-1,22161956,Fig. 11 C2,200,974.333,251.0,ASP.,rats,Sprague Dawley,14-32,,,,slice,horizontal or semicoronal,400,,126,3,2,1.25,,,2,26,,,10,95,5,34,,,,,osmolarity 300 mOsm; pH = 7.2-7.4,whole-cell patch clamp,,,110,,,10,,,,10,,,,,4,,0.3,,,,,,10,,0.5,,,,pH adjusted with 1 M KOH to 7.2Ð7.3
EC,LII Basket-Multipolar interneuron (i)230000,6-053,6-053-1,,,,,252.0,*No_data,,,,,,,,,,,,,,,,,,,,,,,,,,,,,,,,,,,,,,,,,,,,,,,,,,,,,,,,,,,
EC,LEC LVI Multipolar-PC (e)001133,6-078,6-078-1,22162008,Fig. 10 C2,200,988.97375,253.0,ASP.,rats,Sprague Dawley,14-32,,,,slice,horizontal or semicoronal,400,,126,3,2,1.25,,,2,26,,,10,95,5,34,,,,,osmolarity 300 mOsm; pH = 7.2-7.4,whole-cell patch clamp,,,110,,,10,,,,10,,,,,4,,0.3,,,,,,10,,0.5,,,,pH adjusted with 1 M KOH to 7.2Ð7.3
EC,LII-III Pyramidal-Tripolar (e)333000p ,6-082,6-082-1,22162008,Fig. 7 C1,200,1000.81,254.0,NASP,rats,Sprague Dawley,14-32,,,,slice,horizontal or semicoronal,400,,126,3,2,1.25,,,2,26,,,10,95,5,34,,,,,osmolarity 300 mOsm; pH = 7.2-7.4,whole-cell patch clamp,,,110,,,10,,,,10,,,,,4,,0.3,,,,,,10,,0.5,,,,pH adjusted with 1 M KOH to 7.2Ð7.3
EC,LII-III Pyramidal-Tripolar (e)333000p,6-082,6-082-1,22162008,Fig. 7C2,200,998.959,255.0,ASP.,rats,Sprague Dawley,14-32,,,,slice,horizontal or semicoronal,400,,126,3,2,1.25,,,2,26,,,10,95,5,34,,,,,osmolarity 300 mOsm; pH = 7.2-7.4,whole-cell patch clamp,,,110,,,10,,,,10,,,,,4,,0.3,,,,,,10,,0.5,,,,pH adjusted with 1 M KOH to 7.2Ð7.3
EC,LII-III Pyramidal-Tripolar (e)333000p ,6-082,6-082-1,22162008,Fig. 7 C4,200,1000.192,256.0,RASP.,rats,Sprague Dawley,14-32,,,,slice,horizontal or semicoronal,400,,126,3,2,1.25,,,2,26,,,10,95,5,34,,,,,osmolarity 300 mOsm; pH = 7.2-7.4,whole-cell patch clamp,,,110,,,10,,,,10,,,,,4,,0.3,,,,,,10,,0.5,,,,pH adjusted with 1 M KOH to 7.2Ð7.3
EC,LII-III Pyramidal-Tripolar (e)333000p ,6-082,6-082-1,22162008,Fig. 7 C5,200,959.797,257.0,ASP.,rats,Sprague Dawley,14-32,,,,slice,horizontal or semicoronal,400,,126,3,2,1.25,,,2,26,,,10,95,5,34,,,,,osmolarity 300 mOsm; pH = 7.2-7.4,whole-cell patch clamp,,,110,,,10,,,,10,,,,,4,,0.3,,,,,,10,,0.5,,,,pH adjusted with 1 M KOH to 7.2Ð7.3
EC,LII-III Pyramidal-Tripolar (e)333000p ,6-082,6-082-2,22161956,Fig.7C6,200,991.4837,258.0,RASP.NASP,rats,Sprague Dawley,14-32,,,,slice,horizontal or semicoronal,400,,126,3,2,1.25,,,2,26,,,10,95,5,34,,,,,osmolarity 300 mOsm; pH = 7.2-7.4,whole-cell patch clamp,,,110,,,10,,,,10,,,,,4,,0.3,,,,,,10,,0.5,,,,pH adjusted with 1 M KOH to 7.2Ð7.3
EC,LIV-V Pyramidal-Horizontal (e)220233p,6-085,6-085-1,,,,,259.0,*No_data,,,,,,,,,,,,,,,,,,,,,,,,,,,,,,,,,,,,,,,,,,,,,,,,,,,,,,,,,,,
EC,LIV-VI Deep Multipolar (e)000333p,6-086,6-086-1,11168548,Fig.4 Ad,60,1006.03,260.0,ASP.,rats,Wistar,21-49,,,,slice,horizontal,400,,124,3,1.6,1.25,,,1.8,26,,,10,95,5,34-36,,,,,pH 7.4,whole-cell patch clamp,,,135,,,5,,,,10,,,,,2,,,0.3,,,,,,,0.5,,,,"pH 7.2, 305-310 mOsm"
EC,LIV-VI Deep Multipolar (e)000333p,6-086,6-086-1,22162008,Fig.9C2,200,972.99742,261.0,ASP.,rats,Sprague Dawley,14-32,,,,slice,horizontal or semicoronal,400,,126,3,2,1.25,,,2,26,,,10,95,5,34,,,,,osmolarity 300 mOsm; pH = 7.2-7.4,whole-cell patch clamp,,,110,,,10,,,,10,,,,,4,,0.3,,,,,,10,,0.5,,,,pH adjusted with 1 M KOH to 7.2Ð7.3
EC,LIV-VI Deep Multipolar (e)000333p,6-086,6-086-1,22162008,Fig.9C5,200,970.91826,262.0,NASP,rats,Sprague Dawley,14-32,,,,slice,horizontal or semicoronal,400,,126,3,2,1.25,,,2,26,,,10,95,5,34,,,,,osmolarity 300 mOsm; pH = 7.2-7.4,whole-cell patch clamp,,,110,,,10,,,,10,,,,,4,,0.3,,,,,,10,,0.5,,,,pH adjusted with 1 M KOH to 7.2Ð7.3
EC,LIV-VI Deep Multipolar (e)000333p,6-086,6-086-1,22162008,Fig. 10 C2,200,988.97375,263.0,ASP.,rats,Sprague Dawley,14-32,,,,slice,horizontal or semicoronal,400,,126,3,2,1.25,,,2,26,,,10,95,5,34,,,,,osmolarity 300 mOsm; pH = 7.2-7.4,whole-cell patch clamp,,,110,,,10,,,,10,,,,,4,,0.3,,,,,,10,,0.5,,,,pH adjusted with 1 M KOH to 7.2Ð7.3
EC,LIII Pyramidal-Looking (i)023300,6-087,6-087-1,9070741,Fig. 8 C ,770.867,1116.05,264.0,ASP.,rats,Wistar,,f,200-250,,slice,horizontal,400,,124,3,1.6,1.25,,,1.8,26,,,10,95,5,34,,,,,,intracellular recording,,,,2000-3000,,,,,,,,,,,,,,,,,,,,,2,,,,
EC,LIII Pyramidal-Stellate (e)223200p,6-092,6-092-1,16127693,Fig. 11E (0.5 nA),500,4757.7697,265.0,RASP.NASP,rats,Long Evans ,,m,150-250,,slice,semicoronal,400,,124,3,1.6,1.25,,,1.8,26,,,10,95,5,33-35,,,,,"pH
7.4",intracellular recording,,,,1500,,,,,,,,,,,,,,,,,,,,,2,,,,
EC,LIII Pyramidal-Stellate (e)223200p,6-092,6-092-1,16127693,Fig. 11E (0.8 nA),800,4714.912,266.0,RASP.NASP,rats,Long Evans ,,m,150-250,,slice,semicoronal,400,,124,3,1.6,1.25,,,1.8,26,,,10,95,5,33-35,,,,,"pH
7.4",intracellular recording,,,,1500,,,,,,,,,,,,,,,,,,,,,2,,,,
EC,LIII Pyramidal-Stellate (e)223200p,6-092,6-092-1,22162008,Fog.8C1,no value,952.5,267.0,NASP,rats,Sprague Dawley,14-32,,,,slice,horizontal or semicoronal,400,,126,3,2,1.25,,,2,26,,,10,95,5,34,,,,,osmolarity 300 mOsm; pH = 7.2-7.4,whole-cell patch clamp,,,110,,,10,,,,10,,,,,4,,0.3,,,,,,10,,0.5,,,,pH adjusted with 1 M KOH to 7.2Ð7.3
EC,LIII Pyramidal-Stellate (e)223200p,6-092,6-092-1,22162008,Fig.8C2,no value,959.39094,268.0,ASP.,rats,Sprague Dawley,14-32,,,,slice,horizontal or semicoronal,400,,126,3,2,1.25,,,2,26,,,10,95,5,34,,,,,osmolarity 300 mOsm; pH = 7.2-7.4,whole-cell patch clamp,,,110,,,10,,,,10,,,,,4,,0.3,,,,,,10,,0.5,,,,pH adjusted with 1 M KOH to 7.2Ð7.3
EC,LIII Pyramidal-Stellate (e)223200p,6-092,6-092-1,22162008,Fig.8C5,no value,980.59222,269.0,ASP.,rats,Sprague Dawley,14-32,,,,slice,horizontal or semicoronal,400,,126,3,2,1.25,,,2,26,,,10,95,5,34,,,,,osmolarity 300 mOsm; pH = 7.2-7.4,whole-cell patch clamp,,,110,,,10,,,,10,,,,,4,,0.3,,,,,,10,,0.5,,,,pH adjusted with 1 M KOH to 7.2Ð7.3
EC,LI-II Multipolar-Pyramidal (e) 231000,6-094,6-094-1,22162008,Fig. 7 C1,no value,1000.81,270.0,NASP,rats,Sprague Dawley,14-32,,,,slice,horizontal or semicoronal,400,,126,3,2,1.25,,,2,26,,,10,95,5,34,,,,,osmolarity 300 mOsm; pH = 7.2-7.4,whole-cell patch clamp,,,110,,,10,,,,10,,,,,4,,0.3,,,,,,10,,0.5,,,,pH adjusted with 1 M KOH to 7.2Ð7.3
EC,LI-II Multipolar-Pyramidal (e) 231000,6-094,6-094-1,22162008,Fig. 7C2,200,998.959,271.0,ASP.,rats,Sprague Dawley,14-32,,,,slice,horizontal or semicoronal,400,,126,3,2,1.25,,,2,26,,,10,95,5,34,,,,,osmolarity 300 mOsm; pH = 7.2-7.4,whole-cell patch clamp,,,110,,,10,,,,10,,,,,4,,0.3,,,,,,10,,0.5,,,,pH adjusted with 1 M KOH to 7.2Ð7.3
EC,LI-II Multipolar-Pyramidal (e) 231000,6-094,6-094-1,22162008,Fig. 7 C4,no value,1000.192,272.0,RASP.,rats,Sprague Dawley,14-32,,,,slice,horizontal or semicoronal,400,,126,3,2,1.25,,,2,26,,,10,95,5,34,,,,,osmolarity 300 mOsm; pH = 7.2-7.4,whole-cell patch clamp,,,110,,,10,,,,10,,,,,4,,0.3,,,,,,10,,0.5,,,,pH adjusted with 1 M KOH to 7.2Ð7.3
EC,LI-II Multipolar-Pyramidal (e) 231000,6-094,6-094-1,22162008,Fig. 7 C5,200,959.797,273.0,ASP.,rats,Sprague Dawley,14-32,,,,slice,horizontal or semicoronal,400,,126,3,2,1.25,,,2,26,,,10,95,5,34,,,,,osmolarity 300 mOsm; pH = 7.2-7.4,whole-cell patch clamp,,,110,,,10,,,,10,,,,,4,,0.3,,,,,,10,,0.5,,,,pH adjusted with 1 M KOH to 7.2Ð7.3
EC,LIII-V Bipolar Pyramidal (e)223331,6-095,6-095-1,22162008,Fig.9C2,200,972.99742,274.0,ASP.,rats,Sprague Dawley,14-32,,,,slice,horizontal or semicoronal,400,,126,3,2,1.25,,,2,26,,,10,95,5,34,,,,,osmolarity 300 mOsm; pH = 7.2-7.4,whole-cell patch clamp,,,110,,,10,,,,10,,,,,4,,0.3,,,,,,10,,0.5,,,,pH adjusted with 1 M KOH to 7.2Ð7.3
EC,LIII-V Bipolar Pyramidal (e)223331,6-095,6-095-2,22162008,Fig.9C5,200,970.91826,275.0,NASP,rats,Sprague Dawley,14-32,,,,slice,horizontal or semicoronal,400,,126,3,2,1.25,,,2,26,,,10,95,5,34,,,,,osmolarity 300 mOsm; pH = 7.2-7.4,whole-cell patch clamp,,,110,,,10,,,,10,,,,,4,,0.3,,,,,,10,,0.5,,,,pH adjusted with 1 M KOH to 7.2Ð7.3
EC,LII Basket (i)031000,6-096,6-096-1,,,,,276.0,*No_data,,,,,,,,,,,,,,,,,,,,,,,,,,,,,,,,,,,,,,,,,,,,,,,,,,,,,,,,,,,
,,,,,,,,,,,,,,,,,,,,,,,,,,,,,,,,,,,,,,,,,,,,,,,,,,,,,,,,,,,,,,,,,,,,
,,,,,,,,,,,,,,,,,,,,,,,,,,,,,,,,,,,,,,,,,,,,,,,,,,,,,,,,,,,,,,,,,,,,
,,,,,,,,,,,,,,,,,,,,,,,,,,,,,,,,,,,,,,,,,,,,,,,,,,,,,,,,,,,,,,,,,,,,
,,,,,,,,,,,,,,,,,,,,,,,,,,,,,,,,,,,,,,,,,,,,,,,,,,,,,,,,,,,,,,,,,,,,