Subregion,(i/e),Pattern,p,projection pattern,Type,Count,Reason on-hold,Figure / Table,Authors,Title,Journal/Book,Year,PMID,Unique ID
DG,(e),3000,,,Cajal-Retzius,,animals too young,Fig 4a1,"AnstÂtz M, Cosgrove KE, Hack I, Mugnaini E, Maccaferri G, LÂbke JH","Morphology, input-output relations and synaptic connectivity of Cajal-Retzius cells in layer 1 of the developing neocortex of CXCR4-EGFP mice",Brain Structure and Function,2014,24026287,1050
DG,(e),2000,,,Cajal-Retzius,,dendrites only,Fig 1,"Quattrocolo G, Maccaferri G",Optogenetic activation of cajal-retzius cells reveals their glutamatergic output and a novel feedforward circuit in the developing mouse hippocampus,Journal of Neuroscience,2014,25253849,1068
DG,(e),2203,,,new GC with D:H and S:SG,N > 1,cultures taken from P4-5 mice,"Fig 1BE, 3B","Becker D, Willems LM, Vnencak M, Zahn N, Schuldt G, Jedlicka P, Maggio N, Deller T, Vlachos A",Functional and structural properties of dentate granule cells with hilar Basal dendrites in mouse entorhino-hippocampal slice cultures,PLoS One,2012,23144894,1051
DG,(e),1113,,,mossy,N = 1,Ã¿N = 1,Fig 3a,"He S, Shao LR, Rittase WB, Bausch SB",Increased Kv1 channel expression may contribute to decreased sIPSC frequency following chronic inhibition of NR2B-containing NMDAR,Neuropsychopharmocology,2012,22218089,1052
DG,(e),1102,p,CA3_01111,new hilar ectopic GC,N = 1,from epileptic animals,Fig 1 910-1,"PierceÃ¿JP,Ã¿McCloskey DP,Ã¿ScharfmanÃ¿HE",Morphometry of hilar ectopic granule cells in the rat,Journal of Comparative Neurology,2011,21344409,1053
DG,(e),1102,p,CA3_01112,new hilar ectopic GC,N = 1,from epileptic animals,Fig 2 910-2,"PierceÃ¿JP,Ã¿McCloskey DP,Ã¿ScharfmanÃ¿HE",Morphometry of hilar ectopic granule cells in the rat,Journal of Comparative Neurology,2011,21344409,1053
DG,(e),1102,p,CA3_01113,new hilar ectopic GC,N = 1,from epileptic animals,Fig 3 913-3,"PierceÃ¿JP,Ã¿McCloskey DP,Ã¿ScharfmanÃ¿HE",Morphometry of hilar ectopic granule cells in the rat,Journal of Comparative Neurology,2011,21344409,1053
DG,(e),1102,p,CA3_01114,new hilar ectopic GC,N = 1,from epileptic animals,Fig 4 917-2,"PierceÃ¿JP,Ã¿McCloskey DP,Ã¿ScharfmanÃ¿HE",Morphometry of hilar ectopic granule cells in the rat,Journal of Comparative Neurology,2011,21344409,1053
DG,(e),0222,,,mossy,N = 1Ã¿,only dendrites,Figs 6A1-2,"Scharfman HE, Myers CE",Hilar mossy cells of the dentate gyrus: a historical perspective,Frontiers in Neural Circuits,2013,23420672,1070
DG,(e),0123,p,CA3_02222,mossy cell projecting,N = 1,D:CA3 evidence is light,"Fig 3, 4","Soltesz I, Bourassa J, DeschÂnes M",The behavior of mossy cells of the rat dentate gyrus during theta oscillations in vivo,Neuroscience,1993,8309524,1032
DG,(e),0023,,,MC,,SM is not indicated in the figure for determining the full extent of the dendrites; from Scharfman et al 2001,Figs 6A1-2,"Scharfman HE, Myers CE",Hilar mossy cells of the dentate gyrus: a historical perspective,Frontiers in Neural Circuits,2013,23420672,1054
DG,(e),0003,,,new hilar ectopic GC,N = 3,count uncertain,"Fig 8a, 17","MartÂ¡-Subirana A, Soriano E, GarcÂ¡a-Verdugo JM",Morphological aspects of the ectopic granule-like cellular populations in the albino rat hippocampal formation: a Golgi study,Journal of Anatomy,1986,2447048,1044
DG,(i),3333,,,everywhere cell,N = 1,Ã¿N = 1,Fig 3f,"He S, Shao LR, Rittase WB, Bausch SB",Increased Kv1 channel expression may contribute to decreased sIPSC frequency following chronic inhibition of NR2B-containing NMDAR,Neuropsychopharmocology,2012,22218089,1055
DG,(i),3322,,,dendrite-inhibiting interneuron,N = 1,Ã¿N = 1,Fig 4A,"Sauer JF, StrÂber M, Bartos M",Interneurons provide circuit-specific depolarization and hyperpolarization,Journal of Neuroscience,2012,22442084,1056
DG,(i),3320,,,class M4 ML-like,N = 3,count distribution across class M4 uncertain,Fig 2B,"Hosp JA, StrÂber M, Yanagawa Y, Obata K, Vida I, Jonas P, Bartos M",Morpho-physiological criteria divide dentate gyrus interneurons into classes,Hippocampus,2014,24108530,1057
DG,(i),3300,p,Sub_100,Class M4 ML-like,N = 1,,Fig S6B,"Hosp JA, StrÂber M, Yanagawa Y, Obata K, Vida I, Jonas P, Bartos M",Morpho-physiological criteria divide dentate gyrus interneurons into classes,Hippocampus,2014,24108530,1075
DG,(i),3300,,,VIP-SM (IS?),N = 1,N = 1,Fig. 5,"Hajos N, Acsady L, Freund TF",Target selectivity and neurochemical characteristics of VIP-immunoreactive interneurons in the rat dentate gyrus,European Journal of Neuroscience,1996,8758949,1024
DG,(i),3100,p,CA1_3000,IS-1 projecting,N = 1,Ã¿N = 1,Fig. 2B,"GulyÂ s AI, HÂ jos N, Freund TF",Interneurons containing calretinin are specialized to control other interneurons in the rat hippocampus,Journal of Neuroscience,1996,8627375,1016
DG,(i),2333,,,HICAP,N = 1,Ã¿N = 1,Fig 1A2,"Savanthrapadian S, Meyer T, Elgueta C, Booker SA, Vida I, Bartos M",Synaptic properties of SOM- and CCK-expressing cells in dentate gyrus interneuron networks,Journal of Neuroscience,2014,24920624,1059
DG,(i),2313,p,CA3_03000-CA1_2000,IS-3 projecting,N = 1,N = 1,Fig. 2 Cell#1,"Hajos N, Acsady L, Freund TF",Target selectivity and neurochemical characteristics of VIP-immunoreactive interneurons in the rat dentate gyrus,European Journal of Neuroscience,1996,8758949,1017
DG,(i),2303,,,non-FS interneuron,N = 1,Ã¿N = 1,Fig 1D1,"Liu YC, Cheng JK, Lien CC",Rapid dynamic changes of dendritic inhibition in the dentate gyrus by presynaptic activity patterns,Journal of Neuroscience,2014,24453325,1060
DG,(i),2232,,,axo-axonic,N = 1,N = 1,Fig 3b,"He S, Shao LR, Rittase WB, Bausch SB",Increased Kv1 channel expression may contribute to decreased sIPSC frequency following chronic inhibition of NR2B-containing NMDAR,Neuropsychopharmocology,2012,22218089,1061
DG,(i),2230,,,Axo-axonic,N = 1,N = 1,Fig 1a,"Soriano E, Frotscher M",A GABAergic axo-axonic cell in the fascia dentata controls the main excitatory hippocampal pathway,Brain Research,1989,2611653,1062
DG,(i),2222,,,Multipolar aspiny hilar cell,N =1Ã¿,only dendrites,Figs 5A-D,Scharfman HE,Dentate hilar cells with dendrites in the molecular layer have lower thresholds for synaptic activation by perforant path than granule cells,Journal of Neuroscience,1991,2045880,1073
DG,(i),2210,,,new possible BC,N = 2,"Fig. S4 may be incomplete, so N = 1","Fig 2c, S4","Markwardt SJ,Ã¿Dieni CV,Ã¿Wadiche JI,Ã¿Overstreet-Wadiche L",Ivy/neurogliaform interneurons coordinate activity in the neurogenic niche,Nature Neuroscience,2011,21983681,1063
DG,(i),2210,,,new AA,N = 1,Ã¿N = 1,Fig 3B,"SorianoÃ¿E,Ã¿NitschÃ¿R,Ã¿Frotscher M",Axo-axonic chandelier cells in the rat fascia dentata: Golgi-electron microscopy and immunocytochemical studies,Journal of Comparative Neurology,1990,1690225,1064
DG,(i),Ã¿2202,,,Spiny hilar cell,N = 1Ã¿,only dendrites,Figs 2A-D,Scharfman HE,Dentate hilar cells with dendrites in the molecular layer have lower thresholds for synaptic activation by perforant path than granule cells,Journal of Neuroscience,1991,2045880,1071
DG,(i),2013,,,SG IS-3,N = 1,N = 1,Fig. 2 Cell#2,"Hajos N, Acsady L, Freund TF",Target selectivity and neurochemical characteristics of VIP-immunoreactive interneurons in the rat dentate gyrus,European Journal of Neuroscience,1996,8758949,1018
DG,(i),2001,,,IS-3,N = 1,N = 1,Fig. 2 Cell#3,"Hajos N, Acsady L, Freund TF",Target selectivity and neurochemical characteristics of VIP-immunoreactive interneurons in the rat dentate gyrus,European Journal of Neuroscience,1996,8758949,1019
DG,(i),1220,,,OML,N = 1,Ã¿N = 1,Fig. 5D1-2,"Mott DD, Turner DA, Okazaki MM, Lewis DV",Interneurons of the dentate-hilus border of the rat dentate gyrus: morphological and electrophysiological heterogeneity,Journal of Neuroscience,1997,9151716,1034
DG,(i),1100,,,Ã¿Ivy/neurogliaform,N = 1,axons only,Fig 2b,"Markwardt SJ,Ã¿Dieni CV,Ã¿Wadiche JI,Ã¿Overstreet-Wadiche L",Ivy/neurogliaform interneurons coordinate activity in the neurogenic niche,Nature Neuroscience,2011,21983681,1069
DG,(i),1003,,,HIPP,N = 1,N = 1,Fig 3_Cell1,"Katona I, AcsÂ dy L, Freund TF",Postsynaptic targets of somatostatin-immunoreactive interneurons in the rat hippocampus,Neuroscience,1999,10051188,1014
DG,(i),1003,,,fusiform cell,,text description only,,"Ribak CE, Shapiro LA",Ultrastructure and synaptic connectivity of cell types in the adult rat dentate gyrus,Prog brain Res,2007,17765717,1014
DG,(i),1003,,,fusiform cell,,text description only,,"Leranth C, Malcolm AJ, Frotscher M",Afferent and efferent synaptic connections of somatostatin-immunoreactive neurons in the rat fascia dentata,J Comp neurol,1990,1971287,1014
DG,(i),0333,,,Ivy/neurogliaform,N = 1,N = 1,Fig 1E,"Markwardt SJ1, Dieni CV, Wadiche JI, Overstreet-Wadiche L",Ivy/neurogliaform interneurons coordinate activity in the neurogenic niche,Nature Neuroscience,2011,21983681,1045
DG,(i),0333,,,Ivy/neurogliaform,N = 1,Same as Markwardt Fig 1E,Fig 2C,"Dieni CV1, Chancey JH, Overstreet-Wadiche LS",Dynamic functions of GABA signaling during granule cell maturation,Frontiers in Neural Circuits,2013,23316139,1045
DG,(i),0232,,,perisoma-inhibiting interneuron,N = 1,Ã¿N = 1,Fig 1A,"Sauer JF, StrÂber M, Bartos M",Interneurons provide circuit-specific depolarization and hyperpolarization,Journal of Neuroscience,2012,22442084,1065
DG,(i),0222,,,Aspiny fusiform hilar cell,N = 1Ã¿,only dendrites,Figs 6A-C,Scharfman HE,Dentate hilar cells with dendrites in the molecular layer have lower thresholds for synaptic activation by perforant path than granule cells,Journal of Neuroscience,1991,2045880,1074
DG,(i),0030,p,CA3_00010,atypical basket,N = 1,Ã¿N = 1,Fig 10A,"Sik A, Penttonen M, BuzsÂ ki G",Interneurons in the hippocampal dentate gyrus: an in vivo intracellular study,European Journal of Neuroscience,1997,9104599,1066
DG,(i),0003,,,chandelier,N = 1,Ã¿N = 1,Fig 6A,"MartÂ¡nez A, LÂbke J, Del RÂ¡o JA, Soriano E, Frotscher M",Regional variability and postsynaptic targets of chandelier cells in the hippocampal formation of the rat,J Comp Neurol,1996,8946282,1067
DG,(i),0003,,,H IS-3,N = 1,N = 1,Fig. 3 Cell1,"Hajos N, Acsady L, Freund TF",Target selectivity and neurochemical characteristics of VIP-immunoreactive interneurons in the rat dentate gyrus,European Journal of Neuroscience,1996,8758949,1020
DG,(i),0002,,,Spiny hilar cell,N = 1Ã¿,only dendrites,Figs 4A-B,Scharfman HE,Dentate hilar cells with dendrites in the molecular layer have lower thresholds for synaptic activation by perforant path than granule cells,Journal of Neuroscience,1991,2045880,1072
CA3,(e),00023,p,DG_0003,CA3c PC,N = 1,N = 1,Figs 5A-C,"Scharfman HE, Myers CE",Hilar mossy cells of the dentate gyrus: a historical perspective,Frontiers in Neural Circuits,2013,23420672,2056
CA3,(e),30000,,,Cajal-Retzius,,animals too young,Fig 4a1,"AnstÂtz M, Cosgrove KE, Hack I, Mugnaini E, Maccaferri G, LÂbke JH","Morphology, input-output relations and synaptic connectivity of Cajal-Retzius cells in layer 1 of the developing neocortex of CXCR4-EGFP mice",Brain Structure and Function,2014,24026287,2055
CA3,(e),22011,,,RGC,N = 3,"N = 3 of 10, so not enough to split off another neuron type",Fig. 1A-B,"Savi_ N, Sciancalepore M","Electrophysiological characterization of ""giant"" cells in stratum radiatum of the CA3 hippocampal region",J Neurophysiol,2001,11353016,2002
CA3,(e),20000,,,Cajal-Retzius,,dendrites only,Fig 1,"Quattrocolo G, Maccaferri G",Optogenetic activation of cajal-retzius cells reveals their glutamatergic output and a novel feedforward circuit in the developing mouse hippocampus,Journal of Neuroscience,2014,25253849,2101
CA3,(i),33020,,,perforant-path-associated cell (CB1+),N = 1,N = 1,Fig 4D_right,"SzabÂ¢ GG, Papp OI, MÂ tÂ Z, SzabÂ¢ G, HÂ jos N",Anatomically heterogeneous populations of CB1 cannabinoid receptor-expressing interneurons in the CA3 region of the hippocampus show homogeneous input-output characteristics,Hippocampus,2014,25044969,2057
CA3,(i),33000,p,DG 1100-CA2 3000,B74a new misc interneuron,N = 1,N = 1,Fig 5A; Table 1,"LasztÂ¢czi B,Ã¿Tukker JJ,Ã¿Somogyi P,Ã¿Klausberger T",Terminal field and firing selectivity of cholecystokinin-expressing interneurons in the hippocampal CA3 area,Journal of Neuroscience,2011,22159120,2058
CA3,(i),32000,p,DG_0200,perforant-path-associated cell (CB1+),N = 1,N = 1,Fig 3D,"SzabÂ¢ GG, Papp OI, MÂ tÂ Z, SzabÂ¢ G, HÂ jos N",Anatomically heterogeneous populations of CB1 cannabinoid receptor-expressing interneurons in the CA3 region of the hippocampus show homogeneous input-output characteristics,Hippocampus,2014,25044969,2059
CA3,(i),32000,,,perforant-path-associated cell (CB1+),N = 1,N = 1,Fig 4D_middle,"SzabÂ¢ GG, Papp OI, MÂ tÂ Z, SzabÂ¢ G, HÂ jos N",Anatomically heterogeneous populations of CB1 cannabinoid receptor-expressing interneurons in the CA3 region of the hippocampus show homogeneous input-output characteristics,Hippocampus,2014,25044969,2060
CA3,(i),30000,,,SLM cell,N = 1,N = 1,Fig. 8H,"Tricoire L, Pelkey KA, Erkkila BE, Jeffries BW, Yuan X, McBain CJ",A blueprint for the spatiotemporal origins of mouse hippocampal interneuron diversity,J Neurosci,2011,21795545,2033
CA3,(i),23333,,,B35b matches suspended TriC rad,N = 1,Ã¿N = 1,Fig 6A; Table 1,"LasztÂ¢czi B,Ã¿Tukker JJ,Ã¿Somogyi P,Ã¿Klausberger T",Terminal field and firing selectivity of cholecystokinin-expressing interneurons in the hippocampal CA3 area,Journal of Neuroscience,2011,22159120,2024
CA3,(i),23333,,,radial trilaminar,,only evidence is a schematic and a mention in a table,"Fig . 17 top, Tab. 4","Freund TF, BuzsÂ ki G",Interneurons of the hippocampus,Hippocampus,1996,8915675,2024
CA3,(i),23300,,,new misc interneuron,N = 1,Ã¿N = 1,Fig 3 SPA#1,"Allene C,Ã¿Picardo MA,Ã¿Becq H,Ã¿Miyoshi G,Ã¿Fishell G,Ã¿Cossart R",Dynamic changes in interneuron morphophysiological properties mark the maturation of hippocampal network activity,Journal of Neuroscience,2012,22573691,2061
CA3,(i),23100,,,ACA cell,N = 1,N = 1,Fig. 8E,"Tricoire L, Pelkey KA, Erkkila BE, Jeffries BW, Yuan X, McBain CJ",A blueprint for the spatiotemporal origins of mouse hippocampal interneuron diversity,J Neurosci,2011,21795545,2034
CA3,(i),23000,p,DG 1100-CA2 2300,J45a new misc interneuron,N = 1,Ã¿N = 1,Fig 4A; Table 1,"LasztÂ¢czi B,Ã¿Tukker JJ,Ã¿Somogyi P,Ã¿Klausberger T",Terminal field and firing selectivity of cholecystokinin-expressing interneurons in the hippocampal CA3 area,Journal of Neuroscience,2011,22159120,2062
CA3,(i),22232,p,CA2_0010-CA1_0010,BC,N = 1,Ã¿N = 1,Fig 6A,"GulyÂ s AI, Miles R, HÂ jos N, Freund TF",Precision and variability in postsynaptic target selection of inhibitory cells in the hippocampal CA3 region,European Journal of Neuroscience,1993,8124523,2063
CA3,(i),22200,,,New misc interneuron,N = 1Ã¿,dendrites only,Fig 3 SPA#2,"Allene C,Ã¿Picardo MA,Ã¿Becq H,Ã¿Miyoshi G,Ã¿Fishell G,Ã¿Cossart R",Dynamic changes in interneuron morphophysiological properties mark the maturation of hippocampal network activity,Journal of Neuroscience,2012,22573691,2103
CA3,(i),21113,,,new misc interneuron,N = 1,Ã¿N = 1,Fig 3 SPA#3,"Allene C,Ã¿Picardo MA,Ã¿Becq H,Ã¿Miyoshi G,Ã¿Fishell G,Ã¿Cossart R",Dynamic changes in interneuron morphophysiological properties mark the maturation of hippocampal network activity,Journal of Neuroscience,2012,22573691,2064
CA3,(i),20232,,,chandelier,N = 1,Ã¿N = 1,Fig 3,"MartÂ¡nez A, LÂbke J, Del RÂ¡o JA, Soriano E, Frotscher M",Regional variability and postsynaptic targets of chandelier cells in the hippocampal formation of the rat,J Comp Neurol,1996,8946282,2065
CA3,(i),13333,,,new misc interneuron,N = 1,Ã¿N = 1,Fig 3 SPA#6,"Allene C,Ã¿Picardo MA,Ã¿Becq H,Ã¿Miyoshi G,Ã¿Fishell G,Ã¿Cossart R",Dynamic changes in interneuron morphophysiological properties mark the maturation of hippocampal network activity,Journal of Neuroscience,2012,22573691,2066
CA3,(i),13222,,,dendritic-layer-innervating (CB1+),N = 1,N = 1,Fig 4C_middle,"SzabÂ¢ GG, Papp OI, MÂ tÂ Z, SzabÂ¢ G, HÂ jos N",Anatomically heterogeneous populations of CB1 cannabinoid receptor-expressing interneurons in the CA3 region of the hippocampus show homogeneous input-output characteristics,Hippocampus,2014,25044969,2067
CA3,(i),13200,,,new misc interneuron,N = 1,Ã¿N = 1,Fig 3 GDP#2,"Allene C,Ã¿Picardo MA,Ã¿Becq H,Ã¿Miyoshi G,Ã¿Fishell G,Ã¿Cossart R",Dynamic changes in interneuron morphophysiological properties mark the maturation of hippocampal network activity,Journal of Neuroscience,2012,22573691,2068
CA3,(i),13001,p,DG_1001,dendritic-layer-innervating (CB1+),N = 1,N = 1,Fig 4C_right,"SzabÂ¢ GG, Papp OI, MÂ tÂ Z, SzabÂ¢ G, HÂ jos N",Anatomically heterogeneous populations of CB1 cannabinoid receptor-expressing interneurons in the CA3 region of the hippocampus show homogeneous input-output characteristics,Hippocampus,2014,25044969,2069
CA3,(i),13000,,,perforant-path-associated cell (CB1+),N = 1,N = 1,Fig 4D_left,"SzabÂ¢ GG, Papp OI, MÂ tÂ Z, SzabÂ¢ G, HÂ jos N",Anatomically heterogeneous populations of CB1 cannabinoid receptor-expressing interneurons in the CA3 region of the hippocampus show homogeneous input-output characteristics,Hippocampus,2014,25044969,2070
CA3,(i),11112,,,new misc interneuron,N = 1,Ã¿N = 1,Fig 3 GDP#7,"Allene C,Ã¿Picardo MA,Ã¿Becq H,Ã¿Miyoshi G,Ã¿Fishell G,Ã¿Cossart R",Dynamic changes in interneuron morphophysiological properties mark the maturation of hippocampal network activity,Journal of Neuroscience,2012,22573691,2071
CA3,(i),03333,p,DG_0113,mossy-fiber-associated cell (CB1+),N = 1,N = 1,Fig 4B_right,"SzabÂ¢ GG, Papp OI, MÂ tÂ Z, SzabÂ¢ G, HÂ jos N",Anatomically heterogeneous populations of CB1 cannabinoid receptor-expressing interneurons in the CA3 region of the hippocampus show homogeneous input-output characteristics,Hippocampus,2014,25044969,2072
CA3,(i),03333,p,CA1_0110-SUB_010,DP cell,N = 1,Ã¿N = 1,"Tab. 1, 3","Jinno S, Klausberger T, Marton LF, Dalezios Y, Roberts JD, Fuentealba P, Bushong EA, Henze D, BuzsÂ ki G, Somogyi P",Neuronal diversity in GABAergic long-range projections from the hippocampus,J Neurosci,2007,17699661,2025
CA3,(i),03330,p,DG_0010,fast-spiking basket,N = 1,Ã¿N = 1,Fig 2C,"Szabadics J, Soltesz I",Functional specificity of mossy fiber innervation of GABAergic cells in the hippocampus,Journal of Neuroscience,2009,19339618,2073
CA3,(i),03330,p,DG_0001,mossy-fiber-associated cell (CB1+),N = 1,N = 1,Fig 3B,"SzabÂ¢ GG, Papp OI, MÂ tÂ Z, SzabÂ¢ G, HÂ jos N",Anatomically heterogeneous populations of CB1 cannabinoid receptor-expressing interneurons in the CA3 region of the hippocampus show homogeneous input-output characteristics,Hippocampus,2014,25044969,2074
CA3,(i),03330,,,SR-selective non-PC,N = 1,Ã¿N = 1,Fig 11B,"GulyÂ s AI, Miles R, HÂ jos N, Freund TF",Precision and variability in postsynaptic target selection of inhibitory cells in the hippocampal CA3 region,European Journal of Neuroscience,1993,8124523,2075
CA3,(i),03322,,,Radiatum cell,N = 1,N = 1,"Fig. 2A, Radiatum cell","HÂ jos N1, KarlÂ¢cai MR, NÂmeth B, Ulbert I, Monyer H, SzabÂ¢ G, ErdÂlyi F, Freund TF, GulyÂ s AI",Input-output features of anatomically identified CA3 neurons during hippocampal sharp wave/ripple oscillation in vitro,Journal of Neuroscience,2013,23843535,2076
CA3,(i),03320,p,DG_1100,dendritic-layer-innervating cell (CB1+),N = 1,N = 1,Fig 3C,"SzabÂ¢ GG, Papp OI, MÂ tÂ Z, SzabÂ¢ G, HÂ jos N",Anatomically heterogeneous populations of CB1 cannabinoid receptor-expressing interneurons in the CA3 region of the hippocampus show homogeneous input-output characteristics,Hippocampus,2014,25044969,2077
CA3,(i),03320,,,new misc interneuron,N = 1,Ã¿N = 1,Fig 3 GDP#1,"Allene C,Ã¿Picardo MA,Ã¿Becq H,Ã¿Miyoshi G,Ã¿Fishell G,Ã¿Cossart R",Dynamic changes in interneuron morphophysiological properties mark the maturation of hippocampal network activity,Journal of Neuroscience,2012,22573691,2078
CA3,(i),03223,,,bistratified,N = 1,Ã¿N = 1,Fig 4E,"Freund TF, BuzsÂ ki G",Interneurons of the hippocampus,Hippocampus,1996,8915675,2079
CA3,(i),03222,p,DG_0001,dendritic-layer-innervating (CB1+),N = 1,N = 1,Fig 4C_left,"SzabÂ¢ GG, Papp OI, MÂ tÂ Z, SzabÂ¢ G, HÂ jos N",Anatomically heterogeneous populations of CB1 cannabinoid receptor-expressing interneurons in the CA3 region of the hippocampus show homogeneous input-output characteristics,Hippocampus,2014,25044969,2080
CA3,(i),03221,,,new ivy,N = 1,N = 1,Fig 1B,"Armstrong C, Krook-Magnuson E, Soltesz I",Neurogliaform and Ivy cells: A major family of nNOS expressing GABAergic neurons,Front Neuro Cir,2012,22623913,2081
CA3,(i),03220,,,Stratum radiatum selective non-pyramidal cell,N = 1,N = 1; lack of SLM layer line,Fig11B,"GulyÂ s AI, Miles R, HÂ jos N, Freund TF",Precision and variability in postsynaptic target selection of inhibitory cells in the hippocampal CA3 region,Eur J Neurosci,1993,8124523,2111
CA3,(i),03000,p,DG_2001,VIP-positive neuron,N = 1,N = 1,Fig 2_cell#4,"Hajos N, Acsady L, Freund TF",Target selectivity and neurochemical characteristics of VIP-immunoreactive interneurons in the rat dentate gyrus,Eur J Neurosci,1996,8758949,2031
CA3,(i),03000,,,SR IS-3,N = 1,N = 1,Fig. 2 Cell#4,"Hajos N, Acsady L, Freund TF",Target selectivity and neurochemical characteristics of VIP-immunoreactive interneurons in the rat dentate gyrus,European Journal of Neuroscience,1996,8758949,2082
CA3,(i),02333,,,mossy-fiber-associated cell (CB1+),N = 1,N = 1,Fig 4B_middle,"SzabÂ¢ GG, Papp OI, MÂ tÂ Z, SzabÂ¢ G, HÂ jos N",Anatomically heterogeneous populations of CB1 cannabinoid receptor-expressing interneurons in the CA3 region of the hippocampus show homogeneous input-output characteristics,Hippocampus,2014,25044969,2083
CA3,(i),02332,,,new RSBC,N > 1,SLM not labeled,Fig 1B RSBC,"SzabÂ¢ GG,Ã¿HolderithÃ¿N,Ã¿GulyÂ s AI,Ã¿Freund TF,Ã¿HÂ jos N",Distinct synaptic properties of perisomatic inhibitory cell types and their different modulation by cholinergic receptor activation in the CA3 region of the mouse hippocampus,European Journal of Neuroscience,2010,20529124,2084
CA3,(i),02322,,,mossy-fiber-associated cell (CB1+),N = 1,N = 1,Fig 4B_left,"SzabÂ¢ GG, Papp OI, MÂ tÂ Z, SzabÂ¢ G, HÂ jos N",Anatomically heterogeneous populations of CB1 cannabinoid receptor-expressing interneurons in the CA3 region of the hippocampus show homogeneous input-output characteristics,Hippocampus,2014,25044969,2085
CA3,(i),02320,,,MFA-3,N = 1,N = 1,Fig. 8C,"Tricoire L, Pelkey KA, Erkkila BE, Jeffries BW, Yuan X, McBain CJ",A blueprint for the spatiotemporal origins of mouse hippocampal interneuron diversity,J Neurosci,2011,21795545,2037
CA3,(i),02310,,,Basket (CB1+),N = 1,N = 1,Fig 4A_left,"SzabÂ¢ GG, Papp OI, MÂ tÂ Z, SzabÂ¢ G, HÂ jos N",Anatomically heterogeneous populations of CB1 cannabinoid receptor-expressing interneurons in the CA3 region of the hippocampus show homogeneous input-output characteristics,Hippocampus,2014,25044969,2086
CA3,(i),02230,,,fast-spiking basket,N = 1,SR-SLM boundary is missing; N = 1,Fig 2A,"Szabadics J, Soltesz I",Functional specificity of mossy fiber innervation of GABAergic cells in the hippocampus,Journal of Neuroscience,2009,19339618,2088
CA3,(i),02230,,,new misc interneuron,N = 1,P1-P7; N = 1,Fig 3 SPA#9,"Allene C,Ã¿Picardo MA,Ã¿Becq H,Ã¿Miyoshi G,Ã¿Fishell G,Ã¿Cossart R",Dynamic changes in interneuron morphophysiological properties mark the maturation of hippocampal network activity,Journal of Neuroscience,2012,22573691,2089
CA3,(i),02220,,,new misc interneuron,,dendrites only,Fig 3 SPA#4,"Allene C,Ã¿Picardo MA,Ã¿Becq H,Ã¿Miyoshi G,Ã¿Fishell G,Ã¿Cossart R",Dynamic changes in interneuron morphophysiological properties mark the maturation of hippocampal network activity,Journal of Neuroscience,2012,22573691,2104
CA3,(i),02220,,,new misc interneuron,,dendrites only,Fig 3 GDP#4,"Allene C,Ã¿Picardo MA,Ã¿Becq H,Ã¿Miyoshi G,Ã¿Fishell G,Ã¿Cossart R",Dynamic changes in interneuron morphophysiological properties mark the maturation of hippocampal network activity,Journal of Neuroscience,2012,22573691,2104
CA3,(i),02200,,,RL CB cell,,Dendrites only,Fig. 3B N4 N5,"TÂ¢th K, Freund TF",Calbindin D28k-containing nonpyramidal cells in the rat hippocampus: their immunoreactivity for GABA and projection to the medial septum,Neuroscience,1992,1279455,2018
CA3,(i),02030,,,RSBC (CCK+),N = 1,N = 1,Fig. 4B,"Szabadics J, Varga C, Brunner J, Chen K, Soltesz I",Granule cells in the CA3 area,J Neurosci,2010,20554881,2041
CA3,(i),02013,,,new misc interneuron,N = 1,Ã¿N = 1,Fig 3 GDP#3,"Allene C,Ã¿Picardo MA,Ã¿Becq H,Ã¿Miyoshi G,Ã¿Fishell G,Ã¿Cossart R",Dynamic changes in interneuron morphophysiological properties mark the maturation of hippocampal network activity,Journal of Neuroscience,2012,22573691,2090
CA3,(i),02012,,,new FSBC,N > 1,SLM not labeled,Fig 1B FSBC,"SzabÂ¢ GG,Ã¿HolderithÃ¿N,Ã¿GulyÂ s AI,Ã¿Freund TF,Ã¿HÂ jos N",Distinct synaptic properties of perisomatic inhibitory cell types and their different modulation by cholinergic receptor activation in the CA3 region of the mouse hippocampus,European Journal of Neuroscience,2010,20529124,2091
CA3,(i),01330,,,new,N = 1,Ã¿N = 1,Fig 1D,"MartÂ¡nez A,Ã¿Ruiz M,Ã¿SorianoÃ¿E","Spiny calretinin-immunoreactive neurons in the hilus and CA3 region of the rat hippocampus: local axon circuits, synaptic connections, and glutamic acid decarboxylase 65/67 mRNA expression",Journal of Comparative Neurology,1999,9987989,2092
CA3,(i),01113,p,DG_0003,trilaminar interneuron,N = 1,Ã¿N = 1,Fig 7A,"Sik A, Penttonen M, BuzsÂ ki G",Interneurons in the hippocampal dentate gyrus: an in vivo intracellular study,European Journal of Neuroscience,1997,9104599,2093
CA3,(i),01003,,,oriens-radiatum,N = 1,Ã¿N = 1,Fig 2A,"HÂ jos N,Ã¿KarlÂ¢cai MR,Ã¿NÂmeth B,Ã¿Ulbert I,Ã¿Monyer H,Ã¿SzabÂ¢ G,Ã¿ErdÂlyi F,Ã¿Freund TF,Ã¿GulyÂ s AI",Input-output features of anatomically identified CA3 neurons during hippocampal sharp wave/ripple oscillation in vitro,J Neurosci,2013,23843535,2094
CA3,(i),00300,,,Stratum lucidum interneuron,N = 1,N = 1,Fig 4C_#5,"TÂ¢th K, McBain CJ",Afferent-specific innervation of two distinct AMPA receptor subtypes on single hippocampal interneurons,Nature Neuroscience,1998,10196564,2110
CA3,(i),00210,,,new,N = 1,Ã¿N = 1,Fig 1E,"MartÂ¡nez A,Ã¿Ruiz M,Ã¿SorianoÃ¿E","Spiny calretinin-immunoreactive neurons in the hilus and CA3 region of the rat hippocampus: local axon circuits, synaptic connections, and glutamic acid decarboxylase 65/67 mRNA expression",Journal of Comparative Neurology,1999,9987989,2095
CA3,(i),00201,,,new,N = 1,Ã¿N = 1,Fig 1C,"MartÂ¡nez A,Ã¿Ruiz M,Ã¿SorianoÃ¿E","Spiny calretinin-immunoreactive neurons in the hilus and CA3 region of the rat hippocampus: local axon circuits, synaptic connections, and glutamic acid decarboxylase 65/67 mRNA expression",Journal of Comparative Neurology,1999,9987989,2096
CA3,(i),00200,,,SLC,N = 1,Ã¿N = 1,Fig. 4A,"Szabadics J, Varga C, Brunner J, Chen K, Soltesz I",Granule cells in the CA3 area,J Neurosci,2010,20554881,2109
CA3,(i),00122,,,new,N = 1,Ã¿N = 1,Fig 3 SPA#8,"Allene C,Ã¿Picardo MA,Ã¿Becq H,Ã¿Miyoshi G,Ã¿Fishell G,Ã¿Cossart R",Dynamic changes in interneuron morphophysiological properties mark the maturation of hippocampal network activity,Journal of Neuroscience,2012,22573691,2097
CA3,(i),00113,,,new misc interneuron,N = 1,Ã¿N = 1,Fig 3 SPA#7,"Allene C,Ã¿Picardo MA,Ã¿Becq H,Ã¿Miyoshi G,Ã¿Fishell G,Ã¿Cossart R",Dynamic changes in interneuron morphophysiological properties mark the maturation of hippocampal network activity,Journal of Neuroscience,2012,22573691,2098
CA3,(i),00022,,,new misc interneuron,,dendrites only,Fig 3 SPA#5,"Allene C,Ã¿Picardo MA,Ã¿Becq H,Ã¿Miyoshi G,Ã¿Fishell G,Ã¿Cossart R",Dynamic changes in interneuron morphophysiological properties mark the maturation of hippocampal network activity,Journal of Neuroscience,2012,22573691,2105
CA3,(i),00020,,,new misc interneuron,,dendrites only,Fig 3 GDP#8,"Allene C,Ã¿Picardo MA,Ã¿Becq H,Ã¿Miyoshi G,Ã¿Fishell G,Ã¿Cossart R",Dynamic changes in interneuron morphophysiological properties mark the maturation of hippocampal network activity,Journal of Neuroscience,2012,22573691,2106
CA3,(i),00013,,,axons mainly in oriens (CB1+),N = 1,N = 1,Fig 4E_right,"SzabÂ¢ GG, Papp OI, MÂ tÂ Z, SzabÂ¢ G, HÂ jos N",Anatomically heterogeneous populations of CB1 cannabinoid receptor-expressing interneurons in the CA3 region of the hippocampus show homogeneous input-output characteristics,Hippocampus,2014,25044969,2099
CA3,(i),00012,,,Axo-axonic,N = 1,Ã¿N = 1,Fig 1D,"GulyÂ s AI, Miles R, HÂ jos N, Freund TF",Precision and variability in postsynaptic target selection of inhibitory cells in the hippocampal CA3 region,European Journal of Neuroscience,1993,8124523,2100
CA3,(i),00010,p,DG_2222,new oddball AA,N = 1,N = 1,"Fig 2B, axons in Figs 3C-F","BuhlÃ¿EH,Ã¿HanÃ¿ZS,Ã¿LÂrinczi Z,Ã¿Stezhka VV,Ã¿Karnup SV,Ã¿Somogyi P",Physiological properties of anatomically identified axo-axonic cells in the rat hippocampus,Journal of Neurophysiology,1994,8035215,2108
CA3,(i),00002,,,new misc interneuron,,dendrites only,Fig 3 GDP#9,"Allene C,Ã¿Picardo MA,Ã¿Becq H,Ã¿Miyoshi G,Ã¿Fishell G,Ã¿Cossart R",Dynamic changes in interneuron morphophysiological properties mark the maturation of hippocampal network activity,Journal of Neuroscience,2012,22573691,2107
CA2,(e),3000,,,Cajal-Retzius,,animals too young,Fig 4a1,"AnstÂtz M, Cosgrove KE, Hack I, Mugnaini E, Maccaferri G, LÂbke JH","Morphology, input-output relations and synaptic connectivity of Cajal-Retzius cells in layer 1 of the developing neocortex of CXCR4-EGFP mice",Brain Structure and Function,2014,24026287,3009
CA2,(e),2000,,,Cajal-Retzius,,dendrites only,Fig 1,"Quattrocolo G, Maccaferri G",Optogenetic activation of cajal-retzius cells reveals their glutamatergic output and a novel feedforward circuit in the developing mouse hippocampus,Journal of Neuroscience,2014,25253849,3018
CA2,(i),0333,p,CA3_0300-CA1_0100,new wide BiC,N = 1,N = 1,Fig 2C1,"Mercer A,Ã¿Botcher NA,Ã¿Eastlake K,Ã¿ThomsonÃ¿AM",SP-SR interneurones: a novel class of neurones of the CA2 region of the hippocampus,Hippocampus,2012,22431345,3010
CA2,(i),0333,p,CA1_0001,new narrow BiC,N = 1,N = 1,Fig 2B1,"Mercer A,Ã¿Botcher NA,Ã¿Eastlake K,Ã¿ThomsonÃ¿AM",SP-SR interneurones: a novel class of neurones of the CA2 region of the hippocampus,Hippocampus,2012,22431345,3011
CA2,(i),0332,,,new SP-SR,N = 1,N = 1,Fig 2A1,"Mercer A,Ã¿Botcher NA,Ã¿Eastlake K,Ã¿ThomsonÃ¿AM",SP-SR interneurones: a novel class of neurones of the CA2 region of the hippocampus,Hippocampus,2012,22431345,3012
CA2,(i),0322,,,new SP-SR,N = 1,N = 1,Fig 1C,"Mercer A,Ã¿Botcher NA,Ã¿Eastlake K,Ã¿ThomsonÃ¿AM",SP-SR interneurones: a novel class of neurones of the CA2 region of the hippocampus,Hippocampus,2012,22431345,3013
CA2,(i),0122,,,new SP-SR,N = 1,N = 1,Fig 1B,"Mercer A,Ã¿Botcher NA,Ã¿Eastlake K,Ã¿ThomsonÃ¿AM",SP-SR interneurones: a novel class of neurones of the CA2 region of the hippocampus,Hippocampus,2012,22431345,3014
CA2,(i),0102,p,DG_0001,NADPH-diaphorase+ cell,N = 1,N = 1,Fig. 1A,"Sik A, Ylinen A, Penttonen M, BuzsÂ ki G",Inhibitory CA1-CA3-hilar region feedback in the hippocampus,Science,1994,8085161,3015
CA2,(i),0003,p,CA3_00001-CA1_0001-Sub_011,O-Bi,N = 1,Ã¿N = 1,Fig 5D,"Losonczy A, Zhang L, Shigemoto R, Somogyi P, Nusser Z",Cell type dependence and variability in the short-term plasticity of EPSCs in identified mouse hippocampal interneurones,Journal of Physiology,2002,12096061,3016
CA1,(i),3301,,,L-H-LRO,N = 1,Schematic only,"Fig 1B, row#1, cell#1","Parra P, GulyÂ s AI, Miles R",How many subtypes of inhibitory cells in the hippocampus?,Neuron,1998,9620702,4108
CA1,(i),3300,p,DG_1000,new misc interneuron,N = 1,N = 1,Fig 7B,"McQuistonÃ¿AR,Ã¿MadisonÃ¿DV",Muscarinic receptor activity has multiple effects on the resting membrane potentials of CA1 hippocampal interneurons,Journal of Neuroscience,1999,10407010,4109
CA1,(i),3200,p,CA3_10000,RRP-CA3,N = 1,N = 1,"Tab. 1,2","Jinno S, Klausberger T, Marton LF, Dalezios Y, Roberts JD, Fuentealba P, Bushong EA, Henze D, BuzsÂ ki G, Somogyi P",Neuronal diversity in GABAergic long-range projections from the hippocampus,J Neurosci,2007,17699661,4042
CA1,(i),3200,p,Sub_100,RRP-SUB,N = 1,N = 1,"Fig. 3, Tab. 1,2","Jinno S, Klausberger T, Marton LF, Dalezios Y, Roberts JD, Fuentealba P, Bushong EA, Henze D, BuzsÂ ki G, Somogyi P",Neuronal diversity in GABAergic long-range projections from the hippocampus,J Neurosci,2007,17699661,4043
CA1,(i),3111,,,cholinergic,,no citations present a complete cell,Fig. 7C,"Houser CR, Crawford GD, Barber RP, Salvaterra PM, Vaughn JE",Organization and morphological characteristics of cholinergic neurons: an immunocytochemical study with a monoclonal antibody to choline acetyltransferase,Brain Res,1983,6850348,4007
CA1,(i),3111,,,cholinergic,,no citations present a complete cell,Fig. 2 bottom right,"Levey AI, Wainer BH, Rye DB, Mufson EJ, Mesulam MM",Choline acetyltransferase-immunoreactive neurons intrinsic to rodent cortex and distinction from acetylcholinesterase-positive neurons,Neuroscience,1984,6514183,4007
CA1,(i),3111,,,cholinergic,,no citations present a complete cell,Fig. 1cde,"Frotscher M, LÂrÂ nth C",Cholinergic innervation of the rat hippocampus as revealed by choline acetyltransferase immunocytochemistry: a combined light and electron microscopic study,j Comp Neurol,1985,4044938,4007
CA1,(i),3111,,,cholinergic,,no citations present a complete cell,Fig. 3,"Frotscher M, Schlander M, LÂrÂ nth C",Cholinergic neurons in the hippocampus. A combined light- and electron-microscopic immunocytochemical study in the rat,Cell Tissue Res,1986,3779810,4007
CA1,(i),3111,,,cholinergic,,no citations present a complete cell,Fig. 2B,"Matthews DA, Salvaterra PM, Crawford GD, Houser CR, Vaughn JE",An immunocytochemical study of choline acetyltransferase-containing neurons and axon terminals in normal and partially deafferented hippocampal formation,Brain Res,1987,3548884,4007
CA1,(i),3111,,,cholinergic,,no citations present a complete cell,Fig. 2CD,"Blaker SN, Armstrong DM, Gage FH",Cholinergic neurons within the rat hippocampus: response to fimbria-fornix transection,J Comp Neurol,1988,3385020,4007
CA1,(i),3111,,,cholinergic,,no citations present a complete cell,,"GulyÂ s AI, AcsÂ dy L, Freund TF",Structural basis of the cholinergic and serotonergic modulation of GABAergic neurons in the hippocampus,Neurochem Int,1999,10397363,4007
CA1,(i),3111,,,cholinergic,,no citations present a complete cell,,"Freund TF, BuzsÂ ki G",Interneurons of the hippocampus,Hippocampus,1996,8915675,4007
CA1,(i),3111,,,cholinergic,,no citations present a complete cell,Fig. 1,"Klausberger T, Somogyi P",Neuronal diversity and temporal dynamics: the unity of hippocampal circuit operations,Science,2008,18599766,4007
CA1,(i),3111,,,cholinergic,,no citations present a complete cell,Fig. 15-2,Somogyi P,Hippocampus: Instrinsic Organization,Handbook of Brain Microcircuits,2010,978-0195389883,4007
CA1,(i),3100,p,DG_0110,RADI,N = 1,N = 1,Fig. 8AB,"Fuentealba P, Klausberger T, Karayannis T, Suen WY, Huck J, Tomioka R, Rockland K, Capogna M, Studer M, Morales M, Somogyi P",Expression of COUP-TFII nuclear receptor in restricted GABAergic neuronal populations in the adult rat hippocampus,J Neurosci,2010,20130170,4008
CA1,(i),3100,,,CB-PPA,,weak to non-existent axonal evidence,,"Baimbridge KG, Miller JJ","Immunohistochemical localization of calcium-binding protein in the cerebellum, hippocampal formation and olfactory bulb of the rat",Brain Res,1982,6751467,4064
CA1,(i),3100,,,CB-PPA,,weak to non-existent axonal evidence,Fig. 3B,Sloviter RS,Calcium-binding protein (calbindin-D28k) and parvalbumin immunocytochemistry: localization in the rat hippocampus with specific reference to the selective vulnerability of hippocampal neurons to seizure activity,J Comp Neurol,1989,2925892,4064
CA1,(i),3100,,,CB-PPA,,weak to non-existent axonal evidence,,Celio MR,Calbindin D-28k and parvalbumin in the rat nervous system,Neuroscience,1990,2199841,4064
CA1,(i),3100,,,CB-PPA,,weak to non-existent axonal evidence,Fig. 3A N9,"TÂ¢th K, Freund TF",Calbindin D28k-containing nonpyramidal cells in the rat hippocampus: their immunoreactivity for GABA and projection to the medial septum,Neuroscience,1992,1279455,4064
CA1,(i),3100,,,CB-PPA,,weak to non-existent axonal evidence,"Fig. 12E, 13, Tab. 1","Pawelzik H, Hughes DI, Thomson AM",Physiological and morphological diversity of immunocytochemically defined parvalbumin- and cholecystokinin-positive interneurones in CA1 of the adult rat hippocampus,J Comp Neurol,2002,11807843,4064
CA1,(i),2333,,,large calbindin,,schematic only,Fig. 1,"Klausberger T, Somogyi P",Neuronal diversity and temporal dynamics: the unity of hippocampal circuit operations,Science,2008,18599766,4014
CA1,(i),2333,,,IS3,N = 1,N = 1,Fig 2B,"Tyan L, Chamberland S, Magnin E, CamirÂ O, Francavilla R, David LS, Deisseroth K, Topolnik L",Dendritic inhibition provided by interneuron-specific cells controls the firing rate and timing of the hippocampal feedback inhibitory circuitry,J Neurosci,2014,24671999,4110
CA1,(i),2323,,,ivy,N = 1,N = 1,Fig 2b,"Lapray D, Lasztoczi B, Lagler M, Viney TJ, Katona L, Valenti O, Hartwich K, Borhegyi Z, Somogyi P, Klausberger T",Behavior-dependent specialization of identified hippocampal interneurons,Nat Neurosci,2012,22864613,4111
CA1,(i),2320,,,new misc interneuron,N = 1,N = 1,Fig 1A,"Cea-del RioÃ¿CA,Ã¿McBain CJ,Ã¿PelkeyÃ¿KA",An update on cholinergic regulation of cholecystokinin-expressing basket cells,Journal of Physiology,2012,22199168,4112
CA1,(i),2302,,,R-V-R,N = 1,Schematic only,"Fig 1B, row#2, cell#3","Parra P1, GulyÂ s AI, Miles R",How many subtypes of inhibitory cells in the hippocampus?,Neuron,1998,9620702,4113
CA1,(i),2302,,,SR-targeting IS-1a,N = 1,N = 1,Fig. 3 Cell#1,"AcsÂ dy L, Arabadzisz D, Freund TF",Correlated morphological and neurochemical features identify different subsets of vasoactive intestinal polypeptide-immunoreactive interneurons in rat hippocampus,Neuroscience,1996,8783251,4044
CA1,(i),2301,,,R-S-RO,N = 1,Schematic only,"Fig 1a, row#3 cell#1","Parra P1, GulyÂ s AI, Miles R",How many subtypes of inhibitory cells in the hippocampus?,Neuron,1998,9620702,4114
CA1,(i),2223,,,radiatum interneuron,N = 1,N = 1,Fig 2C,"Chamberland S, Salesse C, Topolnik D, Topolnik L",Synapse-specific inhibitory control of hippocampal feedback inhibitory circuit,Front Cell Neurosci,2010,21060720,4115
CA1,(i),2211,,,CB1R- basket,N = 1,N = 1,Fig S1a 050127016,"Glickfeld LL, Scanziani M",Distinct timing in the activity of cannabinoid-sensitive and cannabinoid-insensitive basket cells,Nature Neuroscience,2006,16648849,4147
CA1,(i),2112,,,new BC,N = 1,N = 1,Fig 7AB,"Fuentealba P, Klausberger T, Karayannis T, Suen WY, Huck J, Tomioka R, Rockland K, Capogna M, Studer M, Morales M, Somogyi P",Expression of COUP-TFII nuclear receptor in restricted GABAergic neuronal populations in the adult rat hippocampus,Journal of Neuroscience,2010,20130170,4116
CA1,(i),2112,,,is Fuentealba 2010 Fig 1#2,N = 1,N = 1,Fig 1#2,CapognaÃ¿M,Neurogliaform cells and other interneurons of stratum lacunosum-moleculare gate entorhinal-hippocampal dialogue,Journal of Physiology,2011,21135049,4116
CA1,(i),2111,,,trilaminar IS-1,N = 1,N = 1,Fig. 3 Cell#2,"AcsÂ dy L, Arabadzisz D, Freund TF",Correlated morphological and neurochemical features identify different subsets of vasoactive intestinal polypeptide-immunoreactive interneurons in rat hippocampus,Neuroscience,1996,8783251,4046
CA1,(i),2100,,,LM-SCA,N = 1,N = 1,Fig 1A,Ali AB,CB1 modulation of temporally distinct synaptic facilitation among local circuit interneurons mediated by N-type calcium channels in CA1,J Neurophysiol,2011,21123660,4117
CA1,(i),2003,,,radiatum interneuron,N = 1,N = 1,Fig 1E,"Chamberland S, Salesse C, Topolnik D, Topolnik L",Synapse-specific inhibitory control of hippocampal feedback inhibitory circuit,Front Cell Neurosci,2010,21060720,4118
CA1,(i),2001,,,VIP+ interneuron,N = 1,N = 1,Fig 2C,"Chamberland S, Topolnik L",Inhibitory control of hippocampal inhibitory neurons,Front Neurosci,2012,23162426,4119
CA1,(i),1333,p,CA3_11111,backprojection interneuron,N = 1,N = 1,Fig 9A,"Sik A, Penttonen M, Ylinen A, BuzsÂ ki G",Hippocampal CA1 interneurons: an in vivo intracellular labeling study,Journal of Neuroscience,1995,7472426,4120
CA1,(i),1323,p,DG_1000,PPA CCK+,N = 1,N = 1,Fig 4AB,"Klausberger T, Marton LF, O'Neill J, Huck JH, Dalezios Y, Fuentealba P, Suen WY, Papp E, Kaneko T, Watanabe M, Csicsvari J, Somogyi P",Complementary roles of cholecystokinin- and parvalbumin-expressing GABAergic neurons in hippocampal network oscillations,Journal of Neuroscience,2005,16237182,4121
CA1,(i),1320,,,radiatum interneuron,N = 1,N = 1,Fig 2D,"Zemankovics R, Veres JM, Oren I, HÂ jos N",Feedforward inhibition underlies the propagation of cholinergically induced gamma oscillations from hippocampal CA3 to CA1,J Neurosci,2013,23884940,4122
CA1,(i),1300,,,L-H-LR,N = 6,Schematic only,Fig 1B,"Parra P, GulyÂ s AI, Miles R.",How many subtypes of inhibitory cells in the hippocampus?,Neuron,1998,9620702,4123
CA1,(i),1300,,,R-S-LR,N = 4,Schematic onlyÃ¿,Fig 1B,"Parra P, GulyÂ s AI, Miles R.",How many subtypes of inhibitory cells in the hippocampus?,Neuron,1998,9620702,4123
CA1,(i),1200,,,R-LM,N = 1,N = 1,Fig 1a_row#2cell#1,"Cossart R, Petanjek Z, Dumitriu D, Hirsch JC, Ben-Ari Y, Esclapez M, Bernard C",Interneurons targeting similar layers receive synaptic inputs with similar kinetics,Hippocampus,2006,16435315,4124
CA1,(i),1112,,,O-LM,N = 1,N = 1,Fig 7A left,"Quattrocolo G, Maccaferri G",Novel GABAergic circuits mediating excitation/inhibition of Cajal-Retzius cells in the developing hippocampus,J Neurosci,2013,23536064,4125
CA1,(i),1103,,,interneuron innervating SR,N = 1,N = 1,Fig 6A,"Svoboda KR, Adams CE, Lupica CR",Opioid receptor subtype expression defines morphologically distinct classes of hippocampal interneurons,J Neurosci,1999,9870941,4126
CA1,(i),1013,,,O-LM,N = 1,N = 1,Fig S3a,"Chittajallu R, Craig MT, McFarland A, Yuan X, Gerfen S, Tricoire L, Erkkila B, Barron SC, Lopez CM, Liang BJ, Jeffries BW, Pelkey KA, McBain CJ",Dual origins of functionally distinct O-LM interneurons revealed by differential 5-HT(3A)R expression,Nat Neurosci,2013,24097043,4127
CA1,(i),1002,p,CA3_10000,O-LM projecting,N = 1,N = 1,"Fig. 5A,C","Svoboda KR, Adams CE, Lupica CR",Opioid receptor subtype expression defines morphologically distinct classes of hippocampal interneurons,J Neurosci,1999,9870941,4077
CA1,(i),0332,,,CB1R- basket,N = 1,N = 1,FigS1a 050126017,"Glickfeld LL, Scanziani M",Distinct timing in the activity of cannabinoid-sensitive and cannabinoid-insensitive basket cells,Nat Neurosci,2006,16648849,4143
CA1,(i),0313,p,Sub_100,Stratum oriens interneuron,N = 1,N = 1,Fig. 2A,"Svoboda KR, Adams CE, Lupica CR",Opioid receptor subtype expression defines morphologically distinct classes of hippocampal interneurons,J Neurosci,1999,9870941,4128
CA1,(i),0313,,,radial trilaminar,N = 1,N = 1,"Fig. 4B, 5B H0414","HÂ jos N, Mody I",Synaptic communication among hippocampal interneurons: properties of spontaneous IPSCs in morphologically identified cells,J Neurosci,1997,9334415,4074
CA1,(i),0311,,,k261091 new misc interneuron,N = 1,N = 1,Fig 1,"Somogyi J, Szabo A, Somogyi P, Lamsa K",Molecular analysis of ivy cells of the hippocampal CA1 stratum radiatum using spectral identification of immunofluorophores,Frontiers in Neural Circuits,2012,22666191,4129
CA1,(i),0310,,,L-H-RP,N = 1,Schematic only,"Fig 1B, row#1, cell#4","Parra P, GulyÂ s AI, Miles R",How many subtypes of inhibitory cells in the hippocampus?,Neuron,1998,9620702,4130
CA1,(i),0303,,,Type I CB-containing interneuron,N = 1,N = 1,Fig 2B_#1,"GulyÂ s AI, Freund TF",Pyramidal cell dendrites are the primary targets of calbindin D28k-immunoreactive interneurons in the hippocampus,Hippocampus,1996,8953305,4141
CA1,(i),0303,,,CaBP-immunoreactive non-pyramidal cell,N =1,Dendrites only,Fig 3A_#3,"TÂ¢th K, Freund TF",Calbindin D28k-containing nonpyramidal cells in the rat hippocampus: their immunoreactivity for GABA and projection to the medial septum,Neuroscience,1992,1279455,4141
CA1,(i),0303,,,IS1,N = 1,N = 1,Fig 6C1,"Tyan L, Chamberland S, Magnin E, CamirÂ O, Francavilla R, David LS, Deisseroth K, Topolnik L",Dendritic inhibition provided by interneuron-specific cells controls the firing rate and timing of the hippocampal feedback inhibitory circuitry,J Neurosci,2014,24671999,4131
CA1,(i),0302,,,c-bistratified,N = 1,N = 1,Fig 4A,"Varga C, Oijala M, Lish J, Szabo GG, Bezaire M, Marchionni I, Golshani P, Soltesz I",Functional fission of parvalbumin interneuron classes during fast network events,Elife,2014,25375253,4132
CA1,(i),0302,,,IS-1a,N = 1,N = 1,Fig. 3 Cell#5,"AcsÂ dy L, Arabadzisz D, Freund TF",Correlated morphological and neurochemical features identify different subsets of vasoactive intestinal polypeptide-immunoreactive interneurons in rat hippocampus,Neuroscience,1996,8783251,4058
CA1,(i),0233,,,O-A-2,Ã¿N = 1,extent of dendrites unclear,Ã¿Fig2AB,"Lacaille JC, Mueller AL, Kunkel DD, Schwartzkroin PA",Local circuit interactions between oriens/alveus interneurons and CA1 pyramidal cells in hippocampal slices: electrophysiology and morphology,J Neurosci,1987,3612227,4051
CA1,(i),0233,,,CB1R+ basket,N = 1,N = 1,FigS1b 040714017,"Glickfeld LL, Scanziani M",Distinct timing in the activity of cannabinoid-sensitive and cannabinoid-insensitive basket cells,Nat Neurosci,2006,16648849,4051
CA1,(i),0233,,,CB1R- basket,N = 1,N = 1,FigS1a 050202004,"Glickfeld LL, Scanziani M",Distinct timing in the activity of cannabinoid-sensitive and cannabinoid-insensitive basket cells,Nat Neurosci,2006,16648849,4051
CA1,(i),0233,,,CB1R+ basket,N = 1,N = 1,FigS1b 050315000,"Glickfeld LL, Scanziani M",Distinct timing in the activity of cannabinoid-sensitive and cannabinoid-insensitive basket cells,Nat Neurosci,2006,16648849,4051
CA1,(i),0232,,,Perisomatic-inhibiting interneuron,N = 1,N = 1; cell type ambiguous,Fig2A right,"Sauer JF, StrÂber M, Bartos M",Interneurons provide circuit-specific depolarization and hyperpolarization,J Neurosci,2012,22442084,4142
CA1,(i),0222,,,O-A-2,Ã¿N = 1,extent of axons unclear,Ã¿Fig1B,"Lacaille JC, Williams S",Membrane properties of interneurons in stratum oriens-alveus of the CA1 region of rat hippocampus in vitro,Neuroscience,1990,2215928,4144
CA1,(i),0213,,,hyperpolarization,N = 1,N = 1,Fig 8H,"Bell LA, Bell KA, McQuiston AR",Synaptic muscarinic response types in hippocampal CA1 interneurons depend on different levels of presynaptic activity and different muscarinic receptor subtypes,Neuropharmacology,2013,23747570,4134
CA1,(i),0210,,,FS CB1R- BC,N = 1,N = 1,Fig4A,"MÂndez P, Pazienti A, SzabÂ¢ G, Bacci A",Direct alteration of a specific inhibitory circuit of the hippocampus by antidepressants,J Neurosci,2012,23175817,4145
CA1,(i),0210,,,BC CCK+,N = 1,N = 1,Fig. 8B,"Tricoire L, Pelkey KA, Erkkila BE, Jeffries BW, Yuan X, McBain CJ",A blueprint for the spatiotemporal origins of mouse hippocampal interneuron diversity,J Neurosci,2011,21795545,4063
CA1,(i),0202,,,bistratified calbindin,N = 1,dendrites only; N = 1,Fig. 3A N3,"TÂ¢th K, Freund TF",Calbindin D28k-containing nonpyramidal cells in the rat hippocampus: their immunoreactivity for GABA and projection to the medial septum,Neuroscience,1992,1279455,4140
CA1,(i),0113,,,O-OPR,N = 1,N = 1,Fig. 1a#4,"Cossart R, Petanjek Z, Dumitriu D, Hirsch JC, Ben-Ari Y, Esclapez M, Bernard C",Interneurons targeting similar layers receive synaptic inputs with similar kinetics,Hippocampus,2006,16435315,4135
CA1,(i),0103,p,CA2_0103-CA3_01003,O-Bi,N = 1,N = 1,Fig 7D,"Losonczy A, Zhang L, Shigemoto R, Somogyi P, Nusser Z",Cell type dependence and variability in the short-term plasticity of EPSCs in identified mouse hippocampal interneurones,Journal of Physiology,2002,12096061,4136
CA1,(i),0013,,,O-H-PO,N = 1,schematic only,Fig 1B_O-H-PO,"Parra P, GulyÂ s AI, Miles R.",How many subtypes of inhibitory cells in the hippocampus?,Neuron,1998,9620702,4137
CA1,(i),0012,p,Sub_111,H-BC,N = 1,N = 1,Fig 6B,"Varga C, Oijala M, Lish J, Szabo GG, Bezaire M, Marchionni I, Golshani P, Soltesz I",Functional fission of parvalbumin interneuron classes during fast network events,Elife,2014,25375253,4138
Sub,(e),030,p,CA1_0101,nNOS+ PC,,nNOS+ terminals found but no direct link to originating cell type,"Fig. 1,2A, Tab. 1","Seress L, AbrahÂ m H, Lin H, Totterdell S",Nitric oxide-containing pyramidal neurons of the subiculum innervate the CA1 area,Exp Brain Res,2002,12373367,5003
Sub,(e),300,,,Cajal-Retzius,,animals too young,Fig 4a1,"AnstÂtz M, Cosgrove KE, Hack I, Mugnaini E, Maccaferri G, LÂbke JH","Morphology, input-output relations and synaptic connectivity of Cajal-Retzius cells in layer 1 of the developing neocortex of CXCR4-EGFP mice",Brain Structure and Function,2014,24026287,5007
Sub,(i),300,,,PV+,,authors only focused on SM,Fig. 2A-B,"Wouterlood FG, Boekel AJ, Aliane V, BeliÂn JA, Uylings HB, Witter MP",Contacts between medial and lateral perforant pathway fibers and parvalbumin expressing neurons in the subiculum of the rat,Neuroscience,2008,18789377,5006
Sub,(i),033,,,PV+,N = 1,N = 1,Fig 4C,"Losonczy A, Zhang L, Shigemoto R, Somogyi P, Nusser Z",Cell type dependence and variability in the short-term plasticity of EPSCs in identified mouse hippocampal interneurones,Journal of Physiology,2002,12096061,5008
LEC,(e),333111,,,LEC LIII spiny pyramidal,N = 1,Schematic only,"Fig 1a, LEC cell#5","Canto CB, Wouterlood FG, Witter MP",What does the anatomical organization of the entorhinal cortex tell us?,Neural Plasticity,2008,18769556,6072
MEC,(e),333111,,,MEC LIII spiny pyramidal,N = 1,Schematic only,"Fig 1a, MEC cell#8","Canto CB, Wouterlood FG, Witter MP",What does the anatomical organization of the entorhinal cortex tell us?,Neural Plasticity,2008,18769556,6072
MEC,(e),333000,,,MEC LII SC,N = 1,N = 1,Fig 6G,"Burgalossi A,Ã¿Herfst L,Ã¿von Heimendahl M,Ã¿FÂrste H,Ã¿Haskic K,Ã¿Schmidt M,Ã¿Brecht M",Microcircuits of functionally identified neurons in the rat medial entorhinal cortex.,Neuron,2011,21609831,6104
MEC,(e),331000,,,MEC LII SC,N = 1,N = 1,Fig 5AB,"Burgalossi A,Ã¿Herfst L,Ã¿von Heimendahl M,Ã¿FÂrste H,Ã¿Haskic K,Ã¿Schmidt M,Ã¿Brecht M",Microcircuits of functionally identified neurons in the rat medial entorhinal cortex.,Neuron,2011,21609831,6105
MEC,(e),310000,,,MEC LI head-direction neuron,N = 1,N = 1,Fig 6A,"Burgalossi A,Ã¿Herfst L,Ã¿von Heimendahl M,Ã¿FÂrste H,Ã¿Haskic K,Ã¿Schmidt M,Ã¿Brecht M",Microcircuits of functionally identified neurons in the rat medial entorhinal cortex.,Neuron,2011,21609831,6106
LEC,(e),233010,,,LEC LII Pyramidal,N = 1,Schematic only,Fig 1a_LEC_#14,"Canto CB, Wouterlood FG, Witter MP",What does the anatomical organization of the entorhinal cortex tell us?,Neural Plasticity,2008,18769556,6097
EC,(e),232000,,,aspinous LII multipolar neuron,N = 1,N = 1,Fig 7ABC,"Tamamaki N, Nojyo Y",Projection of the entorhinal layer II neurons in the rat as revealed by intracellular pressure-injection of neurobiotin,Hippocampus,1993,8269038,6098
MEC,(e),220000,,,MEC LII SC,N = 1,dendrites only; N = 1,"Fig 7A,C","van der Linden S, Lopes da Silva FH",Comparison of the electrophysiology and morphology of layers III and II neurons of the rat medial entorhinal cortex in vitro,European Journal of Neuroscience,1998,9749802,6099
MEC,(e),213000,,,MEC LIII PC,N = 1,N = 1,Fig 3F,"Burgalossi A,Ã¿Herfst L,Ã¿von Heimendahl M,Ã¿FÂrste H,Ã¿Haskic K,Ã¿Schmidt M,Ã¿Brecht M",Microcircuits of functionally identified neurons in the rat medial entorhinal cortex.,Neuron,2011,21609831,6100
MEC,(e),202200,,,small multipolar (CR+),N = 1,dendrites only,Fig 4Ca,"Wouterlood FG, van Denderen JC, van Haeften T, Witter MP","Calretinin in the entorhinal cortex of the rat: distribution, morphology, ultrastructure of neurons, and co-localization with gamma-aminobutyric acid and parvalbumin",Journal of Comparative Neurology,2000,10954838,6046
LEC,(e),200000,,,small spherical multipolar (CR+),N = 1,dendrites only,Fig 4B,"Wouterlood FG, van Denderen JC, van Haeften T, Witter MP","Calretinin in the entorhinal cortex of the rat: distribution, morphology, ultrastructure of neurons, and co-localization with gamma-aminobutyric acid and parvalbumin",Journal of Comparative Neurology,2000,10954838,6107
MEC,(e),113310,,,MPN 2 III,N = 1,N = 1,Fig 9A_n3,"Canto CB, Witter MP",Cellular properties of principal neurons in the rat entorhinal cortex. II. The medial entorhinal cortex,Hippocampus,2012,22161956,6026
LEC,(e),022200,,,large multipolar (CR+),N = 1,dendrites only,Fig 4Cb,"Wouterlood FG, van Denderen JC, van Haeften T, Witter MP","Calretinin in the entorhinal cortex of the rat: distribution, morphology, ultrastructure of neurons, and co-localization with gamma-aminobutyric acid and parvalbumin",Journal of Comparative Neurology,2000,10954838,6029
LEC,(e),002331,,,Globular neuron,N = 1,Schematic only,Fig 2b_LEC_#2,"Canto CB, Wouterlood FG, Witter MP",What does the anatomical organization of the entorhinal cortex tell us?,Neural Plasticity,2008,18769556,6050
MEC,(e),002331,,,Globular neuron,N = 1,Schematic only,Fig 2b_MEC_#6,"Canto CB, Wouterlood FG, Witter MP",What does the anatomical organization of the entorhinal cortex tell us?,Neural Plasticity,2008,18769556,6050
MEC,(e),002222,,,MEC MPN LV,N = 1,Dendrites only,Fig 9D,"Hamam BN, Kennedy TE, Alonso A, Amaral DG",Morphological and electrophysiological characteristics of layer V neurons of the rat medial entorhinal cortex,Journal of Comparative Neurology,2000,10713573,6077
LEC,(e),002222,,,LEC MPN LV,N = 2,Dendrites only,"Fig 1A_right, Fig 8B","Hamam BN1, Amaral DG, Alonso AA",Morphological and electrophysiological characteristics of layer V neurons of the rat lateral entorhinal cortex,Journal of Comparative Neurology,2002,12209840,6077
LEC,(e),002200,,,large multipolar (CR+),N = 1,dendrites only,Fig 4Cc,"Wouterlood FG, van Denderen JC, van Haeften T, Witter MP","Calretinin in the entorhinal cortex of the rat: distribution, morphology, ultrastructure of neurons, and co-localization with gamma-aminobutyric acid and parvalbumin",Journal of Comparative Neurology,2000,10954838,6032
LEC,(e),002000,,,small spherical multipolar (CR+),N = 1,dendrites only,Text description only,"Wouterlood FG, van Denderen JC, van Haeften T, Witter MP","Calretinin in the entorhinal cortex of the rat: distribution, morphology, ultrastructure of neurons, and co-localization with gamma-aminobutyric acid and parvalbumin",Journal of Comparative Neurology,2000,10954838,6051
MEC,(e),000033,,,MEC LVI MPN,N = 1,N = 1,Fig 4F,"Burgalossi A,Ã¿Herfst L,Ã¿von Heimendahl M,Ã¿FÂrste H,Ã¿Haskic K,Ã¿Schmidt M,Ã¿Brecht M",Microcircuits of functionally identified neurons in the rat medial entorhinal cortex.,Neuron,2011,21609831,6101
MEC,(i),333111,,,MEC non-spiny pyramidal,N = 1,Schematic only,"Fig 1a, MEC cell#13","Canto CB, Wouterlood FG, Witter MP",What does the anatomical organization of the entorhinal cortex tell us?,Neural Plasticity,2008,18769556,6108
LEC,(i),223300,,,LEC LIII pyramidal looking interneuron,N = 1,schematic only,Fig 2a_LEC_#4,"Canto CB, Wouterlood FG, Witter MP",What does the anatomical organization of the entorhinal cortex tell us?,Neural Plasticity,2008,18769556,6102
MEC,(i),223300,,,MEC LIII pyramidal looking interneuron,N = 1,schematic only,Fig 2a_MEC_#12,"Canto CB, Wouterlood FG, Witter MP",What does the anatomical organization of the entorhinal cortex tell us?,Neural Plasticity,2008,18769556,6102
EC,(i),222000,,,Type 2 cell,N = 1,Dendrites only,Fig 1B,"Gloveli T, Schmitz D, Empson RM, Dugladze T, Heinemann U",Morphological and electrophysiological characterization of layer III cells of the medial entorhinal cortex of the rat,Neuroscience,1997,9070741,6110
MEC,(i),111021,,,MEC LV horizontal interneuron,N = 1,Axonal evidence is weak,Fig 3,"van Haeften T, Baks-te-Bulte L, Goede PH, Wouterlood FG, Witter MP",Morphological and numerical analysis of synaptic interactions between neurons in deep and superficial layers of the entorhinal cortex of the rat,Hippocampus,2003,14750656,6079
EC,(i),030000,,,EC LII Island Cells,N > 1,Axonal and dendritic evidence is indirect,"Fig 1BM, Fig 2AB, Fig S1A, Fig S5A, Fig S7C","Kitamura T, Pignatelli M, Suh J, Kohara K, Yoshiki A, Abe K, Tonegawa S",Island cells control temporal association memory,Science,2014,24457215,6109
EC,(i),023000,,,EC LII chandelier,N = 1,N = 1,"Fig 2_#3, Fig 2B","Soriano E, Martinez A, Fari_as I, Frotscher M",Chandelier cells in the hippocampal formation of the rat: the entorhinal area and subicular complex,Journal of Comparative Neurology,1993,8276990,6076
MEC,(i),000102,,,MEC LVI multipolar,N = 1,N = 1,Fig 1a_MEC_#12,"Canto CB, Wouterlood FG, Witter MP",What does the anatomical organization of the entorhinal cortex tell us?,Neural Plasticity,2008,18769556,6013